X,Y,Yaw
0,1,-1.53817
0.001,0.9693635,-1.538167107
0.002,0.939033365,-1.537837757
0.003,0.909010218,-1.537501001
0.004,0.879294209,-1.537157127
0.005,0.849885027,-1.536806437
0.006,0.820781952,-1.53644921
0.007,0.791983917,-1.536085682
0.008,0.763489551,-1.535716067
0.009,0.735297228,-1.535340542
0.01,0.7074051,-1.534959267
0.011,0.679811135,-1.534572371
0.012,0.652513144,-1.534179968
0.013,0.625508808,-1.53378215
0.014,0.598795703,-1.533378989
0.015,0.572371317,-1.532970546
0.016,0.546233066,-1.532556869
0.017,0.520378315,-1.532137985
0.018,0.494804385,-1.531713917
0.019,0.469508568,-1.531284673
0.02,0.444488135,-1.530850254
0.021,0.419740345,-1.530410649
0.022,0.395262453,-1.529965841
0.023,0.371051715,-1.529515805
0.024,0.347105395,-1.529060507
0.025,0.323420769,-1.528599907
0.026,0.299995126,-1.528133966
0.027,0.276825776,-1.527662629
0.028,0.253910049,-1.527185842
0.029,0.2312453,-1.526703544
0.03,0.208828909,-1.52621567
0.031,0.186658282,-1.525722154
0.032,0.164730855,-1.525222918
0.033,0.143044091,-1.524717891
0.034,0.121595485,-1.524206988
0.035,0.100382561,-1.523690127
0.036,0.079402875,-1.52316722
0.037,0.058654012,-1.522638179
0.038,0.03813359,-1.522102907
0.039,0.017839258,-1.521561307
0.04,-0.002231307,-1.521013286
0.041,-0.022080395,-1.520458738
0.042,-0.041710264,-1.519897552
0.043,-0.061123145,-1.519329628
0.044,-0.080321238,-1.518754852
0.045,-0.099306713,-1.51817311
0.046,-0.118081711,-1.517584285
0.047,-0.136648346,-1.516988261
0.048,-0.155008703,-1.516384915
0.049,-0.173164837,-1.515774115
0.05,-0.191118781,-1.515155748
0.051,-0.208872535,-1.514529665
0.052,-0.226428079,-1.513895752
0.053,-0.243787362,-1.513253855
0.054,-0.260952312,-1.51260385
0.055,-0.277924828,-1.511945579
0.056,-0.294706788,-1.511278908
0.057,-0.311300045,-1.510603684
0.058,-0.327706428,-1.509919754
0.059,-0.343927744,-1.509226964
0.06,-0.359965778,-1.508525159
0.061,-0.37582229,-1.507814165
0.062,-0.391499022,-1.50709383
0.063,-0.406997692,-1.506363974
0.064,-0.422319999,-1.50562443
0.065,-0.437467621,-1.50487502
0.066,-0.452442215,-1.504115557
0.067,-0.467245419,-1.50334586
0.068,-0.481878853,-1.502565745
0.069,-0.496344116,-1.501775009
0.07,-0.510642789,-1.500973456
0.071,-0.524776436,-1.50016089
0.072,-0.538746601,-1.499337094
0.073,-0.552554812,-1.498501862
0.074,-0.566202579,-1.497654974
0.075,-0.579691396,-1.496796213
0.076,-0.593022739,-1.495925344
0.077,-0.606198067,-1.495042132
0.078,-0.619218826,-1.494146354
0.079,-0.632086444,-1.493237754
0.08,-0.644802332,-1.492316074
0.081,-0.657367889,-1.491381076
0.082,-0.669784497,-1.490432487
0.083,-0.682053523,-1.489470036
0.084,-0.694176321,-1.488493458
0.085,-0.706154228,-1.48750245
0.086,-0.717988571,-1.486496753
0.087,-0.729680658,-1.485476032
0.088,-0.741231789,-1.484440025
0.089,-0.752643245,-1.483388376
0.09,-0.763916298,-1.482320798
0.091,-0.775052205,-1.481236945
0.092,-0.786052211,-1.480136489
0.093,-0.796917547,-1.47901907
0.094,-0.807649434,-1.477884354
0.095,-0.818249078,-1.476731952
0.096,-0.828717674,-1.475561498
0.097,-0.839056406,-1.474372616
0.098,-0.849266446,-1.473164909
0.099,-0.859348953,-1.471937956
0.1,-0.869305077,-1.470691363
0.101,-0.879135953,-1.469424664
0.102,-0.88884271,-1.468137469
0.103,-0.898426461,-1.466829273
0.104,-0.907888312,-1.46549965
0.105,-0.917229357,-1.464148105
0.106,-0.926450678,-1.462774128
0.107,-0.935553349,-1.461377238
0.108,-0.944538434,-1.459956917
0.109,-0.953406984,-1.458512592
0.11,-0.962160042,-1.457043732
0.111,-0.970798642,-1.45554978
0.112,-0.979323807,-1.454030131
0.113,-0.987736551,-1.45248419
0.114,-0.996037878,-1.450911325
0.115,-1.004228783,-1.449310901
0.116,-1.012310251,-1.447682243
0.117,-1.020283261,-1.446024718
0.118,-1.028148778,-1.444337545
0.119,-1.035907763,-1.442620076
0.12,-1.043561165,-1.440871512
0.121,-1.051109926,-1.439091109
0.122,-1.058554978,-1.437278045
0.123,-1.065897246,-1.435431525
0.124,-1.073137647,-1.433550708
0.125,-1.080277087,-1.431634666
0.126,-1.087316468,-1.429682573
0.127,-1.094256679,-1.427693399
0.128,-1.101098606,-1.425666276
0.129,-1.107843123,-1.423600122
0.13,-1.1144911,-1.421493984
0.131,-1.121043395,-1.419346702
0.132,-1.127500863,-1.417157273
0.133,-1.133864347,-1.414924454
0.134,-1.140134687,-1.412647165
0.135,-1.146312712,-1.410324097
0.136,-1.152399246,-1.407954038
0.137,-1.158395105,-1.405535655
0.138,-1.164301097,-1.403067566
0.139,-1.170118025,-1.400548418
0.14,-1.175846682,-1.397976663
0.141,-1.181487859,-1.395350933
0.142,-1.187042335,-1.392669502
0.143,-1.192510885,-1.389930826
0.144,-1.197894277,-1.387133204
0.145,-1.203193272,-1.384274871
0.146,-1.208408625,-1.381354024
0.147,-1.213541085,-1.37836879
0.148,-1.218591393,-1.375317147
0.149,-1.223560285,-1.372197105
0.15,-1.22844849,-1.369006515
0.151,-1.233256732,-1.36574322
0.152,-1.237985728,-1.362404894
0.153,-1.242636188,-1.358989111
0.154,-1.247208817,-1.355493433
0.155,-1.251704316,-1.351915367
0.156,-1.256123376,-1.348252034
0.157,-1.260466686,-1.344500817
0.158,-1.264734928,-1.34065874
0.159,-1.268928776,-1.336722645
0.16,-1.273048902,-1.332689554
0.161,-1.27709597,-1.328556036
0.162,-1.281070639,-1.324318672
0.163,-1.284973564,-1.319973957
0.164,-1.288805392,-1.315517986
0.165,-1.292566768,-1.310947055
0.166,-1.296258327,-1.30625677
0.167,-1.299880703,-1.301443144
0.168,-1.303434523,-1.296501596
0.169,-1.306920409,-1.291427474
0.17,-1.310338978,-1.286215913
0.171,-1.313690842,-1.280861822
0.172,-1.316976607,-1.275359789
0.173,-1.320196876,-1.269704402
0.174,-1.323352246,-1.263889739
0.175,-1.326443308,-1.257909587
0.176,-1.32947065,-1.251757721
0.177,-1.332434855,-1.245427432
0.178,-1.3353365,-1.238911585
0.179,-1.338176158,-1.232202903
0.18,-1.340954398,-1.22529377
0.181,-1.343671784,-1.218176089
0.182,-1.346328875,-1.210841367
0.183,-1.348926225,-1.203280695
0.184,-1.351464385,-1.195484991
0.185,-1.353943901,-1.187444479
0.186,-1.356365314,-1.179148901
0.187,-1.358729161,-1.170587646
0.188,-1.361035976,-1.161749758
0.189,-1.363286286,-1.152623125
0.19,-1.365480615,-1.143195693
0.191,-1.367619484,-1.133454867
0.192,-1.369703409,-1.123387119
0.193,-1.371732902,-1.112978476
0.194,-1.373708469,-1.102213929
0.195,-1.375630615,-1.091078816
0.196,-1.377499838,-1.079556589
0.197,-1.379316636,-1.067631542
0.198,-1.381081499,-1.055285506
0.199,-1.382794915,-1.042500986
0.2,-1.384457368,-1.029259367
0.201,-1.386069338,-1.015541367
0.202,-1.3876313,-1.001326766
0.203,-1.389143728,-0.986595896
0.204,-1.39060709,-0.971327088
0.205,-1.392021852,-0.955499383
0.206,-1.393388473,-0.939089768
0.207,-1.394707412,-0.922077253
0.208,-1.395979122,-0.904438601
0.209,-1.397204055,-0.886152368
0.21,-1.398382656,-0.867194922
0.211,-1.39951537,-0.847545781
0.212,-1.400602635,-0.827182129
0.213,-1.401644889,-0.806085097
0.214,-1.402642563,-0.78423381
0.215,-1.403596088,-0.761612322
0.216,-1.404505889,-0.738203706
0.217,-1.405372389,-0.713995513
0.218,-1.406196008,-0.688977769
0.219,-1.406977161,-0.663142755
0.22,-1.407716261,-0.636488533
0.221,-1.408413718,-0.609017213
0.222,-1.409069938,-0.580735384
0.223,-1.409685323,-0.551655261
0.224,-1.410260275,-0.521798206
0.225,-1.41079519,-0.491187919
0.226,-1.411290461,-0.459857257
0.227,-1.411746479,-0.427847213
0.228,-1.412163631,-0.395204587
0.229,-1.412542303,-0.361986065
0.23,-1.412882874,-0.32825025
0.231,-1.413185724,-0.294069418
0.232,-1.413451229,-0.259517535
0.233,-1.41367976,-0.224672747
0.234,-1.413871687,-0.189621146
0.235,-1.414027377,-0.154450041
0.236,-1.414147194,-0.11924852
0.237,-1.414231499,-0.08410612
0.238,-1.414280649,-0.04911048
0.239,-1.414295,-0.014350015
0.24,-1.414274905,0.020092296
0.241,-1.414220713,0.054139043
0.242,-1.414132772,0.087715345
0.243,-1.414011425,0.120756592
0.244,-1.413857014,0.153201068
0.245,-1.413669878,0.184996289
0.246,-1.413450353,0.216097188
0.247,-1.413198773,0.246465168
0.248,-1.412915468,0.276070791
0.249,-1.412600768,0.304887882
0.25,-1.412254998,0.332901486
0.251,-1.411878481,0.360099979
0.252,-1.411471537,0.386478213
0.253,-1.411034486,0.412033514
0.254,-1.410567642,0.43677277
0.255,-1.410071319,0.460701685
0.256,-1.409545828,0.483831833
0.257,-1.408991476,0.506178336
0.258,-1.40840857,0.52775555
0.259,-1.407797413,0.548582813
0.26,-1.407158306,0.568679421
0.261,-1.406491548,0.588065832
0.262,-1.405797436,0.606763346
0.263,-1.405076262,0.624795805
0.264,-1.40432832,0.642182687
0.265,-1.403553897,0.658949483
0.266,-1.402753282,0.67511583
0.267,-1.401926759,0.690705578
0.268,-1.401074611,0.705739768
0.269,-1.400197119,0.720239656
0.27,-1.399294559,0.734227667
0.271,-1.398367209,0.747721757
0.272,-1.397415341,0.760743706
0.273,-1.396439228,0.773310881
0.274,-1.39543914,0.785442161
0.275,-1.394415342,0.7971567
0.276,-1.393368102,0.808469038
0.277,-1.392297681,0.819397945
0.278,-1.39120434,0.829958134
0.279,-1.39008834,0.840163761
0.28,-1.388949936,0.85003105
0.281,-1.387789383,0.859572897
0.282,-1.386606935,0.8688021
0.283,-1.385402842,0.877732138
0.284,-1.384177353,0.886374667
0.285,-1.382930714,0.894741622
0.286,-1.381663171,0.902843241
0.287,-1.380374967,0.910690458
0.288,-1.379066343,0.918293332
0.289,-1.377737537,0.92566183
0.29,-1.376388787,0.932804394
0.291,-1.375020328,0.939730149
0.292,-1.373632394,0.946447116
0.293,-1.372225216,0.952963631
0.294,-1.370799024,0.95928699
0.295,-1.369354046,0.965424492
0.296,-1.367890507,0.971383427
0.297,-1.366408632,0.977169813
0.298,-1.364908643,0.982790339
0.299,-1.363390762,0.988250481
0.3,-1.361855206,0.993556978
0.301,-1.360302193,0.998714495
0.302,-1.358731939,1.003728376
0.303,-1.357144656,1.008604302
0.304,-1.355540557,1.013346298
0.305,-1.353919853,1.017959061
0.306,-1.352282751,1.022447627
0.307,-1.350629458,1.026815742
0.308,-1.348960179,1.03106753
0.309,-1.347275119,1.035206421
0.31,-1.345574479,1.039236738
0.311,-1.343858458,1.043162111
0.312,-1.342127257,1.046985021
0.313,-1.340381071,1.050709837
0.314,-1.338620096,1.054339033
0.315,-1.336844525,1.057875953
0.316,-1.335054552,1.061322859
0.317,-1.333250367,1.0646831
0.318,-1.331432158,1.067959429
0.319,-1.329600114,1.071153801
0.32,-1.32775442,1.074269239
0.321,-1.325895261,1.077307747
0.322,-1.32402282,1.080271699
0.323,-1.322137278,1.083163382
0.324,-1.320238816,1.085984564
0.325,-1.318327611,1.088737806
0.326,-1.316403842,1.091424299
0.327,-1.314467684,1.094046459
0.328,-1.31251931,1.096606193
0.329,-1.310558894,1.099104723
0.33,-1.308586607,1.101544047
0.331,-1.306602619,1.103925686
0.332,-1.304607099,1.10625111
0.333,-1.302600213,1.108522134
0.334,-1.300582127,1.110739922
0.335,-1.298553006,1.112905793
0.336,-1.296513013,1.115021215
0.337,-1.294462309,1.117087607
0.338,-1.292401055,1.119105962
0.339,-1.290329409,1.121077806
0.34,-1.28824753,1.123003864
0.341,-1.286155573,1.124885771
0.342,-1.284053695,1.126723999
0.343,-1.281942048,1.128520289
0.344,-1.279820784,1.130275419
0.345,-1.277690056,1.131989961
0.346,-1.275550014,1.133665185
0.347,-1.273400805,1.135302324
0.348,-1.271242577,1.136901867
0.349,-1.269075477,1.138464636
0.35,-1.266899649,1.139991781
0.351,-1.264715237,1.141483896
0.352,-1.262522385,1.142941557
0.353,-1.260321232,1.144366179
0.354,-1.258111919,1.145757949
0.355,-1.255894586,1.147117551
0.356,-1.25366937,1.148445986
0.357,-1.251436407,1.149743896
0.358,-1.249195834,1.15101157
0.359,-1.246947783,1.15225028
0.36,-1.24469239,1.153459787
0.361,-1.242429785,1.154641488
0.362,-1.240160099,1.155795609
0.363,-1.237883463,1.156922529
0.364,-1.235600005,1.158023099
0.365,-1.233309852,1.15909783
0.366,-1.231013131,1.160147057
0.367,-1.228709968,1.161171267
0.368,-1.226400487,1.162171091
0.369,-1.224084811,1.163146987
0.37,-1.221763063,1.164099246
0.371,-1.219435362,1.165028772
0.372,-1.217101831,1.165935211
0.373,-1.214762587,1.166819754
0.374,-1.212417749,1.16768234
0.375,-1.210067434,1.168523518
0.376,-1.207711758,1.169343671
0.377,-1.205350835,1.170143327
0.378,-1.20298478,1.170922547
0.379,-1.200613707,1.171681689
0.38,-1.198237726,1.172421556
0.381,-1.195856949,1.173142035
0.382,-1.193471486,1.173843611
0.383,-1.191081447,1.174526458
0.384,-1.188686939,1.175191194
0.385,-1.186288069,1.17583798
0.386,-1.183884945,1.176466825
0.387,-1.181477671,1.17707847
0.388,-1.179066351,1.177673059
0.389,-1.17665109,1.178250582
0.39,-1.17423199,1.178811613
0.391,-1.171809152,1.179356425
0.392,-1.169382678,1.179884993
0.393,-1.166952667,1.180397873
0.394,-1.164519218,1.180895174
0.395,-1.16208243,1.181377006
0.396,-1.1596424,1.181843761
0.397,-1.157199223,1.182295823
0.398,-1.154752997,1.182732858
0.399,-1.152303815,1.183155672
0.4,-1.149851771,1.183564208
0.401,-1.147396958,1.183958691
0.402,-1.14493947,1.184339059
0.403,-1.142479396,1.184706096
0.404,-1.140016827,1.185059591
0.405,-1.137551854,1.185399611
0.406,-1.135084564,1.185726788
0.407,-1.132615047,1.186040758
0.408,-1.13014339,1.186342006
0.409,-1.127669678,1.186630866
0.41,-1.125193999,1.18690697
0.411,-1.122716436,1.187171071
0.412,-1.120237075,1.187422794
0.413,-1.117755998,1.187662744
0.414,-1.115273288,1.187890823
0.415,-1.112789028,1.188107071
0.416,-1.110303298,1.188311943
0.417,-1.107816179,1.188505335
0.418,-1.105327751,1.188687418
0.419,-1.102838092,1.188858501
0.42,-1.100347281,1.189018473
0.421,-1.097855396,1.189167499
0.422,-1.095362513,1.18930588
0.423,-1.092868709,1.189433499
0.424,-1.090374058,1.189550793
0.425,-1.087878637,1.189657365
0.426,-1.085382518,1.189753922
0.427,-1.082885775,1.189840203
0.428,-1.080388482,1.189916222
0.429,-1.077890709,1.189982541
0.43,-1.075392529,1.190038758
0.431,-1.072894012,1.190085293
0.432,-1.070395228,1.190122155
0.433,-1.067896247,1.190149349
0.434,-1.065397137,1.190167153
0.435,-1.062897967,1.190175434
0.436,-1.060398803,1.190174606
0.437,-1.057899714,1.190164255
0.438,-1.055400765,1.190144932
0.439,-1.052902021,1.190116633
0.44,-1.050403549,1.19007908
0.441,-1.047905412,1.190032819
0.442,-1.045407674,1.189977706
0.443,-1.042910398,1.189913872
0.444,-1.040413648,1.189841171
0.445,-1.037917484,1.189760145
0.446,-1.035421969,1.189670371
0.447,-1.032927163,1.189572251
0.448,-1.030433127,1.189465634
0.449,-1.027939921,1.189350646
0.45,-1.025447604,1.189227411
0.451,-1.022956234,1.189096053
0.452,-1.020465869,1.188956555
0.453,-1.017976568,1.188808762
0.454,-1.015488386,1.188653212
0.455,-1.013001381,1.18848947
0.456,-1.010515609,1.188317794
0.457,-1.008031125,1.188138303
0.458,-1.005547984,1.187950977
0.459,-1.00306624,1.187755934
0.46,-1.000585947,1.187553152
0.461,-0.998107159,1.187342607
0.462,-0.995629928,1.187124556
0.463,-0.993154307,1.186898834
0.464,-0.990680348,1.186665558
0.465,-0.988208103,1.1864247
0.466,-0.985737621,1.186176657
0.467,-0.983268954,1.18592098
0.468,-0.980802152,1.185657922
0.469,-0.978337264,1.185387598
0.47,-0.975874338,1.185110121
0.471,-0.973413425,1.184825035
0.472,-0.970954572,1.184532879
0.473,-0.968497827,1.18423348
0.474,-0.966043236,1.183927092
0.475,-0.963590848,1.183613257
0.476,-0.961140707,1.183292656
0.477,-0.958692861,1.182964685
0.478,-0.956247355,1.18262974
0.479,-0.953804234,1.182287788
0.48,-0.951363542,1.181938939
0.481,-0.948925324,1.181583016
0.482,-0.946489625,1.181219983
0.483,-0.944056487,1.180850238
0.484,-0.941625953,1.180473601
0.485,-0.939198067,1.180089892
0.486,-0.936772871,1.179699364
0.487,-0.934350406,1.179302125
0.488,-0.931930715,1.178897847
0.489,-0.929513838,1.17848693
0.49,-0.927099817,1.178069043
0.491,-0.924688692,1.177644441
0.492,-0.922280504,1.177212938
0.493,-0.919875292,1.176774789
0.494,-0.917473095,1.176329954
0.495,-0.915073953,1.175878245
0.496,-0.912677905,1.17541977
0.497,-0.910284989,1.174954636
0.498,-0.907895243,1.174482802
0.499,-0.905508706,1.174004077
0.5,-0.903125414,1.173518866
0.501,-0.900745406,1.173026679
0.502,-0.898368718,1.172527921
0.503,-0.895995386,1.17202255
0.504,-0.893625448,1.171510221
0.505,-0.891258939,1.170991342
0.506,-0.888895895,1.170465718
0.507,-0.886536352,1.169933304
0.508,-0.884180346,1.169394053
0.509,-0.88182791,1.168848378
0.51,-0.87947908,1.168295774
0.511,-0.877133891,1.167736348
0.512,-0.874792377,1.167170205
0.513,-0.872454572,1.166597298
0.514,-0.87012051,1.16601758
0.515,-0.867790224,1.165431156
0.516,-0.865463748,1.164837823
0.517,-0.863141116,1.164237531
0.518,-0.86082236,1.163630542
0.519,-0.858507513,1.16301665
0.52,-0.856196608,1.162395803
0.521,-0.853889678,1.16176795
0.522,-0.851586754,1.161133355
0.523,-0.849287869,1.160491648
0.524,-0.846993055,1.159842937
0.525,-0.844702345,1.159187006
0.526,-0.842415769,1.158524281
0.527,-0.840133359,1.157854388
0.528,-0.837855148,1.157177109
0.529,-0.835581165,1.156493035
0.53,-0.833311444,1.155801299
0.531,-0.831046014,1.155102654
0.532,-0.828784908,1.154396393
0.533,-0.826528156,1.153682945
0.534,-0.824275789,1.152962088
0.535,-0.822027839,1.152233595
0.536,-0.819784336,1.151497737
0.537,-0.817545311,1.150754286
0.538,-0.815310796,1.150003012
0.539,-0.813080821,1.149244184
0.54,-0.810855417,1.148477572
0.541,-0.808634616,1.147702941
0.542,-0.806418449,1.146920391
0.543,-0.804206945,1.146130194
0.544,-0.802000138,1.145331434
0.545,-0.799798058,1.144524719
0.546,-0.797600737,1.143709637
0.547,-0.795408206,1.142886287
0.548,-0.793220497,1.142054423
0.549,-0.791037642,1.14121397
0.55,-0.788859673,1.14036485
0.551,-0.786686622,1.139506985
0.552,-0.784518522,1.138640121
0.553,-0.782355406,1.137764176
0.554,-0.780197307,1.136879066
0.555,-0.778044258,1.135984706
0.556,-0.775896293,1.135080831
0.557,-0.773753446,1.134167353
0.558,-0.771615752,1.133244001
0.559,-0.769483246,1.13231068
0.56,-0.767355963,1.131367295
0.561,-0.765233938,1.130413748
0.562,-0.76311721,1.129449211
0.563,-0.761005814,1.128474306
0.564,-0.758899789,1.127488196
0.565,-0.756799173,1.126490953
0.566,-0.754704005,1.125482278
0.567,-0.752614325,1.124461868
0.568,-0.750530175,1.123429229
0.569,-0.748451594,1.122384795
0.57,-0.746378628,1.121327123
0.571,-0.744311318,1.120257019
0.572,-0.742249711,1.119173207
0.573,-0.740193853,1.118075729
0.574,-0.73814379,1.116964435
0.575,-0.736099573,1.115838206
0.576,-0.73406125,1.114697456
0.577,-0.732028876,1.113540657
0.578,-0.730002503,1.112368208
0.579,-0.727982187,1.111179143
0.58,-0.725967987,1.10997267
0.581,-0.723959963,1.108748382
0.582,-0.721958178,1.107505463
0.583,-0.719962697,1.106243281
0.584,-0.717973588,1.104960991
0.585,-0.715990924,1.103657321
0.586,-0.714014779,1.102331792
0.587,-0.712045233,1.100982885
0.588,-0.710082369,1.09960967
0.589,-0.708126276,1.098210573
0.59,-0.706177046,1.096784607
0.591,-0.704234779,1.095329717
0.592,-0.702299581,1.093844219
0.593,-0.700371565,1.092326178
0.594,-0.698450852,1.090773395
0.595,-0.696537573,1.089183188
0.596,-0.69463187,1.087552589
0.597,-0.692733897,1.085878334
0.598,-0.690843822,1.08415663
0.599,-0.688961831,1.082382698
0.6,-0.687088129,1.080551399
0.601,-0.685222949,1.078655429
0.602,-0.683365815,1.076852967
0.603,-0.681516301,1.075134738
0.604,-0.679674017,1.073494291
0.605,-0.677838613,1.071923995
0.606,-0.676009772,1.070417567
0.607,-0.674187207,1.06896921
0.608,-0.672370659,1.067573407
0.609,-0.670559893,1.066225416
0.61,-0.668754699,1.064920127
0.611,-0.666954887,1.063653479
0.612,-0.665160286,1.062421549
0.613,-0.663370746,1.061219843
0.614,-0.66158613,1.060045685
0.615,-0.659806321,1.05889466
0.616,-0.658031212,1.057764677
0.617,-0.656260705,1.056653846
0.618,-0.65449471,1.055560481
0.619,-0.652733136,1.054485056
0.62,-0.650975894,1.053427313
0.621,-0.649222893,1.052387966
0.622,-0.64747404,1.051367735
0.623,-0.645729237,1.050368081
0.624,-0.643988383,1.049389988
0.625,-0.642251372,1.048434941
0.626,-0.640518095,1.047503937
0.627,-0.63878844,1.046597977
0.628,-0.637062294,1.045717566
0.629,-0.635339542,1.044863455
0.63,-0.63362007,1.044035638
0.631,-0.631903761,1.04323511
0.632,-0.630190505,1.042460331
0.633,-0.628480187,1.041712789
0.634,-0.626772701,1.040990404
0.635,-0.625067938,1.040294137
0.636,-0.623365796,1.039622387
0.637,-0.621666174,1.038975071
0.638,-0.619968977,1.03835081
0.639,-0.618274111,1.037749498
0.64,-0.616581488,1.037169727
0.641,-0.614891023,1.036610851
0.642,-0.613202635,1.036071953
0.643,-0.611516249,1.035551585
0.644,-0.609831792,1.035049325
0.645,-0.608149195,1.034564225
0.646,-0.606468395,1.034094803
0.647,-0.60478933,1.033640873
0.648,-0.603111946,1.03320041
0.649,-0.601436189,1.032773475
0.65,-0.599762012,1.032358288
0.651,-0.598089367,1.031955162
0.652,-0.596418215,1.031561775
0.653,-0.594748518,1.031177902
0.654,-0.59308024,1.030803053
0.655,-0.591413349,1.030436203
0.656,-0.589747819,1.030075793
0.657,-0.588083622,1.029722378
0.658,-0.586420737,1.029374125
0.659,-0.584759144,1.029030785
0.66,-0.583098825,1.028691845
0.661,-0.581439766,1.028356253
0.662,-0.579781955,1.02802349
0.663,-0.578125381,1.027693296
0.664,-0.576470038,1.027364345
0.665,-0.574815918,1.027037176
0.666,-0.57316302,1.026709922
0.667,-0.57151134,1.026383385
0.668,-0.569860879,1.026056228
0.669,-0.568211639,1.025728179
0.67,-0.566563623,1.025398967
0.671,-0.564916836,1.025068051
0.672,-0.563271285,1.024734886
0.673,-0.561626978,1.024399195
0.674,-0.559983923,1.024060971
0.675,-0.558342131,1.023719394
0.676,-0.556701613,1.023374453
0.677,-0.555062383,1.023025325
0.678,-0.553424453,1.022672538
0.679,-0.55178784,1.022314721
0.68,-0.550152557,1.021952947
0.681,-0.548518622,1.021585839
0.682,-0.546886051,1.021213925
0.683,-0.545254864,1.020836096
0.684,-0.543625077,1.020453424
0.685,-0.541996712,1.02006425
0.686,-0.540369788,1.019669371
0.687,-0.538744325,1.019268494
0.688,-0.537120344,1.01886132
0.689,-0.535497867,1.01844755
0.69,-0.533876916,1.018027159
0.691,-0.532257513,1.017600122
0.692,-0.530639682,1.017165858
0.693,-0.529023444,1.01672517
0.694,-0.527408824,1.016276922
0.695,-0.525795846,1.015821361
0.696,-0.524184532,1.015359012
0.697,-0.522574909,1.014888454
0.698,-0.520966998,1.014411326
0.699,-0.519360827,1.013925642
0.7,-0.517756418,1.013433045
0.701,-0.516153798,1.012932101
0.702,-0.51455299,1.012423895
0.703,-0.51295402,1.011907552
0.704,-0.511356913,1.011383313
0.705,-0.509761695,1.010850861
0.706,-0.508168389,1.010311002
0.707,-0.506577023,1.009762288
0.708,-0.50498762,1.00920609
0.709,-0.503400206,1.008641521
0.71,-0.501814806,1.008068823
0.711,-0.500231446,1.007487669
0.712,-0.49865015,1.006898588
0.713,-0.497070943,1.006301252
0.714,-0.495493851,1.005695331
0.715,-0.493918897,1.005081642
0.716,-0.492346108,1.004458991
0.717,-0.490775507,1.003828485
0.718,-0.489207119,1.003189501
0.719,-0.487640968,1.002542283
0.72,-0.486077079,1.001886495
0.721,-0.484515476,1.00122238
0.722,-0.482956183,1.000549891
0.723,-0.481399223,0.999869271
0.724,-0.47984462,0.999180181
0.725,-0.478292398,0.998482573
0.726,-0.47674258,0.997776689
0.727,-0.475195189,0.997062483
0.728,-0.473650248,0.996339903
0.729,-0.47210778,0.995608899
0.73,-0.470567807,0.994869719
0.731,-0.469030351,0.994122312
0.732,-0.467495436,0.993366031
0.733,-0.465963082,0.992602017
0.734,-0.464433312,0.991829325
0.735,-0.462906146,0.991048799
0.736,-0.461381607,0.99025949
0.737,-0.459859716,0.989461943
0.738,-0.458340492,0.988656712
0.739,-0.456823958,0.987842537
0.74,-0.455310132,0.987020877
0.741,-0.453799036,0.986190468
0.742,-0.45229069,0.985351864
0.743,-0.450785112,0.984505622
0.744,-0.449282324,0.983650467
0.745,-0.447782343,0.982787877
0.746,-0.446285189,0.981916879
0.747,-0.44479088,0.981038037
0.748,-0.443299436,0.980150677
0.749,-0.441810874,0.979255676
0.75,-0.440325212,0.978352671
0.751,-0.438842469,0.977441297
0.752,-0.437362662,0.976522124
0.753,-0.435885808,0.975595099
0.754,-0.434411924,0.97466017
0.755,-0.432941028,0.973716968
0.756,-0.431473135,0.972766386
0.757,-0.430008262,0.971807741
0.758,-0.428546425,0.970841294
0.759,-0.427087641,0.969866675
0.76,-0.425631924,0.968884788
0.761,-0.42417929,0.967894942
0.762,-0.422729754,0.966897404
0.763,-0.421283332,0.965891799
0.764,-0.419840037,0.964879043
0.765,-0.418399884,0.963858438
0.766,-0.416962888,0.96282993
0.767,-0.415529062,0.961794119
0.768,-0.414098419,0.960750955
0.769,-0.412670974,0.95969973
0.77,-0.41124674,0.958641048
0.771,-0.409825729,0.95757519
0.772,-0.408407954,0.956501774
0.773,-0.406993428,0.955420749
0.774,-0.405582163,0.954332396
0.775,-0.40417417,0.953237002
0.776,-0.402769463,0.95213351
0.777,-0.401368051,0.951023549
0.778,-0.399969948,0.949905387
0.779,-0.398575162,0.948781001
0.78,-0.397183706,0.947648651
0.781,-0.39579559,0.946509304
0.782,-0.394410825,0.945362571
0.783,-0.39302942,0.94420909
0.784,-0.391651386,0.943048127
0.785,-0.390276731,0.941880669
0.786,-0.388905466,0.940705633
0.787,-0.3875376,0.939523664
0.788,-0.386173142,0.938334715
0.789,-0.3848121,0.937139091
0.79,-0.383454484,0.935936046
0.791,-0.382100301,0.934726588
0.792,-0.380749559,0.933510323
0.793,-0.379402267,0.932286852
0.794,-0.378058433,0.931056482
0.795,-0.376718063,0.929819885
0.796,-0.375381164,0.928576664
0.797,-0.374047745,0.927326057
0.798,-0.372717811,0.926069459
0.799,-0.37139137,0.924805747
0.8,-0.370068428,0.923535603
0.801,-0.36874899,0.922259352
0.802,-0.367433064,0.92097586
0.803,-0.366120654,0.919686548
0.804,-0.364811767,0.918390278
0.805,-0.363506407,0.917088115
0.806,-0.36220458,0.915779283
0.807,-0.360906291,0.914464115
0.808,-0.359611544,0.913142945
0.809,-0.358320345,0.91181499
0.81,-0.357032697,0.910481337
0.811,-0.355748604,0.909141578
0.812,-0.354468072,0.907794919
0.813,-0.353191103,0.906442841
0.814,-0.351917701,0.905084551
0.815,-0.35064787,0.903720015
0.816,-0.349381612,0.902349966
0.817,-0.348118931,0.900973604
0.818,-0.34685983,0.899591282
0.819,-0.345604311,0.898203355
0.82,-0.344352378,0.896809015
0.821,-0.343104031,0.895409791
0.822,-0.341859273,0.894004485
0.823,-0.340618107,0.892593064
0.824,-0.339380534,0.891176285
0.825,-0.338146555,0.889754125
0.826,-0.336916173,0.888325762
0.827,-0.335689388,0.88689236
0.828,-0.334466202,0.885453099
0.829,-0.333246615,0.884008752
0.83,-0.332030628,0.882558895
0.831,-0.330818242,0.881103503
0.832,-0.329609457,0.879642956
0.833,-0.328404274,0.878176827
0.834,-0.327202693,0.876705498
0.835,-0.326004713,0.875229359
0.836,-0.324810335,0.873747568
0.837,-0.323619557,0.872261341
0.838,-0.322432381,0.870769004
0.839,-0.321248805,0.869272194
0.84,-0.320068827,0.867770898
0.841,-0.318892449,0.866263425
0.842,-0.317719667,0.86475227
0.843,-0.316550482,0.863235317
0.844,-0.315384891,0.861714236
0.845,-0.314222893,0.860188168
0.846,-0.313064487,0.858657095
0.847,-0.31190967,0.857121857
0.848,-0.310758442,0.855581156
0.849,-0.309610799,0.854036697
0.85,-0.308466739,0.852487609
0.851,-0.307326261,0.850933446
0.852,-0.306189362,0.849375062
0.853,-0.30505604,0.847812012
0.854,-0.30392629,0.846245601
0.855,-0.302800112,0.844673627
0.856,-0.301677501,0.843098279
0.857,-0.300558456,0.841517783
0.858,-0.299442972,0.839933905
0.859,-0.298331046,0.838345751
0.86,-0.297222675,0.836753315
0.861,-0.296117856,0.835156589
0.862,-0.295016584,0.833556468
0.863,-0.293918857,0.831951595
0.864,-0.29282467,0.830343324
0.865,-0.291734019,0.828731198
0.866,-0.2906469,0.827115217
0.867,-0.289563309,0.825495378
0.868,-0.288483242,0.823871679
0.869,-0.287406695,0.822244118
0.87,-0.286333662,0.820613622
0.871,-0.28526414,0.8189788
0.872,-0.284198123,0.817341049
0.873,-0.283135607,0.815699439
0.874,-0.282076588,0.814053967
0.875,-0.28102106,0.812405579
0.876,-0.279969017,0.810754282
0.877,-0.278920456,0.809098657
0.878,-0.277875371,0.807440131
0.879,-0.276833756,0.805778714
0.88,-0.275795606,0.804113933
0.881,-0.274760916,0.802445792
0.882,-0.27372968,0.80077478
0.883,-0.272701893,0.799100422
0.884,-0.271677549,0.797423208
0.885,-0.270656641,0.795743639
0.886,-0.269639165,0.794060255
0.887,-0.268625114,0.792374537
0.888,-0.267614483,0.790685509
0.889,-0.266607264,0.788994666
0.89,-0.265603453,0.787300037
0.891,-0.264603043,0.785603121
0.892,-0.263606027,0.783903935
0.893,-0.2626124,0.782201488
0.894,-0.261622155,0.780496796
0.895,-0.260635285,0.778789876
0.896,-0.259651784,0.777080235
0.897,-0.258671645,0.775368396
0.898,-0.257694862,0.773653863
0.899,-0.256721428,0.771937163
0.9,-0.255751336,0.770218313
0.901,-0.254784579,0.768497329
0.902,-0.253821151,0.766773711
0.903,-0.252861045,0.765047992
0.904,-0.251904253,0.763320712
0.905,-0.250950769,0.761590847
0.906,-0.250000586,0.759858935
0.907,-0.249053695,0.75812605
0.908,-0.248110091,0.756390104
0.909,-0.247169767,0.754652167
0.91,-0.246232713,0.752913856
0.911,-0.245298925,0.751172
0.912,-0.244368393,0.749429819
0.913,-0.243441111,0.747685197
0.914,-0.242517071,0.745939227
0.915,-0.241596266,0.744191393
0.916,-0.240678688,0.742442258
0.917,-0.23976433,0.740691304
0.918,-0.238853185,0.738938549
0.919,-0.237945243,0.73718566
0.92,-0.237040499,0.735429922
0.921,-0.236138943,0.733674105
0.922,-0.235240569,0.731916033
0.923,-0.234345369,0.73015683
0.924,-0.233453335,0.728396523
0.925,-0.232564458,0.726635699
0.926,-0.231678732,0.724872708
0.927,-0.230796148,0.723109253
0.928,-0.229916699,0.721344238
0.929,-0.229040376,0.719578818
0.93,-0.228167172,0.71781189
0.931,-0.227297078,0.716044615
0.932,-0.226430086,0.714276456
0.933,-0.22556619,0.712506294
0.934,-0.224705379,0.71073702
0.935,-0.223847647,0.708965797
0.936,-0.222992986,0.707193799
0.937,-0.222141386,0.705422214
0.938,-0.221292841,0.703648755
0.939,-0.220447341,0.701875774
0.94,-0.219604879,0.700101556
0.941,-0.218765447,0.698326711
0.942,-0.217929036,0.696551857
0.943,-0.217095638,0.694776439
0.944,-0.216265245,0.693000486
0.945,-0.215437849,0.691224029
0.946,-0.21461344,0.689448288
0.947,-0.213792012,0.687670915
0.948,-0.212973556,0.685893726
0.949,-0.212158063,0.684116758
0.95,-0.211345525,0.682339444
0.951,-0.210535935,0.68056121
0.952,-0.209729282,0.678784505
0.953,-0.20892556,0.677006337
0.954,-0.20812476,0.675228557
0.955,-0.207326873,0.673451199
0.956,-0.206531891,0.671673688
0.957,-0.205739805,0.669896669
0.958,-0.204950609,0.668118331
0.959,-0.204164292,0.666341784
0.96,-0.203380846,0.664565218
0.961,-0.202600264,0.662788042
0.962,-0.201822536,0.661012153
0.963,-0.201047655,0.659235718
0.964,-0.200275611,0.657460645
0.965,-0.199506398,0.655684463
0.966,-0.198740005,0.653910343
0.967,-0.197976425,0.652135808
0.968,-0.197215649,0.650362152
0.969,-0.196457669,0.648588777
0.97,-0.195702476,0.646816353
0.971,-0.194950063,0.645043641
0.972,-0.19420042,0.64327259
0.973,-0.193453539,0.641501958
0.974,-0.192709412,0.639731781
0.975,-0.19196803,0.637962735
0.976,-0.191229385,0.636194213
0.977,-0.190493468,0.634426896
0.978,-0.189760272,0.632659523
0.979,-0.189029787,0.630894078
0.98,-0.188302006,0.629128644
0.981,-0.18757692,0.62736456
0.982,-0.18685452,0.625601866
0.983,-0.186134798,0.623839941
0.984,-0.185417746,0.62207882
0.985,-0.184703355,0.620319199
0.986,-0.183991617,0.618560452
0.987,-0.183282524,0.616802615
0.988,-0.182576067,0.615046389
0.989,-0.181872238,0.613291143
0.99,-0.181171028,0.611537583
0.991,-0.18047243,0.609784405
0.992,-0.179776435,0.608032984
0.993,-0.179083034,0.606283362
0.994,-0.178392219,0.604534899
0.995,-0.177703983,0.602786952
0.996,-0.177018316,0.601041591
0.997,-0.17633521,0.599297498
0.998,-0.175654657,0.597554706
0.999,-0.17497665,0.595812567
1,-0.174301179,0.594073168
1.001,-0.173629023,0.591793289
1.002,-0.172960853,0.589042651
1.003,-0.17229724,0.585885546
1.004,-0.171638674,0.582373463
1.005,-0.170985569,0.578554901
1.006,-0.170338274,0.574471288
1.007,-0.169697082,0.570158363
1.008,-0.169062237,0.565647562
1.009,-0.168433937,0.56096883
1.01,-0.167812344,0.556145585
1.011,-0.167197586,0.551200358
1.012,-0.166589761,0.546153319
1.013,-0.165988942,0.541021489
1.014,-0.165395181,0.535819371
1.015,-0.164808508,0.530562599
1.016,-0.164228937,0.525262722
1.017,-0.163656469,0.519929333
1.018,-0.163091091,0.514573027
1.019,-0.162532777,0.509203904
1.02,-0.161981496,0.503826172
1.021,-0.161437204,0.498450309
1.022,-0.160899853,0.493080048
1.023,-0.160369388,0.487721536
1.024,-0.159845748,0.482380261
1.025,-0.159328871,0.47705787
1.026,-0.158818688,0.471760784
1.027,-0.158315128,0.466491552
1.028,-0.157818118,0.461252749
1.029,-0.157327583,0.456046979
1.03,-0.156843446,0.450876866
1.031,-0.15636563,0.445743431
1.032,-0.155894055,0.440650137
1.033,-0.155428644,0.435595551
1.034,-0.154969316,0.430583961
1.035,-0.154515991,0.425615556
1.036,-0.154068592,0.420688828
1.037,-0.153627037,0.415808909
1.038,-0.15319125,0.410971741
1.039,-0.152761151,0.406181607
1.04,-0.152336663,0.401436899
1.041,-0.151917709,0.396738506
1.042,-0.151504213,0.392086449
1.043,-0.151096101,0.387479861
1.044,-0.150693297,0.382921279
1.045,-0.150295729,0.378408069
1.046,-0.149903324,0.373941865
1.047,-0.149516011,0.369521692
1.048,-0.14913372,0.365147408
1.049,-0.148756382,0.360818846
1.05,-0.148383928,0.356536694
1.051,-0.148016292,0.352298983
1.052,-0.147653408,0.348106347
1.053,-0.14729521,0.34395941
1.054,-0.146941636,0.339855229
1.055,-0.146592621,0.335797044
1.056,-0.146248106,0.331780073
1.057,-0.145908028,0.327808423
1.058,-0.145572329,0.323878141
1.059,-0.14524095,0.319990624
1.06,-0.144913834,0.316144557
1.061,-0.144590923,0.312341311
1.062,-0.144272163,0.308577721
1.063,-0.143957499,0.304855125
1.064,-0.143646878,0.301172125
1.065,-0.143340246,0.297530038
1.066,-0.143037552,0.293926518
1.067,-0.142738746,0.290361022
1.068,-0.142443776,0.286835751
1.069,-0.142152595,0.28334646
1.07,-0.141865153,0.27989625
1.071,-0.141581405,0.27648083
1.072,-0.141301302,0.273104212
1.073,-0.141024799,0.269763
1.074,-0.140751851,0.266457484
1.075,-0.140482414,0.263187014
1.076,-0.140216445,0.25995093
1.077,-0.1399539,0.256750429
1.078,-0.139694738,0.25358296
1.079,-0.139438916,0.250450642
1.08,-0.139186396,0.247349018
1.081,-0.138937136,0.244282071
1.082,-0.138691097,0.241247203
1.083,-0.13844824,0.238244623
1.084,-0.138208528,0.235272648
1.085,-0.137971922,0.232333365
1.086,-0.137738386,0.229424127
1.087,-0.137507884,0.226545114
1.088,-0.13728038,0.223696504
1.089,-0.137055838,0.220878469
1.09,-0.136834223,0.218090224
1.091,-0.136615503,0.21532907
1.092,-0.136399643,0.212598018
1.093,-0.136186609,0.209896266
1.094,-0.13597637,0.207221088
1.095,-0.135768893,0.204574537
1.096,-0.135564146,0.201955788
1.097,-0.135362098,0.199364013
1.098,-0.135162719,0.196798373
1.099,-0.134965977,0.194260914
1.1,-0.134771844,0.191747902
1.101,-0.134580289,0.189262338
1.102,-0.134391284,0.18680144
1.103,-0.134204799,0.184367242
1.104,-0.134020807,0.181956948
1.105,-0.13383928,0.179571621
1.106,-0.133660189,0.177212326
1.107,-0.133483508,0.174876249
1.108,-0.13330921,0.172564445
1.109,-0.133137269,0.170276031
1.11,-0.132967657,0.168013031
1.111,-0.132800351,0.165770667
1.112,-0.132635323,0.163553877
1.113,-0.132472549,0.161358844
1.114,-0.132312004,0.159186613
1.115,-0.132153664,0.15703628
1.116,-0.131997504,0.154908886
1.117,-0.1318435,0.152803521
1.118,-0.131691629,0.150719272
1.119,-0.131541867,0.148657177
1.12,-0.131394191,0.146616316
1.121,-0.131248579,0.144595767
1.122,-0.131105008,0.142596565
1.123,-0.130963455,0.140618762
1.124,-0.130823899,0.13866045
1.125,-0.130686318,0.136722659
1.126,-0.13055069,0.134805436
1.127,-0.130416994,0.132907847
1.128,-0.130285209,0.131029937
1.129,-0.130155315,0.129170764
1.13,-0.13002729,0.127332339
1.131,-0.129901114,0.125512734
1.132,-0.129776767,0.123711989
1.133,-0.129654229,0.121930141
1.134,-0.129533481,0.120166242
1.135,-0.129414503,0.118421312
1.136,-0.129297276,0.1166944
1.137,-0.12918178,0.114986525
1.138,-0.129067997,0.113295746
1.139,-0.128955908,0.111623081
1.14,-0.128845495,0.109967571
1.141,-0.128736739,0.108330234
1.142,-0.128629622,0.106710109
1.143,-0.128524126,0.105107224
1.144,-0.128420234,0.103520614
1.145,-0.128317928,0.101951296
1.146,-0.128217191,0.100398302
1.147,-0.128118005,0.098862647
1.148,-0.128020353,0.097343364
1.149,-0.127924218,0.095840474
1.15,-0.127829584,0.094353007
1.151,-0.127736434,0.092881976
1.152,-0.127644752,0.091426407
1.153,-0.127554522,0.089986321
1.154,-0.127465726,0.08856372
1.155,-0.12737835,0.087154654
1.156,-0.127292378,0.085761123
1.157,-0.127207794,0.084383144
1.158,-0.127124583,0.083019741
1.159,-0.127042728,0.081672915
1.16,-0.126962216,0.080338709
1.161,-0.12688303,0.07902111
1.162,-0.126805157,0.077716158
1.163,-0.126728581,0.076426847
1.164,-0.126653287,0.075152197
1.165,-0.126579262,0.073890231
1.166,-0.12650649,0.072643946
1.167,-0.126434958,0.071410368
1.168,-0.126364651,0.070191498
1.169,-0.126295556,0.068985358
1.17,-0.126227658,0.067793948
1.171,-0.126160944,0.066615288
1.172,-0.1260954,0.065450382
1.173,-0.126031013,0.064298245
1.174,-0.125967769,0.063159881
1.175,-0.125905655,0.062034303
1.176,-0.125844657,0.060922516
1.177,-0.125784764,0.059821538
1.178,-0.125725962,0.058734368
1.179,-0.125668238,0.057660015
1.18,-0.125611579,0.056598487
1.181,-0.125555974,0.055547797
1.182,-0.125501408,0.054511941
1.183,-0.125447871,0.053485938
1.184,-0.12539535,0.052472787
1.185,-0.125343832,0.051472494
1.186,-0.125293306,0.05048307
1.187,-0.12524376,0.049505518
1.188,-0.125195182,0.048539842
1.189,-0.12514756,0.047586049
1.19,-0.125100883,0.046643145
1.191,-0.125055138,0.045713131
1.192,-0.125010315,0.044793018
1.193,-0.124966403,0.043883808
1.194,-0.12492339,0.042986503
1.195,-0.124881264,0.042101108
1.196,-0.124840016,0.041224631
1.197,-0.124799633,0.040361069
1.198,-0.124760106,0.039506434
1.199,-0.124721423,0.038663723
1.2,-0.124683573,0.037831941
1.201,-0.124646547,0.037009094
1.202,-0.124610333,0.036198181
1.203,-0.124574922,0.03539621
1.204,-0.124540303,0.03460518
1.205,-0.124506465,0.033825094
1.206,-0.124473399,0.033053957
1.207,-0.124441094,0.032293769
1.208,-0.124409541,0.031542535
1.209,-0.12437873,0.030801256
1.21,-0.12434865,0.030070933
1.211,-0.124319293,0.029348571
1.212,-0.124290648,0.028637169
1.213,-0.124262707,0.027933732
1.214,-0.124235459,0.02724126
1.215,-0.124208895,0.026557754
1.216,-0.124183006,0.025883218
1.217,-0.124157783,0.025217653
1.218,-0.124133216,0.024562059
1.219,-0.124109297,0.02391444
1.22,-0.124086016,0.023276795
1.221,-0.124063365,0.022647127
1.222,-0.124041334,0.022027437
1.223,-0.124019916,0.021414726
1.224,-0.1239991,0.020812994
1.225,-0.12397888,0.020217245
1.226,-0.123959245,0.019632477
1.227,-0.123940188,0.019054694
1.228,-0.123921701,0.018484894
1.229,-0.123903774,0.01792508
1.23,-0.1238864,0.017372252
1.231,-0.12386957,0.016828411
1.232,-0.123853277,0.016291559
1.233,-0.123837513,0.015762694
1.234,-0.123822268,0.015243819
1.235,-0.123807536,0.014730934
1.236,-0.123793309,0.01422604
1.237,-0.123779579,0.013729137
1.238,-0.123766337,0.013241226
1.239,-0.123753578,0.012758308
1.24,-0.123741292,0.012285382
1.241,-0.123729473,0.01181845
1.242,-0.123718113,0.011359511
1.243,-0.123707204,0.010908567
1.244,-0.12369674,0.010463618
1.245,-0.123686713,0.010026664
1.246,-0.123677116,0.009596705
1.247,-0.123667941,0.009174743
1.248,-0.123659183,0.008757776
1.249,-0.123650833,0.008349806
1.25,-0.123642885,0.007947833
1.251,-0.123635332,0.007552856
1.252,-0.123628167,0.007164877
1.253,-0.123621383,0.006783896
1.254,-0.123614974,0.006408912
1.255,-0.123608933,0.006040927
1.256,-0.123603253,0.005679939
1.257,-0.123597929,0.00532395
1.258,-0.123592953,0.004975959
1.259,-0.123588319,0.004633967
1.26,-0.12358402,0.004298974
1.261,-0.123580052,0.003967979
1.262,-0.123576406,0.003645984
1.263,-0.123573077,0.003328988
1.264,-0.123570059,0.003017991
1.265,-0.123567347,0.002711993
1.266,-0.123564932,0.002414995
1.267,-0.123562811,0.002120997
1.268,-0.123560977,0.001833998
1.269,-0.123559423,0.001553999
1.27,-0.123558145,0.001277999
1.271,-0.123557137,0.001008
1.272,-0.123556392,0.000745
1.273,-0.123555906,0.000486
1.274,-0.123555672,0.000234
1.275,-0.123555685,-1.30E-05
1.276,-0.12355594,-0.000255
1.277,-0.123556431,-0.000491
1.278,-0.123557153,-0.000722
1.279,-0.1235581,-0.000947
1.28,-0.123559267,-0.001166999
1.281,-0.123560649,-0.001381999
1.282,-0.12356224,-0.001590999
1.283,-0.123564036,-0.001795998
1.284,-0.123566032,-0.001995997
1.285,-0.123568221,-0.002188997
1.286,-0.123570601,-0.002379996
1.287,-0.123573164,-0.002562994
1.288,-0.123575907,-0.002742993
1.289,-0.123578825,-0.002917992
1.29,-0.123581912,-0.00308699
1.291,-0.123585164,-0.003251989
1.292,-0.123588577,-0.003412987
1.293,-0.123592145,-0.003567985
1.294,-0.123595864,-0.003718983
1.295,-0.12359973,-0.003865981
1.296,-0.123603737,-0.004006979
1.297,-0.123607882,-0.004144976
1.298,-0.123612159,-0.004276974
1.299,-0.123616565,-0.004405971
1.3,-0.123621095,-0.004529969
1.301,-0.123625744,-0.004648967
1.302,-0.123630509,-0.004764964
1.303,-0.123635385,-0.004875961
1.304,-0.123640368,-0.004982959
1.305,-0.123645453,-0.005084956
1.306,-0.123650637,-0.005183954
1.307,-0.123655916,-0.005278951
1.308,-0.123661285,-0.005368948
1.309,-0.123666741,-0.005455946
1.31,-0.123672279,-0.005537943
1.311,-0.123677895,-0.005615941
1.312,-0.123683587,-0.005691939
1.313,-0.123689349,-0.005761936
1.314,-0.123695178,-0.005828934
1.315,-0.12370107,-0.005891932
1.316,-0.123707022,-0.00595193
1.317,-0.123713029,-0.006006928
1.318,-0.123719088,-0.006058926
1.319,-0.123725196,-0.006107924
1.32,-0.123731349,-0.006152922
1.321,-0.123737543,-0.006193921
1.322,-0.123743775,-0.006231919
1.323,-0.123750041,-0.006265918
1.324,-0.123756338,-0.006296917
1.325,-0.123762662,-0.006323916
1.326,-0.123769011,-0.006348915
1.327,-0.12377538,-0.006368914
1.328,-0.123781767,-0.006386913
1.329,-0.123788167,-0.006399913
1.33,-0.123794579,-0.006411912
1.331,-0.123800998,-0.006418912
1.332,-0.123807422,-0.006423912
1.333,-0.123813848,-0.006425912
1.334,-0.123820271,-0.006422912
1.335,-0.12382669,-0.006418912
1.336,-0.123833101,-0.006410912
1.337,-0.123839501,-0.006399913
1.338,-0.123845887,-0.006385913
1.339,-0.123852257,-0.006369914
1.34,-0.123858607,-0.006349915
1.341,-0.123864934,-0.006326916
1.342,-0.123871236,-0.006301917
1.343,-0.12387751,-0.006273918
1.344,-0.123883752,-0.006241919
1.345,-0.123889961,-0.00620892
1.346,-0.123896134,-0.006172922
1.347,-0.123902267,-0.006132923
1.348,-0.123908359,-0.006091925
1.349,-0.123914406,-0.006046926
1.35,-0.123920406,-0.005999928
1.351,-0.123926356,-0.00594993
1.352,-0.123932254,-0.005897932
1.353,-0.123938097,-0.005842934
1.354,-0.123943883,-0.005785935
1.355,-0.12394961,-0.005726937
1.356,-0.123955274,-0.005663939
1.357,-0.123960874,-0.005599941
1.358,-0.123966407,-0.005532944
1.359,-0.123971871,-0.005463946
1.36,-0.123977263,-0.005391948
1.361,-0.123982581,-0.00531795
1.362,-0.123987823,-0.005241952
1.363,-0.123992987,-0.005163954
1.364,-0.12399807,-0.005082956
1.365,-0.12400307,-0.004999958
1.366,-0.124007986,-0.00491596
1.367,-0.124012814,-0.004827962
1.368,-0.124017553,-0.004738965
1.369,-0.124022201,-0.004647967
1.37,-0.124026756,-0.004554968
1.371,-0.124031215,-0.00445897
1.372,-0.124035576,-0.004360972
1.373,-0.124039839,-0.004262974
1.374,-0.124043999,-0.004159976
1.375,-0.124048057,-0.004057978
1.376,-0.12405201,-0.003952979
1.377,-0.124055855,-0.003844981
1.378,-0.124059591,-0.003735983
1.379,-0.124063217,-0.003625984
1.38,-0.12406673,-0.003512986
1.381,-0.124070128,-0.003397987
1.382,-0.12407341,-0.003281988
1.383,-0.124076575,-0.003164989
1.384,-0.124079619,-0.003043991
1.385,-0.124082542,-0.002922992
1.386,-0.124085343,-0.002800993
1.387,-0.124088018,-0.002674994
1.388,-0.124090567,-0.002548994
1.389,-0.124092988,-0.002420995
1.39,-0.124095279,-0.002290996
1.391,-0.12409744,-0.002160997
1.392,-0.124099467,-0.002026997
1.393,-0.124101361,-0.001893998
1.394,-0.124103118,-0.001756998
1.395,-0.124104738,-0.001619999
1.396,-0.12410622,-0.001481999
1.397,-0.124107561,-0.001340999
1.398,-0.124108761,-0.001199999
1.399,-0.124109818,-0.001057
1.4,-0.12411073,-0.000912
1.401,-0.124111496,-0.000766
1.402,-0.124112116,-0.00062
1.403,-0.124112587,-0.000471
1.404,-0.124112908,-0.000321
1.405,-0.124113078,-0.00017
1.406,-0.124113096,-1.80E-05
1.407,-0.12411296,0.000136
1.408,-0.124112669,0.000291
1.409,-0.124112222,0.000447
1.41,-0.124111618,0.000604
1.411,-0.124110856,0.000762
1.412,-0.124109934,0.000922
1.413,-0.124108851,0.001083
1.414,-0.124107606,0.001244999
1.415,-0.124106199,0.001406999
1.416,-0.124104627,0.001571999
1.417,-0.12410289,0.001736998
1.418,-0.124100987,0.001902998
1.419,-0.124098916,0.002070997
1.42,-0.124096678,0.002237996
1.421,-0.12409427,0.002407995
1.422,-0.124091692,0.002577994
1.423,-0.124088942,0.002749993
1.424,-0.124086021,0.002920992
1.425,-0.124082926,0.00309499
1.426,-0.124079657,0.003268988
1.427,-0.124076213,0.003443986
1.428,-0.124072593,0.003619984
1.429,-0.124068797,0.003795982
1.43,-0.124064823,0.003973979
1.431,-0.12406067,0.004152976
1.432,-0.124056338,0.004331973
1.433,-0.124051826,0.004511969
1.434,-0.124047133,0.004692966
1.435,-0.124042258,0.004874961
1.436,-0.124037201,0.005056957
1.437,-0.124031961,0.005239952
1.438,-0.124026536,0.005424947
1.439,-0.124020927,0.005608941
1.44,-0.124015133,0.005793935
1.441,-0.124009152,0.005980929
1.442,-0.124002985,0.006166922
1.443,-0.12399663,0.006354914
1.444,-0.123990087,0.006542907
1.445,-0.123983355,0.006731898
1.446,-0.123976433,0.006921889
1.447,-0.123969322,0.00711088
1.448,-0.12396202,0.00730187
1.449,-0.123954527,0.00749286
1.45,-0.123946842,0.007684849
1.451,-0.123938964,0.007877837
1.452,-0.123930894,0.008069825
1.453,-0.12392263,0.008263812
1.454,-0.123914172,0.008457798
1.455,-0.123905519,0.008652784
1.456,-0.123896672,0.008846769
1.457,-0.123887629,0.009042754
1.458,-0.12387839,0.009238737
1.459,-0.123868955,0.00943472
1.46,-0.123859322,0.009632702
1.461,-0.123849492,0.009829683
1.462,-0.123839465,0.010026664
1.463,-0.123829239,0.010225644
1.464,-0.123818815,0.010423622
1.465,-0.123808191,0.0106236
1.466,-0.123797368,0.010822577
1.467,-0.123786346,0.011021554
1.468,-0.123775123,0.011222529
1.469,-0.1237637,0.011422503
1.47,-0.123752076,0.011623477
1.471,-0.123740251,0.011824449
1.472,-0.123728224,0.01202642
1.473,-0.123715995,0.01222839
1.474,-0.123703565,0.01242936
1.475,-0.123690932,0.012632328
1.476,-0.123678096,0.012835295
1.477,-0.123665058,0.013037261
1.478,-0.123651816,0.013241226
1.479,-0.123638371,0.01344419
1.48,-0.123624722,0.013648153
1.481,-0.123610869,0.013852114
1.482,-0.123596812,0.014056074
1.483,-0.123582551,0.014260033
1.484,-0.123568085,0.014464991
1.485,-0.123553415,0.014668948
1.486,-0.123538539,0.014874903
1.487,-0.123523459,0.015078857
1.488,-0.123508173,0.01528481
1.489,-0.123492682,0.015489761
1.49,-0.123476986,0.015694711
1.491,-0.123461083,0.01590166
1.492,-0.123444975,0.016106607
1.493,-0.123428662,0.016311553
1.494,-0.123412142,0.016518497
1.495,-0.123395416,0.016724441
1.496,-0.123378484,0.016930382
1.497,-0.123361345,0.017137322
1.498,-0.123344,0.017343261
1.499,-0.123326449,0.017549198
1.5,-0.123308691,0.017756134
1.501,-0.123290727,0.017962068
1.502,-0.123272556,0.018169
1.503,-0.123254183,0.018370933
1.504,-0.123235616,0.018564867
1.505,-0.123216867,0.018746804
1.506,-0.123197948,0.018916743
1.507,-0.123178877,0.019068688
1.508,-0.12315967,0.019204639
1.509,-0.123140347,0.019320596
1.51,-0.123120927,0.019417559
1.511,-0.123101433,0.019491531
1.512,-0.123081885,0.019545511
1.513,-0.123062307,0.019575499
1.514,-0.123042721,0.019583496
1.515,-0.12302315,0.019568502
1.516,-0.123003617,0.019530516
1.517,-0.122984146,0.01946854
1.518,-0.12296476,0.019383572
1.519,-0.122945482,0.019275612
1.52,-0.122926337,0.019142661
1.521,-0.122907346,0.018988717
1.522,-0.122888532,0.018811781
1.523,-0.122869919,0.018610851
1.524,-0.122851529,0.018387927
1.525,-0.122833383,0.018144009
1.526,-0.122815503,0.017878095
1.527,-0.122797912,0.017589186
1.528,-0.122780629,0.017281279
1.529,-0.122763675,0.016952376
1.53,-0.122747071,0.016602474
1.531,-0.122730837,0.016232574
1.532,-0.122714991,0.015844674
1.533,-0.122699552,0.015437773
1.534,-0.12268454,0.015010872
1.535,-0.122669972,0.01456697
1.536,-0.122655866,0.014105065
1.537,-0.122642239,0.013626157
1.538,-0.122629108,0.013130245
1.539,-0.122616489,0.01261833
1.54,-0.122604397,0.012091411
1.541,-0.122592849,0.011547487
1.542,-0.122581858,0.010990557
1.543,-0.12257144,0.010417623
1.544,-0.122561609,0.009830683
1.545,-0.122552377,0.009231738
1.546,-0.122543758,0.008618787
1.547,-0.122535766,0.00799183
1.548,-0.122528411,0.007354867
1.549,-0.122521706,0.0067049
1.55,-0.122515662,0.006043926
1.551,-0.122510291,0.005370948
1.552,-0.122505602,0.004688966
1.553,-0.122501606,0.003995979
1.554,-0.122498313,0.003292988
1.555,-0.122495731,0.002581994
1.556,-0.12249387,0.001860998
1.557,-0.122492739,0.001131
1.558,-0.122492345,0.000394
1.559,-0.122492696,-0.000351
1.56,-0.122493801,-0.001105
1.561,-0.122495664,-0.001862998
1.562,-0.122498295,-0.002630994
1.563,-0.122501698,-0.003402987
1.564,-0.122505881,-0.004182976
1.565,-0.122510847,-0.004965959
1.566,-0.122516604,-0.005756936
1.567,-0.122523155,-0.006550906
1.568,-0.122530506,-0.007350868
1.569,-0.122538661,-0.008154819
1.57,-0.122547624,-0.00896276
1.571,-0.122557399,-0.009774689
1.572,-0.122567989,-0.010589604
1.573,-0.122579397,-0.011407505
1.574,-0.122591627,-0.01222939
1.575,-0.122604681,-0.013053259
1.576,-0.122618561,-0.013879109
1.577,-0.122633269,-0.01470694
1.578,-0.122648808,-0.015537749
1.579,-0.122665178,-0.016368538
1.58,-0.122682382,-0.017202303
1.581,-0.122700419,-0.018035044
1.582,-0.122719292,-0.01887076
1.583,-0.122739,-0.019705449
1.584,-0.122759544,-0.02054111
1.585,-0.122780925,-0.021377743
1.586,-0.122803141,-0.022212346
1.587,-0.122826194,-0.023048918
1.588,-0.122850082,-0.023883458
1.589,-0.122874804,-0.024716965
1.59,-0.12290036,-0.025550439
1.591,-0.122926749,-0.026382877
1.592,-0.122953969,-0.02721328
1.593,-0.12298202,-0.028043646
1.594,-0.123010899,-0.028870976
1.595,-0.123040604,-0.029696268
1.596,-0.123071134,-0.03052052
1.597,-0.123102487,-0.031342733
1.598,-0.123134659,-0.032160907
1.599,-0.12316765,-0.032979039
1.6,-0.123201456,-0.03379313
1.601,-0.123236074,-0.034604181
1.602,-0.123271501,-0.03541219
1.603,-0.123307735,-0.036218155
1.604,-0.123344773,-0.037021078
1.605,-0.12338261,-0.037818959
1.606,-0.123421244,-0.038614796
1.607,-0.123460671,-0.039406589
1.608,-0.123500888,-0.040195339
1.609,-0.12354189,-0.040979046
1.61,-0.123583673,-0.04175871
1.611,-0.123626234,-0.042535329
1.612,-0.123669569,-0.043307904
1.613,-0.123713672,-0.044074439
1.614,-0.123758541,-0.044838926
1.615,-0.12380417,-0.045597373
1.616,-0.123850555,-0.046351776
1.617,-0.12389769,-0.04710014
1.618,-0.123945573,-0.047846455
1.619,-0.123994197,-0.048585734
1.62,-0.124043558,-0.049320969
1.621,-0.12409365,-0.050050166
1.622,-0.12414447,-0.050776317
1.623,-0.12419601,-0.051494436
1.624,-0.124248268,-0.052210507
1.625,-0.124301236,-0.052918547
1.626,-0.12435491,-0.053622546
1.627,-0.124409284,-0.054320509
1.628,-0.124464354,-0.055014431
1.629,-0.124520112,-0.055700325
1.63,-0.124576554,-0.056382179
1.631,-0.124633674,-0.057058
1.632,-0.124691467,-0.057728785
1.633,-0.124749926,-0.058392543
1.634,-0.124809046,-0.059051266
1.635,-0.12486882,-0.059702963
1.636,-0.124929244,-0.060350623
1.637,-0.124990311,-0.060991259
1.638,-0.125052014,-0.061624872
1.639,-0.125114349,-0.06225445
1.64,-0.125177309,-0.062877007
1.641,-0.125240887,-0.063492543
1.642,-0.125305078,-0.064103051
1.643,-0.125369876,-0.064707537
1.644,-0.125435273,-0.065304009
1.645,-0.125501265,-0.065896452
1.646,-0.125567845,-0.06648188
1.647,-0.125635006,-0.067060294
1.648,-0.125702743,-0.067633685
1.649,-0.125771048,-0.068199069
1.65,-0.125839916,-0.068759433
1.651,-0.12590934,-0.069312787
1.652,-0.125979313,-0.069859133
1.653,-0.12604983,-0.070400462
1.654,-0.126120884,-0.070934785
1.655,-0.126192469,-0.071463098
1.656,-0.126264577,-0.071983412
1.657,-0.126337203,-0.072498713
1.658,-0.12641034,-0.073007013
1.659,-0.126483982,-0.073509308
1.66,-0.126558122,-0.074004604
1.661,-0.126632753,-0.074492902
1.662,-0.12670787,-0.074976192
1.663,-0.126783466,-0.075452488
1.664,-0.126859533,-0.075920795
1.665,-0.126936066,-0.076384097
1.666,-0.127013059,-0.076841403
1.667,-0.127090504,-0.077290723
1.668,-0.127168395,-0.077734049
1.669,-0.127246726,-0.078171381
1.67,-0.12732549,-0.078601726
1.671,-0.12740468,-0.079025085
1.672,-0.127484291,-0.079443448
1.673,-0.127564316,-0.079854827
1.674,-0.127644748,-0.080259224
1.675,-0.12772558,-0.08065664
1.676,-0.127806807,-0.081049063
1.677,-0.127888422,-0.081434508
1.678,-0.127970419,-0.081813969
1.679,-0.12805279,-0.08218546
1.68,-0.12813553,-0.082551962
1.681,-0.128218633,-0.082912483
1.682,-0.128302091,-0.083265038
1.683,-0.128385899,-0.083612606
1.684,-0.12847005,-0.083953204
1.685,-0.128554537,-0.084286832
1.686,-0.128639356,-0.08461647
1.687,-0.128724498,-0.084937154
1.688,-0.128809959,-0.08525385
1.689,-0.128895731,-0.085562587
1.69,-0.128981809,-0.085866344
1.691,-0.129068186,-0.086163137
1.692,-0.129154856,-0.08645396
1.693,-0.129241813,-0.086738813
1.694,-0.129329051,-0.087017698
1.695,-0.129416563,-0.087289622
1.696,-0.129504344,-0.087556571
1.697,-0.129592387,-0.087816562
1.698,-0.129680686,-0.088070587
1.699,-0.129769236,-0.08831964
1.7,-0.129858029,-0.088560744
1.701,-0.129947062,-0.088798861
1.702,-0.130036326,-0.08902804
1.703,-0.130125817,-0.089253241
1.704,-0.130215528,-0.089471489
1.705,-0.130305453,-0.089683776
1.706,-0.130395588,-0.089892088
1.707,-0.130485925,-0.090092456
1.708,-0.130576459,-0.090287858
1.709,-0.130667184,-0.090477302
1.71,-0.130758095,-0.090661781
1.711,-0.130849186,-0.090840302
1.712,-0.130940451,-0.091012868
1.713,-0.131031884,-0.091179477
1.714,-0.13112348,-0.091341124
1.715,-0.131215233,-0.091496815
1.716,-0.131307137,-0.091646552
1.717,-0.131399188,-0.091792319
1.718,-0.131491379,-0.091931141
1.719,-0.131583705,-0.092065002
1.72,-0.131676161,-0.092193902
1.721,-0.131768741,-0.092316849
1.722,-0.131861439,-0.092433845
1.723,-0.131954251,-0.092546873
1.724,-0.132047171,-0.092653949
1.725,-0.132140194,-0.092756067
1.726,-0.132233314,-0.092852234
1.727,-0.132326527,-0.092944433
1.728,-0.132419826,-0.093029692
1.729,-0.132513207,-0.093110984
1.73,-0.132606665,-0.093187317
1.731,-0.132700195,-0.093258693
1.732,-0.132793791,-0.093324121
1.733,-0.132887449,-0.093385582
1.734,-0.132981163,-0.093441095
1.735,-0.133074929,-0.093492642
1.736,-0.133168741,-0.093538241
1.737,-0.133262595,-0.093579874
1.738,-0.133356485,-0.09361556
1.739,-0.133450408,-0.093648271
1.74,-0.133544358,-0.093675035
1.741,-0.13363833,-0.093696842
1.742,-0.13373232,-0.093714685
1.743,-0.133826322,-0.09372658
1.744,-0.133920333,-0.093735501
1.745,-0.134014347,-0.093738475
1.746,-0.134108361,-0.093738475
1.747,-0.134202369,-0.093732527
1.748,-0.134296366,-0.093721624
1.749,-0.134390349,-0.093707746
1.75,-0.134484313,-0.093688912
1.751,-0.134578254,-0.093666114
1.752,-0.134672166,-0.093637367
1.753,-0.134766046,-0.093605647
1.754,-0.134859889,-0.09356897
1.755,-0.134953692,-0.093529319
1.756,-0.135047449,-0.09348372
1.757,-0.135141157,-0.093435147
1.758,-0.135234811,-0.093381617
1.759,-0.135328407,-0.093324121
1.76,-0.135421941,-0.093262659
1.761,-0.135515409,-0.093197231
1.762,-0.135608807,-0.093127837
1.763,-0.135702131,-0.093054476
1.764,-0.135795377,-0.092977149
1.765,-0.13588854,-0.092894864
1.766,-0.135981617,-0.092809603
1.767,-0.136074605,-0.092721367
1.768,-0.136167498,-0.09262718
1.769,-0.136260294,-0.092531009
1.77,-0.136352989,-0.092430871
1.771,-0.136445578,-0.092325773
1.772,-0.136538058,-0.092217698
1.773,-0.136630425,-0.092105655
1.774,-0.136722676,-0.091990635
1.775,-0.136814807,-0.091871647
1.776,-0.136906815,-0.09174968
1.777,-0.136998695,-0.091622753
1.778,-0.137090445,-0.09149384
1.779,-0.137182061,-0.091360957
1.78,-0.137273538,-0.091223112
1.781,-0.137364875,-0.091084272
1.782,-0.137456067,-0.09094047
1.783,-0.137547112,-0.090794681
1.784,-0.137638005,-0.090643928
1.785,-0.137728743,-0.090490196
1.786,-0.137819324,-0.090334476
1.787,-0.137909743,-0.090173792
1.788,-0.137999999,-0.090012111
1.789,-0.138090087,-0.089845466
1.79,-0.138180004,-0.08967584
1.791,-0.138269747,-0.089503233
1.792,-0.138359314,-0.089328637
1.793,-0.138448701,-0.089150066
1.794,-0.138537904,-0.088967522
1.795,-0.138626922,-0.088783979
1.796,-0.138715751,-0.088596462
1.797,-0.138804389,-0.088406954
1.798,-0.138892831,-0.088212479
1.799,-0.138981076,-0.088017004
1.8,-0.13906912,-0.087817554
1.801,-0.139156961,-0.087616112
1.802,-0.139244596,-0.087411686
1.803,-0.139332023,-0.087205267
1.804,-0.139419237,-0.086993879
1.805,-0.139506238,-0.086782483
1.806,-0.139593022,-0.086567109
1.807,-0.139679586,-0.08634875
1.808,-0.139765928,-0.086128396
1.809,-0.139852045,-0.085905057
1.81,-0.139937935,-0.085679724
1.811,-0.140023595,-0.085451404
1.812,-0.140109023,-0.085221089
1.813,-0.140194216,-0.084987787
1.814,-0.140279172,-0.08475249
1.815,-0.140363889,-0.084515198
1.816,-0.140448363,-0.084273924
1.817,-0.140532593,-0.084031648
1.818,-0.140616577,-0.083787376
1.819,-0.140700312,-0.083540115
1.82,-0.140783795,-0.083289865
1.821,-0.140867025,-0.08303861
1.822,-0.140949999,-0.082784366
1.823,-0.141032716,-0.082529118
1.824,-0.141115172,-0.082269886
1.825,-0.141197366,-0.08200965
1.826,-0.141279296,-0.081747416
1.827,-0.14136096,-0.081483184
1.828,-0.141442356,-0.081216953
1.829,-0.141523481,-0.080947731
1.83,-0.141604333,-0.08067651
1.831,-0.141684911,-0.080404284
1.832,-0.141765213,-0.080130058
1.833,-0.141845237,-0.079853833
1.834,-0.14192498,-0.079574615
1.835,-0.142004442,-0.079295384
1.836,-0.142083619,-0.079012166
1.837,-0.142162511,-0.078728935
1.838,-0.142241116,-0.078443704
1.839,-0.142319431,-0.078155478
1.84,-0.142397455,-0.077866246
1.841,-0.142475186,-0.077575012
1.842,-0.142552623,-0.077282771
1.843,-0.142629764,-0.076988529
1.844,-0.142706607,-0.076692285
1.845,-0.142783151,-0.076395033
1.846,-0.142859394,-0.07609578
1.847,-0.142935334,-0.075794524
1.848,-0.14301097,-0.07549226
1.849,-0.143086301,-0.075188988
1.85,-0.143161324,-0.074882719
1.851,-0.143236038,-0.074575441
1.852,-0.143310443,-0.07426815
1.853,-0.143384536,-0.07395786
1.854,-0.143458315,-0.073645567
1.855,-0.143531781,-0.073334255
1.856,-0.143604931,-0.073019944
1.857,-0.143677763,-0.072703629
1.858,-0.143750277,-0.0723873
1.859,-0.143822472,-0.072069961
1.86,-0.143894345,-0.071749623
1.861,-0.143965896,-0.071429271
1.862,-0.144037124,-0.071107909
1.863,-0.144108027,-0.070784542
1.864,-0.144178603,-0.07045917
1.865,-0.144248853,-0.070134778
1.866,-0.144318774,-0.069807386
1.867,-0.144388366,-0.06947998
1.868,-0.144457627,-0.069150567
1.869,-0.144526557,-0.06882114
1.87,-0.144595153,-0.068488712
1.871,-0.144663416,-0.068157264
1.872,-0.144731345,-0.067824806
1.873,-0.144798937,-0.067489346
1.874,-0.144866192,-0.067153871
1.875,-0.14493311,-0.066818381
1.876,-0.144999688,-0.066479889
1.877,-0.145065927,-0.066142377
1.878,-0.145131825,-0.065802859
1.879,-0.145197382,-0.065463326
1.88,-0.145262596,-0.065121786
1.881,-0.145327467,-0.064780231
1.882,-0.145391993,-0.064436669
1.883,-0.145456175,-0.064094088
1.884,-0.14552001,-0.063748504
1.885,-0.145583499,-0.063403901
1.886,-0.145646641,-0.063058286
1.887,-0.145709434,-0.062710665
1.888,-0.145771879,-0.062364024
1.889,-0.145833974,-0.062015376
1.89,-0.145895718,-0.061665716
1.891,-0.145957112,-0.061317038
1.892,-0.146018154,-0.060966352
1.893,-0.146078843,-0.060614655
1.894,-0.14613918,-0.060263939
1.895,-0.146199163,-0.059911216
1.896,-0.146258791,-0.059557481
1.897,-0.146318065,-0.059204728
1.898,-0.146376984,-0.058850964
1.899,-0.146435546,-0.058495191
1.9,-0.146493752,-0.058140401
1.901,-0.146551601,-0.057784599
1.902,-0.146609093,-0.057428782
1.903,-0.146666226,-0.057070957
1.904,-0.146723002,-0.056715112
1.905,-0.146779418,-0.056356261
1.906,-0.146835475,-0.055998393
1.907,-0.146891172,-0.055639513
1.908,-0.146946508,-0.055279623
1.909,-0.147001484,-0.054920714
1.91,-0.1470561,-0.054561792
1.911,-0.147110353,-0.054199865
1.912,-0.147164245,-0.053839917
1.913,-0.147217775,-0.053478958
1.914,-0.147270943,-0.053117986
1.915,-0.147323747,-0.052755005
1.916,-0.147376189,-0.052394004
1.917,-0.147428268,-0.052031993
1.918,-0.147479983,-0.051668971
1.919,-0.147531334,-0.051305935
1.92,-0.14758232,-0.050941888
1.921,-0.147632943,-0.050579823
1.922,-0.147683201,-0.050215749
1.923,-0.147733095,-0.04985266
1.924,-0.147782623,-0.049487562
1.925,-0.147831786,-0.049123448
1.926,-0.147880584,-0.048759322
1.927,-0.147929017,-0.048395183
1.928,-0.147977084,-0.048030033
1.929,-0.148024785,-0.04766487
1.93,-0.148072121,-0.047300692
1.931,-0.14811909,-0.046934506
1.932,-0.148165694,-0.046570304
1.933,-0.148211932,-0.046205091
1.934,-0.148257803,-0.045838867
1.935,-0.148303308,-0.04547363
1.936,-0.148348447,-0.04510838
1.937,-0.14839322,-0.044743118
1.938,-0.148437626,-0.044376847
1.939,-0.148481666,-0.044011561
1.94,-0.14852534,-0.043646264
1.941,-0.148568647,-0.043279956
1.942,-0.148611589,-0.042915634
1.943,-0.148654163,-0.042548306
1.944,-0.148696372,-0.04218396
1.945,-0.148738215,-0.041818606
1.946,-0.148779691,-0.041452241
1.947,-0.148820802,-0.041087863
1.948,-0.148861547,-0.040722475
1.949,-0.148901926,-0.040357076
1.95,-0.148941939,-0.039991666
1.951,-0.148981587,-0.039627244
1.952,-0.149020869,-0.039261814
1.953,-0.149059786,-0.038897371
1.954,-0.149098338,-0.038532918
1.955,-0.149136524,-0.038167456
1.956,-0.149174347,-0.037804979
1.957,-0.149211804,-0.037439497
1.958,-0.149248897,-0.037076002
1.959,-0.149285626,-0.036712497
1.96,-0.14932199,-0.036347984
1.961,-0.149357991,-0.035985459
1.962,-0.149393629,-0.035622924
1.963,-0.149428903,-0.035259381
1.964,-0.149463813,-0.034895829
1.965,-0.149498361,-0.034534265
1.966,-0.149532547,-0.034172692
1.967,-0.14956637,-0.033810111
1.968,-0.149599831,-0.03344852
1.969,-0.14963293,-0.033086921
1.97,-0.149665668,-0.032726312
1.971,-0.149698045,-0.032365694
1.972,-0.14973006,-0.032004069
1.973,-0.149761716,-0.031645432
1.974,-0.149793011,-0.031284789
1.975,-0.149823946,-0.030925138
1.976,-0.149854522,-0.030566477
1.977,-0.149884738,-0.030206809
1.978,-0.149914596,-0.029849132
1.979,-0.149944095,-0.029490448
1.98,-0.149973237,-0.029133755
1.981,-0.15000202,-0.028775055
1.982,-0.150030447,-0.028419346
1.983,-0.150058516,-0.028061632
1.984,-0.150086229,-0.027705909
1.985,-0.150113586,-0.027350178
1.986,-0.150140587,-0.026994441
1.987,-0.150167233,-0.026639696
1.988,-0.150193524,-0.026284945
1.989,-0.150219461,-0.025931186
1.99,-0.150245044,-0.025577421
1.991,-0.150270273,-0.025223649
1.992,-0.15029515,-0.02487187
1.993,-0.150319673,-0.024518086
1.994,-0.150343845,-0.024167294
1.995,-0.150367666,-0.023816496
1.996,-0.150391135,-0.023464693
1.997,-0.150414253,-0.023113883
1.998,-0.150437022,-0.022765067
1.999,-0.150459441,-0.022415245
2,-0.15048151,-0.022065418
2.001,-0.150503232,-0.021718584
2.002,-0.150524599,-0.021363749
2.003,-0.150545603,-0.021000912
2.004,-0.15056623,-0.020624075
2.005,-0.150586465,-0.020232239
2.006,-0.15060629,-0.019822403
2.007,-0.150625687,-0.019394568
2.008,-0.150644633,-0.018943734
2.009,-0.15066311,-0.018474898
2.01,-0.150681096,-0.017984061
2.011,-0.150698569,-0.017471222
2.012,-0.150715507,-0.01693638
2.013,-0.150731891,-0.016382534
2.014,-0.150747698,-0.015805684
2.015,-0.150762909,-0.015209827
2.016,-0.150777502,-0.014591964
2.017,-0.150791459,-0.013956094
2.018,-0.150804759,-0.013299216
2.019,-0.150817385,-0.012625329
2.02,-0.150829317,-0.011931434
2.021,-0.15084054,-0.011222529
2.022,-0.150851035,-0.010494615
2.023,-0.150860787,-0.009751691
2.024,-0.150869779,-0.008991758
2.025,-0.150877997,-0.008217815
2.026,-0.150885427,-0.007429863
2.027,-0.150892055,-0.006627903
2.028,-0.150897867,-0.005811935
2.029,-0.15090285,-0.004982959
2.03,-0.150906994,-0.004143976
2.031,-0.150910287,-0.003292988
2.032,-0.150912718,-0.002430995
2.033,-0.150914277,-0.001558999
2.034,-0.150914954,-0.000677
2.035,-0.15091474,0.000214
2.036,-0.150913627,0.001113
2.037,-0.150911606,0.002020997
2.038,-0.150908671,0.002934992
2.039,-0.150904815,0.003855981
2.04,-0.15090003,0.004784963
2.041,-0.150894311,0.005718938
2.042,-0.150887653,0.006657902
2.043,-0.150880051,0.007601854
2.044,-0.150871499,0.008551792
2.045,-0.150861994,0.009504714
2.046,-0.150851532,0.010461618
2.047,-0.15084011,0.011421503
2.048,-0.150827725,0.012384367
2.049,-0.150814373,0.013351207
2.05,-0.150800054,0.014318021
2.051,-0.150784765,0.015287809
2.052,-0.150768505,0.016258567
2.053,-0.150751272,0.017231294
2.054,-0.150733066,0.018203989
2.055,-0.150713886,0.019177649
2.056,-0.150693732,0.020151272
2.057,-0.150672604,0.021124857
2.058,-0.150650502,0.022098402
2.059,-0.150627428,0.023069906
2.06,-0.150603381,0.024042366
2.061,-0.150578364,0.025011783
2.062,-0.150552377,0.025981152
2.063,-0.150525422,0.026948475
2.064,-0.150497501,0.027913748
2.065,-0.150468616,0.028876971
2.066,-0.150438769,0.029838142
2.067,-0.150407962,0.03079726
2.068,-0.150376199,0.031752325
2.069,-0.150343482,0.032705334
2.07,-0.150309814,0.033655287
2.071,-0.150275198,0.034602184
2.072,-0.150239638,0.035545023
2.073,-0.150203137,0.036484803
2.074,-0.150165698,0.037421522
2.075,-0.150127326,0.038353184
2.076,-0.150088024,0.039281783
2.077,-0.150047797,0.040205322
2.078,-0.150006648,0.041125799
2.079,-0.149964582,0.042041214
2.08,-0.149921603,0.042952566
2.081,-0.149877715,0.043859854
2.082,-0.149832924,0.044761082
2.083,-0.149787234,0.045658246
2.084,-0.149740649,0.046551345
2.085,-0.149693175,0.047438383
2.086,-0.149644816,0.048321355
2.087,-0.149595577,0.049199265
2.088,-0.149545464,0.050071113
2.089,-0.149494482,0.050937899
2.09,-0.149442635,0.051800618
2.091,-0.14938993,0.05265628
2.092,-0.14933637,0.053508873
2.093,-0.149281963,0.054353411
2.094,-0.149226713,0.055193885
2.095,-0.149170626,0.056028299
2.096,-0.149113707,0.056857651
2.097,-0.149055962,0.057680945
2.098,-0.148997396,0.058499177
2.099,-0.148938016,0.059310356
2.1,-0.148877826,0.060117471
2.101,-0.148816832,0.06091853
2.102,-0.148755041,0.061712538
2.103,-0.148692457,0.062502483
2.104,-0.148629088,0.063284382
2.105,-0.148564937,0.064063215
2.106,-0.148500012,0.064834005
2.107,-0.148434319,0.065598743
2.108,-0.148367862,0.066359422
2.109,-0.148300647,0.067114051
2.11,-0.148232682,0.06786064
2.111,-0.148163971,0.068603172
2.112,-0.148094521,0.069338663
2.113,-0.148024336,0.070070097
2.114,-0.147953424,0.070793497
2.115,-0.14788179,0.071511848
2.116,-0.14780944,0.072224156
2.117,-0.14773638,0.072930422
2.118,-0.147662615,0.073631643
2.119,-0.147588152,0.07432583
2.12,-0.147512996,0.075014973
2.121,-0.147437154,0.075697085
2.122,-0.147360631,0.076374156
2.123,-0.147283432,0.077046185
2.124,-0.147205565,0.077710194
2.125,-0.147127034,0.078370158
2.126,-0.147047846,0.079023098
2.127,-0.146968005,0.079671995
2.128,-0.146887519,0.080312876
2.129,-0.146806393,0.080948725
2.13,-0.146724632,0.08157954
2.131,-0.146642242,0.082204331
2.132,-0.14655923,0.082822106
2.133,-0.1464756,0.083435845
2.134,-0.146391358,0.084043564
2.135,-0.146306511,0.08464427
2.136,-0.146221063,0.085240944
2.137,-0.14613502,0.085831601
2.138,-0.146048389,0.086415251
2.139,-0.145961174,0.086994871
2.14,-0.14587338,0.087569472
2.141,-0.145785015,0.088136076
2.142,-0.145696082,0.088699647
2.143,-0.145606588,0.089256217
2.144,-0.145516538,0.089807772
2.145,-0.145425938,0.090353321
2.146,-0.145334792,0.090894849
2.147,-0.145243107,0.091429382
2.148,-0.145150887,0.091959897
2.149,-0.145058138,0.09248441
2.15,-0.144964865,0.093003916
2.151,-0.144871074,0.093517424
2.152,-0.14477677,0.094025926
2.153,-0.144681958,0.094529424
2.154,-0.144586643,0.095027919
2.155,-0.14449083,0.095521412
2.156,-0.144394525,0.096008914
2.157,-0.144297733,0.096491416
2.158,-0.144200458,0.096969911
2.159,-0.144102706,0.097442418
2.16,-0.144004483,0.097908939
2.161,-0.143905792,0.098372446
2.162,-0.143806638,0.098830959
2.163,-0.143707028,0.099282499
2.164,-0.143606965,0.099731028
2.165,-0.143506455,0.100173577
2.166,-0.143405503,0.100611138
2.167,-0.143304113,0.1010447
2.168,-0.14320229,0.101473275
2.169,-0.143100039,0.101896865
2.17,-0.142997364,0.10231646
2.171,-0.142894271,0.102730082
2.172,-0.142790764,0.103139711
2.173,-0.142686848,0.103544358
2.174,-0.142582527,0.103945015
2.175,-0.142477806,0.104340692
2.176,-0.142372689,0.10473238
2.177,-0.142267182,0.105118102
2.178,-0.142161288,0.105500826
2.179,-0.142055012,0.105878575
2.18,-0.141948359,0.10625135
2.181,-0.141841333,0.10662014
2.182,-0.141733938,0.106984947
2.183,-0.141626178,0.107345771
2.184,-0.141518059,0.107700637
2.185,-0.141409584,0.10805251
2.186,-0.141300758,0.108399415
2.187,-0.141191585,0.108742341
2.188,-0.141082069,0.109081288
2.189,-0.140972214,0.109416258
2.19,-0.140862025,0.109746263
2.191,-0.140751505,0.110073281
2.192,-0.140640659,0.110395336
2.193,-0.140529491,0.110713416
2.194,-0.140418005,0.111027523
2.195,-0.140306205,0.111337657
2.196,-0.140194094,0.111644808
2.197,-0.140081678,0.111946011
2.198,-0.139968959,0.11224522
2.199,-0.139855942,0.112539472
2.2,-0.13974263,0.112830741
2.201,-0.139629028,0.113117056
2.202,-0.13951514,0.113399403
2.203,-0.139400968,0.113679758
2.204,-0.139286517,0.113955159
2.205,-0.139171791,0.114226595
2.206,-0.139056793,0.114495053
2.207,-0.138941528,0.11475856
2.208,-0.138825997,0.115021064
2.209,-0.138710207,0.115276645
2.21,-0.138594159,0.115531224
2.211,-0.138477858,0.115780855
2.212,-0.138361307,0.116027512
2.213,-0.138244509,0.116271195
2.214,-0.138127469,0.116509931
2.215,-0.138010189,0.116746681
2.216,-0.137892673,0.116979473
2.217,-0.137774925,0.117208307
2.218,-0.137656948,0.117434169
2.219,-0.137538745,0.117657061
2.22,-0.137420319,0.117876982
2.221,-0.137301675,0.118091962
2.222,-0.137182815,0.118304958
2.223,-0.137063743,0.118513999
2.224,-0.136944461,0.118721058
2.225,-0.136824973,0.118924164
2.226,-0.136705283,0.119123315
2.227,-0.136585393,0.119320486
2.228,-0.136465307,0.119513704
2.229,-0.136345027,0.119704942
2.23,-0.136224557,0.119892228
2.231,-0.1361039,0.120076549
2.232,-0.135983059,0.120257905
2.233,-0.135862037,0.120436296
2.234,-0.135740837,0.120611723
2.235,-0.135619462,0.120784186
2.236,-0.135497915,0.120953685
2.237,-0.135376199,0.121120221
2.238,-0.135254317,0.121283795
2.239,-0.135132271,0.121445391
2.24,-0.135010066,0.121602054
2.241,-0.134887702,0.121758712
2.242,-0.134765184,0.121910437
2.243,-0.134642514,0.122060187
2.244,-0.134519695,0.122206975
2.245,-0.134396729,0.122351788
2.246,-0.13427362,0.122492656
2.247,-0.13415037,0.122631548
2.248,-0.134026982,0.122767481
2.249,-0.133903458,0.122901439
2.25,-0.133779801,0.123032438
2.251,-0.133656015,0.123159493
2.252,-0.1335321,0.123286545
2.253,-0.133408061,0.123408668
2.254,-0.133283899,0.123529802
2.255,-0.133159617,0.123647978
2.256,-0.133035217,0.123764182
2.257,-0.132910703,0.123876443
2.258,-0.132786077,0.123986731
2.259,-0.13266134,0.124096032
2.26,-0.132536496,0.124201392
2.261,-0.132411547,0.124304779
2.262,-0.132286496,0.12440521
2.263,-0.132161344,0.124504653
2.264,-0.132036094,0.124601141
2.265,-0.131910749,0.124694672
2.266,-0.131785311,0.124786233
2.267,-0.131659781,0.124876807
2.268,-0.131534164,0.124962456
2.269,-0.131408459,0.125049088
2.27,-0.131282671,0.125130796
2.271,-0.131156801,0.125211518
2.272,-0.131030851,0.12529027
2.273,-0.130904824,0.125366066
2.274,-0.130778722,0.125439893
2.275,-0.130652547,0.12551175
2.276,-0.1305263,0.125582621
2.277,-0.130399985,0.125649554
2.278,-0.130273603,0.125715501
2.279,-0.130147157,0.125778494
2.28,-0.130020648,0.125840502
2.281,-0.129894079,0.125899557
2.282,-0.129767451,0.125957626
2.283,-0.129640767,0.126012742
2.284,-0.129514028,0.126066873
2.285,-0.129387237,0.12611805
2.286,-0.129260395,0.126168243
2.287,-0.129133505,0.126215483
2.288,-0.129006569,0.126260754
2.289,-0.128879588,0.12630504
2.29,-0.128752564,0.126347357
2.291,-0.128625499,0.126387706
2.292,-0.128498395,0.126426086
2.293,-0.128371254,0.126462498
2.294,-0.128244078,0.126496941
2.295,-0.128116869,0.126529415
2.296,-0.127989627,0.12656189
2.297,-0.127862356,0.126590428
2.298,-0.127735057,0.126617981
2.299,-0.127607731,0.12664455
2.3,-0.127480381,0.126668168
2.301,-0.127353008,0.1266908
2.302,-0.127225614,0.126711465
2.303,-0.127098201,0.126730162
2.304,-0.126970769,0.126748858
2.305,-0.126843322,0.126763618
2.306,-0.12671586,0.126778379
2.307,-0.126588385,0.126791171
2.308,-0.1264609,0.126801011
2.309,-0.126333404,0.126811835
2.31,-0.126205901,0.126818723
2.311,-0.126078391,0.126825611
2.312,-0.125950877,0.126829547
2.313,-0.125823359,0.126833483
2.314,-0.12569584,0.126834467
2.315,-0.12556832,0.126835451
2.316,-0.125440802,0.126833483
2.317,-0.125313286,0.126831515
2.318,-0.125185775,0.126826595
2.319,-0.12505827,0.126820691
2.32,-0.124930772,0.126813803
2.321,-0.124803282,0.126805931
2.322,-0.124675803,0.126795107
2.323,-0.124548335,0.126784283
2.324,-0.124420881,0.126770506
2.325,-0.12429344,0.126757714
2.326,-0.124166016,0.126740986
2.327,-0.124038608,0.126725241
2.328,-0.123911219,0.126706545
2.329,-0.123783849,0.126687848
2.33,-0.123656501,0.126666199
2.331,-0.123529175,0.12664455
2.332,-0.123401873,0.126620933
2.333,-0.123274596,0.126596332
2.334,-0.123147346,0.126569762
2.335,-0.123020123,0.126543192
2.336,-0.122892929,0.126514654
2.337,-0.122765764,0.126486116
2.338,-0.122638632,0.126453641
2.339,-0.122511532,0.12642215
2.34,-0.122384465,0.126389674
2.341,-0.122257434,0.126354246
2.342,-0.122130438,0.126319802
2.343,-0.12200348,0.126282405
2.344,-0.121876561,0.126244023
2.345,-0.121749681,0.126205641
2.346,-0.121622842,0.126165291
2.347,-0.121496045,0.126123955
2.348,-0.121369291,0.126081635
2.349,-0.121242581,0.126038331
2.35,-0.121115916,0.125994042
2.351,-0.120989298,0.125947784
2.352,-0.120862727,0.125901525
2.353,-0.120736205,0.125853297
2.354,-0.120609732,0.125805069
2.355,-0.12048331,0.125754872
2.356,-0.120356939,0.125704674
2.357,-0.120230621,0.125652506
2.358,-0.120104357,0.125599354
2.359,-0.119978148,0.125545217
2.36,-0.119851994,0.125491079
2.361,-0.119725897,0.125434971
2.362,-0.119599857,0.125378863
2.363,-0.119473876,0.125320785
2.364,-0.119347955,0.125261722
2.365,-0.119222094,0.125202658
2.366,-0.119096295,0.125141625
2.367,-0.118970558,0.12508059
2.368,-0.118844884,0.12501857
2.369,-0.118719275,0.12495458
2.37,-0.118593731,0.124890589
2.371,-0.118468252,0.124826597
2.372,-0.118342841,0.124759651
2.373,-0.118217497,0.124693688
2.374,-0.118092222,0.124625755
2.375,-0.117967017,0.124556836
2.376,-0.117841882,0.124487915
2.377,-0.117716818,0.124418009
2.378,-0.117591826,0.124347118
2.379,-0.117466906,0.124276225
2.38,-0.117342061,0.124202376
2.381,-0.11721729,0.124129511
2.382,-0.117092594,0.12405566
2.383,-0.116967974,0.123980823
2.384,-0.116843431,0.123905
2.385,-0.116718965,0.123829175
2.386,-0.116594578,0.12375138
2.387,-0.116470269,0.123674568
2.388,-0.116346041,0.123594799
2.389,-0.116221893,0.123516014
2.39,-0.116097827,0.123435258
2.391,-0.115973842,0.123355485
2.392,-0.11584994,0.123273741
2.393,-0.115726122,0.12319101
2.394,-0.115602388,0.123108278
2.395,-0.115478738,0.123025544
2.396,-0.115355174,0.122940838
2.397,-0.115231696,0.12285613
2.398,-0.115108305,0.122770436
2.399,-0.114985002,0.122683755
2.4,-0.114861786,0.122598057
2.401,-0.11473866,0.122509402
2.402,-0.114615622,0.122422715
2.403,-0.114492676,0.122332086
2.404,-0.114369823,0.12224047
2.405,-0.114247066,0.122145896
2.406,-0.114124407,0.12204935
2.407,-0.114001851,0.121947875
2.408,-0.1138794,0.121844428
2.409,-0.113757058,0.121737036
2.41,-0.113634829,0.121625701
2.411,-0.113512717,0.121510422
2.412,-0.113390724,0.121393169
2.413,-0.113268854,0.12127197
2.414,-0.11314711,0.121147813
2.415,-0.113025497,0.121018724
2.416,-0.112904015,0.120889631
2.417,-0.112782669,0.120755607
2.418,-0.112661462,0.120618622
2.419,-0.112540395,0.120480646
2.42,-0.112419471,0.120339709
2.421,-0.112298693,0.120195811
2.422,-0.112178062,0.120050922
2.423,-0.112057581,0.119903071
2.424,-0.111937252,0.119753243
2.425,-0.111817076,0.119602424
2.426,-0.111697054,0.119450614
2.427,-0.11157719,0.119294854
2.428,-0.111457483,0.119140075
2.429,-0.111337935,0.118983319
2.43,-0.111218547,0.11882557
2.431,-0.111099321,0.118665844
2.432,-0.110980257,0.118506111
2.433,-0.110861356,0.118345387
2.434,-0.11074262,0.118182684
2.435,-0.110624048,0.11802096
2.436,-0.110505642,0.117857259
2.437,-0.110387403,0.117692564
2.438,-0.11026933,0.11752885
2.439,-0.110151425,0.117363157
2.44,-0.110033687,0.117198443
2.441,-0.109916118,0.117031751
2.442,-0.109798718,0.116865052
2.443,-0.109681486,0.116699332
2.444,-0.109564424,0.116531634
2.445,-0.109447532,0.116363929
2.446,-0.109330809,0.116197203
2.447,-0.109214256,0.116029485
2.448,-0.109097874,0.115860774
2.449,-0.108981662,0.115693042
2.45,-0.10886562,0.115525304
2.451,-0.108749749,0.115356573
2.452,-0.108634048,0.115188822
2.453,-0.108518519,0.115019091
2.454,-0.10840316,0.114851327
2.455,-0.108287971,0.114683556
2.456,-0.108172954,0.114513805
2.457,-0.108058107,0.114346021
2.458,-0.107943431,0.114177244
2.459,-0.107828926,0.11400846
2.46,-0.107714591,0.113840657
2.461,-0.107600427,0.11367186
2.462,-0.107486434,0.113503057
2.463,-0.107372611,0.113335235
2.464,-0.107258958,0.113167406
2.465,-0.107145476,0.112998583
2.466,-0.107032164,0.112830741
2.467,-0.106919022,0.112662893
2.468,-0.10680605,0.112495039
2.469,-0.106693247,0.112328165
2.47,-0.106580615,0.112159311
2.471,-0.106468152,0.111992425
2.472,-0.106355859,0.111824545
2.473,-0.106243735,0.111657646
2.474,-0.10613178,0.111490741
2.475,-0.106019994,0.11132383
2.476,-0.105908377,0.111156913
2.477,-0.105796929,0.110989989
2.478,-0.105685649,0.110824047
2.479,-0.105574538,0.110657111
2.48,-0.105463595,0.110491157
2.481,-0.105352821,0.110324209
2.482,-0.105242214,0.11015923
2.483,-0.105131775,0.109993258
2.484,-0.105021504,0.109827279
2.485,-0.1049114,0.109662282
2.486,-0.104801463,0.10949728
2.487,-0.104691694,0.109331283
2.488,-0.104582091,0.109167256
2.489,-0.104472655,0.109002235
2.49,-0.104363386,0.108837209
2.491,-0.104254283,0.108673165
2.492,-0.104145346,0.108509114
2.493,-0.104036575,0.108345058
2.494,-0.10392797,0.108180996
2.495,-0.103819531,0.108016929
2.496,-0.103711257,0.107853843
2.497,-0.103603149,0.107689764
2.498,-0.103495205,0.107527656
2.499,-0.103387427,0.107363565
2.5,-0.103279813,0.107201445
2.501,-0.103172363,0.10703932
2.502,-0.103065078,0.1068762
2.503,-0.102957957,0.106714064
2.504,-0.102851,0.106551921
2.505,-0.102744207,0.106389773
2.506,-0.102637577,0.106228609
2.507,-0.10253111,0.106067438
2.508,-0.102424807,0.105905274
2.509,-0.102318666,0.105745081
2.51,-0.102212688,0.105583894
2.511,-0.102106873,0.105422702
2.512,-0.10200122,0.105262493
2.513,-0.101895729,0.105102279
2.514,-0.1017904,0.104942059
2.515,-0.101685232,0.104782823
2.516,-0.101580226,0.104622592
2.517,-0.101475382,0.104462356
2.518,-0.101370698,0.104304093
2.519,-0.101266176,0.104143847
2.52,-0.101161814,0.103985573
2.521,-0.101057612,0.103827294
2.522,-0.100953571,0.103668021
2.523,-0.100849689,0.103510721
2.524,-0.100745968,0.103351437
2.525,-0.100642406,0.103194127
2.526,-0.100539004,0.103035822
2.527,-0.10043576,0.102879491
2.528,-0.100332676,0.102721176
2.529,-0.10022975,0.102564835
2.53,-0.100126983,0.102407499
2.531,-0.100024375,0.102250158
2.532,-0.099921924,0.102094792
2.533,-0.099819631,0.10193843
2.534,-0.099717496,0.101782064
2.535,-0.099615518,0.101626682
2.536,-0.099513698,0.101470306
2.537,-0.099412034,0.101315904
2.538,-0.099310528,0.101159518
2.539,-0.099209178,0.101005107
2.54,-0.099107984,0.10085069
2.541,-0.099006946,0.100696269
2.542,-0.098906065,0.100540853
2.543,-0.098805339,0.100387413
2.544,-0.098704768,0.100233967
2.545,-0.098604353,0.100079527
2.546,-0.098504093,0.099926072
2.547,-0.098403987,0.099773602
2.548,-0.098304036,0.099620137
2.549,-0.09820424,0.099466668
2.55,-0.098104597,0.099315175
2.551,-0.098005108,0.099162686
2.552,-0.097905773,0.099010193
2.553,-0.097806592,0.098857696
2.554,-0.097707564,0.098706184
2.555,-0.097608688,0.098555658
2.556,-0.097509965,0.098404137
2.557,-0.097411395,0.098252611
2.558,-0.097312977,0.098102072
2.559,-0.097214712,0.097950537
2.56,-0.097116598,0.097800979
2.561,-0.097018635,0.097651417
2.562,-0.096920824,0.097500859
2.563,-0.096823164,0.097351288
2.564,-0.096725655,0.097201712
2.565,-0.096628297,0.097052132
2.566,-0.096531089,0.096903539
2.567,-0.096434031,0.096754941
2.568,-0.096337123,0.096606338
2.569,-0.096240365,0.096457732
2.57,-0.096143757,0.096309121
2.571,-0.096047297,0.096162487
2.572,-0.095950987,0.096013868
2.573,-0.095854825,0.095867226
2.574,-0.095758812,0.095719589
2.575,-0.095662948,0.095571948
2.576,-0.095567231,0.095426285
2.577,-0.095471662,0.095279626
2.578,-0.095376241,0.095132964
2.579,-0.095280967,0.094987288
2.58,-0.09518584,0.094841609
2.581,-0.095090861,0.094694934
2.582,-0.094996027,0.094551228
2.583,-0.094901341,0.094404545
2.584,-0.0948068,0.094260832
2.585,-0.094712405,0.094116123
2.586,-0.094618156,0.093971411
2.587,-0.094524052,0.093827685
2.588,-0.094430094,0.093682965
2.589,-0.094336281,0.093539232
2.59,-0.094242612,0.093396486
2.591,-0.094149088,0.093252745
2.592,-0.094055708,0.093109992
2.593,-0.093962472,0.092967235
2.594,-0.093869379,0.092825466
2.595,-0.09377643,0.092682701
2.596,-0.093683625,0.092539932
2.597,-0.093590963,0.092398152
2.598,-0.093498443,0.092257359
2.599,-0.093406066,0.092115571
2.6,-0.093313831,0.09197477
2.601,-0.093221738,0.091833966
2.602,-0.093129787,0.091693159
2.603,-0.093037978,0.091552347
2.604,-0.09294631,0.091412524
2.605,-0.092854783,0.091272697
2.606,-0.092763396,0.091133859
2.607,-0.092672151,0.090993033
2.608,-0.092581045,0.090855179
2.609,-0.09249008,0.090715338
2.61,-0.092399255,0.090576485
2.611,-0.092308569,0.09043862
2.612,-0.092218023,0.090299761
2.613,-0.092127616,0.090161889
2.614,-0.092037348,0.090024014
2.615,-0.091947218,0.089887128
2.616,-0.091857227,0.089749246
2.617,-0.091767374,0.089612353
2.618,-0.091677658,0.089476449
2.619,-0.091588081,0.089338557
2.62,-0.091498641,0.089202646
2.621,-0.091409338,0.089066732
2.622,-0.091320172,0.088930814
2.623,-0.091231142,0.088795885
2.624,-0.091142249,0.088659961
2.625,-0.091053493,0.088524033
2.626,-0.090964872,0.088390087
2.627,-0.090876387,0.088255145
2.628,-0.090788037,0.088121192
2.629,-0.090699822,0.087987236
2.63,-0.090611743,0.087852285
2.631,-0.090523798,0.087719315
2.632,-0.090435988,0.087585349
2.633,-0.090348312,0.087452373
2.634,-0.090260769,0.087320386
2.635,-0.090173361,0.087186411
2.636,-0.090086086,0.087054418
2.637,-0.089998944,0.086922422
2.638,-0.089911936,0.08678943
2.639,-0.08982506,0.086658421
2.64,-0.089738316,0.086527408
2.641,-0.089651705,0.0863954
2.642,-0.089565226,0.086264381
2.643,-0.089478878,0.086134352
2.644,-0.089392663,0.086002335
2.645,-0.089306578,0.085873293
2.646,-0.089220624,0.085743255
2.647,-0.089134802,0.085612221
2.648,-0.089049109,0.085484163
2.649,-0.088963547,0.085354117
2.65,-0.088878116,0.085224067
2.651,-0.088792813,0.085096993
2.652,-0.088707641,0.084966938
2.653,-0.088622598,0.084838866
2.654,-0.088537684,0.084710791
2.655,-0.088452898,0.084583706
2.656,-0.088368242,0.084454632
2.657,-0.088283713,0.084328535
2.658,-0.088199313,0.084200448
2.659,-0.088115041,0.084073352
2.66,-0.088030896,0.083947247
2.661,-0.087946879,0.083820145
2.662,-0.087862988,0.083695027
2.663,-0.087779225,0.08356792
2.664,-0.087695588,0.083442797
2.665,-0.087612078,0.083316678
2.666,-0.087528694,0.083191549
2.667,-0.087445436,0.083066418
2.668,-0.087362303,0.082942277
2.669,-0.087279296,0.08281714
2.67,-0.087196414,0.082692994
2.671,-0.087113657,0.082568846
2.672,-0.087031025,0.082444695
2.673,-0.086948517,0.082321535
2.674,-0.086866133,0.082198372
2.675,-0.086783874,0.082074213
2.676,-0.086701738,0.081952039
2.677,-0.086619726,0.081828868
2.678,-0.086537836,0.081707682
2.679,-0.08645607,0.081584507
2.68,-0.086374427,0.081462323
2.681,-0.086292906,0.081341129
2.682,-0.086211508,0.08121894
2.683,-0.086130232,0.081097742
2.684,-0.086049077,0.080977535
2.685,-0.085968044,0.080856332
2.686,-0.085887133,0.080735127
2.687,-0.085806342,0.080615906
2.688,-0.085725673,0.080494696
2.689,-0.085645124,0.080375471
2.69,-0.085564695,0.080256243
2.691,-0.085484387,0.08013602
2.692,-0.085404198,0.080017781
2.693,-0.08532413,0.079897553
2.694,-0.08524418,0.079780303
2.695,-0.08516435,0.079661065
2.696,-0.085084639,0.079542817
2.697,-0.085005047,0.079424567
2.698,-0.084925573,0.079307309
2.699,-0.084846217,0.079190048
2.7,-0.08476698,0.079071792
2.701,-0.08468786,0.078955521
2.702,-0.084608858,0.078838254
2.703,-0.084529973,0.078721979
2.704,-0.084451205,0.078605701
2.705,-0.084372554,0.078489421
2.706,-0.08429402,0.07837314
2.707,-0.084215602,0.07825785
2.708,-0.0841373,0.078142558
2.709,-0.084059115,0.07802627
2.71,-0.083981045,0.077911967
2.711,-0.08390309,0.077797663
2.712,-0.083825251,0.077682363
2.713,-0.083747526,0.077569048
2.714,-0.083669917,0.077453744
2.715,-0.083592422,0.077340425
2.716,-0.083515041,0.077227105
2.717,-0.083437775,0.077112788
2.718,-0.083360622,0.077000458
2.719,-0.083283583,0.076887131
2.72,-0.083206657,0.076774797
2.721,-0.083129844,0.076662461
2.722,-0.083053145,0.076549129
2.723,-0.082976558,0.076437783
2.724,-0.082900083,0.076326435
2.725,-0.082823721,0.076214091
2.726,-0.082747471,0.076102739
2.727,-0.082671333,0.075991386
2.728,-0.082595306,0.075881025
2.729,-0.082519391,0.075769667
2.73,-0.082443586,0.075660297
2.731,-0.082367893,0.075548936
2.732,-0.08229231,0.075439561
2.733,-0.082216838,0.075329191
2.734,-0.082141476,0.075219813
2.735,-0.082066224,0.075110433
2.736,-0.081991082,0.075001052
2.737,-0.081916049,0.074892663
2.738,-0.081841126,0.074783278
2.739,-0.081766311,0.07467588
2.74,-0.081691606,0.074566491
2.741,-0.081617009,0.07445909
2.742,-0.081542521,0.074350692
2.743,-0.081468141,0.074243287
2.744,-0.081393869,0.074135881
2.745,-0.081319705,0.074028472
2.746,-0.081245648,0.073922057
2.747,-0.081171698,0.07381564
2.748,-0.081097856,0.073708226
2.749,-0.081024121,0.073601806
2.75,-0.080950492,0.073496378
2.751,-0.08087697,0.073389954
2.752,-0.080803554,0.073284523
2.753,-0.080730244,0.073179091
2.754,-0.080657039,0.073074651
2.755,-0.080583941,0.072968221
2.756,-0.080510948,0.072863778
2.757,-0.08043806,0.072759333
2.758,-0.080365276,0.072655882
2.759,-0.080292598,0.07255044
2.76,-0.080220024,0.072446986
2.761,-0.080147554,0.07234353
2.762,-0.080075189,0.072239078
2.763,-0.080002927,0.072136613
2.764,-0.079930769,0.072033153
2.765,-0.079858714,0.071930686
2.766,-0.079786763,0.071827222
2.767,-0.079714915,0.071724752
2.768,-0.079643169,0.071623275
2.769,-0.079571526,0.071520802
2.77,-0.079499986,0.071418327
2.771,-0.079428547,0.07131784
2.772,-0.079357211,0.071215363
2.773,-0.079285976,0.071114873
2.774,-0.079214843,0.071013388
2.775,-0.079143811,0.070912895
2.776,-0.07907288,0.070812402
2.777,-0.07900205,0.070711907
2.778,-0.078931321,0.07061141
2.779,-0.078860692,0.070511907
2.78,-0.078790164,0.070411408
2.781,-0.078719735,0.070312897
2.782,-0.078649407,0.070212395
2.783,-0.078579178,0.070113881
2.784,-0.078509049,0.070014371
2.785,-0.078439019,0.069915855
2.786,-0.078369088,0.069817338
2.787,-0.078299255,0.069719814
2.788,-0.078229522,0.069620299
2.789,-0.078159887,0.069522772
2.79,-0.07809035,0.069425244
2.791,-0.078020911,0.069327715
2.792,-0.07795157,0.069230185
2.793,-0.077882326,0.069133648
2.794,-0.07781318,0.069036115
2.795,-0.077744131,0.068939576
2.796,-0.07767518,0.068842041
2.797,-0.077606325,0.068746494
2.798,-0.077537566,0.068650947
2.799,-0.077468904,0.068554403
2.8,-0.077400338,0.068458852
2.801,-0.077331869,0.068362306
2.802,-0.077263493,0.068269739
2.803,-0.077195211,0.068176176
2.804,-0.077127017,0.068088584
2.805,-0.07705891,0.068001986
2.806,-0.076990886,0.067919369
2.807,-0.07692294,0.067841728
2.808,-0.07685507,0.067766076
2.809,-0.076787272,0.067694406
2.81,-0.076719543,0.067625722
2.811,-0.076651879,0.067561018
2.812,-0.076584276,0.067500296
2.813,-0.076516733,0.067440569
2.814,-0.076449246,0.067384823
2.815,-0.076381813,0.067331067
2.816,-0.076314431,0.067280298
2.817,-0.076247099,0.067230524
2.818,-0.076179813,0.067184731
2.819,-0.076112573,0.067138938
2.82,-0.076045377,0.067095136
2.821,-0.075978223,0.067053325
2.822,-0.07591111,0.067012509
2.823,-0.075844036,0.066973684
2.824,-0.075777001,0.066934858
2.825,-0.075710003,0.066898024
2.826,-0.075643042,0.066861189
2.827,-0.075576117,0.06682535
2.828,-0.075509228,0.06678951
2.829,-0.075442373,0.066755661
2.83,-0.075375552,0.066721813
2.831,-0.075308765,0.066687964
2.832,-0.075242011,0.06665511
2.833,-0.07517529,0.066622257
2.834,-0.075108603,0.066588407
2.835,-0.075041948,0.066556549
2.836,-0.074975325,0.06652469
2.837,-0.074908735,0.066491836
2.838,-0.074842178,0.066458982
2.839,-0.074775652,0.066428118
2.84,-0.074709159,0.066395264
2.841,-0.074642698,0.066363404
2.842,-0.07457627,0.066330549
2.843,-0.074509874,0.06629869
2.844,-0.074443511,0.066265835
2.845,-0.07437718,0.066233975
2.846,-0.074310882,0.066201119
2.847,-0.074244617,0.066168264
2.848,-0.074178385,0.066135408
2.849,-0.074112186,0.066102552
2.85,-0.074046021,0.0660687
2.851,-0.073979889,0.066035844
2.852,-0.07391379,0.066002988
2.853,-0.073847726,0.06596814
2.854,-0.073781696,0.065934288
2.855,-0.0737157,0.065900435
2.856,-0.073649738,0.065866582
2.857,-0.073583811,0.065831734
2.858,-0.07351792,0.06579589
2.859,-0.073452063,0.065762037
2.86,-0.073386241,0.065727188
2.861,-0.073320456,0.065690347
2.862,-0.073254705,0.065656494
2.863,-0.073188991,0.065619653
2.864,-0.073123313,0.065583807
2.865,-0.073057671,0.065547962
2.866,-0.072992066,0.065511121
2.867,-0.072926498,0.065474279
2.868,-0.072860967,0.065437437
2.869,-0.072795473,0.065400596
2.87,-0.072730016,0.065363753
2.871,-0.072664597,0.065325916
2.872,-0.072599216,0.065288077
2.873,-0.072533873,0.065250239
2.874,-0.072468568,0.0652124
2.875,-0.072403302,0.065173566
2.876,-0.072338074,0.065135727
2.877,-0.072272885,0.065096892
2.878,-0.072207735,0.065058057
2.879,-0.072142625,0.065018226
2.88,-0.072077554,0.064979391
2.881,-0.072012522,0.064940555
2.882,-0.07194753,0.064900723
2.883,-0.071882578,0.064860891
2.884,-0.071817666,0.064821059
2.885,-0.071752795,0.064780231
2.886,-0.071687964,0.064740399
2.887,-0.071623174,0.06469957
2.888,-0.071558425,0.064658742
2.889,-0.071493716,0.064618909
2.89,-0.071429049,0.064577084
2.891,-0.071364423,0.064536254
2.892,-0.071299839,0.064494429
2.893,-0.071235296,0.064453599
2.894,-0.071170796,0.064410777
2.895,-0.071106337,0.064369947
2.896,-0.07104192,0.064328121
2.897,-0.070977546,0.064285298
2.898,-0.070913214,0.064243471
2.899,-0.070848925,0.064200649
2.9,-0.070784679,0.064157825
2.901,-0.070720475,0.064115998
2.902,-0.070656315,0.064072178
2.903,-0.070592198,0.064029355
2.904,-0.070528124,0.063986531
2.905,-0.070464093,0.063943706
2.906,-0.070400107,0.06389889
2.907,-0.070336164,0.063856065
2.908,-0.070272265,0.063812244
2.909,-0.070208409,0.063769419
2.91,-0.070144598,0.063724602
2.911,-0.070080832,0.063679784
2.912,-0.070017109,0.063636958
2.913,-0.069953432,0.063591144
2.914,-0.069889799,0.063547321
2.915,-0.06982621,0.063503499
2.916,-0.069762667,0.063457684
2.917,-0.069699168,0.063413861
2.918,-0.069635715,0.063368045
2.919,-0.069572307,0.063323226
2.92,-0.069508944,0.063278406
2.921,-0.069445627,0.063232589
2.922,-0.069382355,0.063187769
2.923,-0.06931913,0.063140956
2.924,-0.069255949,0.063097131
2.925,-0.069192815,0.063050318
2.926,-0.069129727,0.063004501
2.927,-0.069066685,0.062958683
2.928,-0.069003689,0.062912865
2.929,-0.068940739,0.062867046
2.93,-0.068877836,0.062820232
2.931,-0.068814979,0.062774413
2.932,-0.068752169,0.062727598
2.933,-0.068689406,0.062680782
2.934,-0.068626689,0.062634963
2.935,-0.068564019,0.062588147
2.936,-0.068501397,0.062540334
2.937,-0.068438821,0.062494514
2.938,-0.068376292,0.062447697
2.939,-0.068313811,0.062399884
2.94,-0.068251377,0.062353067
2.941,-0.06818899,0.062306249
2.942,-0.068126651,0.062258435
2.943,-0.06806436,0.062210621
2.944,-0.068002116,0.062163802
2.945,-0.06793992,0.062115987
2.946,-0.067877772,0.062068172
2.947,-0.067815671,0.062021353
2.948,-0.067753619,0.061972541
2.949,-0.067691614,0.061925721
2.95,-0.067629658,0.061876908
2.951,-0.06756775,0.061829092
2.952,-0.06750589,0.061781275
2.953,-0.067444079,0.061732462
2.954,-0.067382315,0.06168564
2.955,-0.067320601,0.06163583
2.956,-0.067258935,0.061588012
2.957,-0.067197317,0.061540194
2.958,-0.067135748,0.061491379
2.959,-0.067074228,0.061442564
2.96,-0.067012757,0.061393749
2.961,-0.066951334,0.061345929
2.962,-0.066889961,0.061296117
2.963,-0.066828636,0.061248297
2.964,-0.066767361,0.061198484
2.965,-0.066706134,0.061150663
2.966,-0.066644957,0.06110085
2.967,-0.066583829,0.061052033
2.968,-0.06652275,0.061003215
2.969,-0.06646172,0.060954397
2.97,-0.06640074,0.060904582
2.971,-0.066339809,0.060855764
2.972,-0.066278928,0.060805948
2.973,-0.066218096,0.060757129
2.974,-0.066157314,0.060707313
2.975,-0.066096582,0.060657497
2.976,-0.066035899,0.060608677
2.977,-0.065975265,0.060559857
2.978,-0.065914682,0.060509044
2.979,-0.065854148,0.060460223
2.98,-0.065793665,0.060409409
2.981,-0.065733231,0.060360587
2.982,-0.065672847,0.060310769
2.983,-0.065612513,0.06026095
2.984,-0.065552229,0.060211132
2.985,-0.065491995,0.060161312
2.986,-0.065431811,0.060111493
2.987,-0.065371678,0.060060677
2.988,-0.065311594,0.060011853
2.989,-0.065251561,0.059961037
2.99,-0.065191578,0.059911216
2.991,-0.065131645,0.059861395
2.992,-0.065071763,0.059810578
2.993,-0.065011931,0.059760756
2.994,-0.064952149,0.059710934
2.995,-0.064892418,0.059660116
2.996,-0.064832737,0.059610293
2.997,-0.064773106,0.059560471
2.998,-0.064713527,0.059508655
2.999,-0.064653997,0.059459828
3,-0.064594519,0.059408011
3.001,-0.06453509,0.059359184
3.002,-0.064475713,0.059307367
3.003,-0.064416386,0.059257542
3.004,-0.06435711,0.059206721
3.005,-0.064297884,0.059156896
3.006,-0.06423871,0.059105078
3.007,-0.064179586,0.059055252
3.008,-0.064120512,0.059005426
3.009,-0.06406149,0.058953607
3.01,-0.064002518,0.05890378
3.011,-0.063943598,0.05885196
3.012,-0.063884728,0.058802133
3.013,-0.063825909,0.058751309
3.014,-0.06376714,0.058701481
3.015,-0.063708423,0.05864966
3.016,-0.063649757,0.058598835
3.017,-0.063591142,0.05854801
3.018,-0.063532577,0.058498181
3.019,-0.063474064,0.058446358
3.02,-0.063415601,0.058396529
3.021,-0.06335719,0.058344706
3.022,-0.06329883,0.058293879
3.023,-0.06324052,0.058244049
3.024,-0.063182262,0.058192225
3.025,-0.063124055,0.058141397
3.026,-0.063065899,0.058090569
3.027,-0.063007794,0.058039741
3.028,-0.06294974,0.057988912
3.029,-0.062891737,0.057938084
3.03,-0.062833785,0.057887254
3.031,-0.062775885,0.057835428
3.032,-0.062718035,0.057785595
3.033,-0.062660237,0.057733769
3.034,-0.06260249,0.057682938
3.035,-0.062544794,0.057632108
3.036,-0.062487149,0.057581277
3.037,-0.062429556,0.057529449
3.038,-0.062372013,0.057479614
3.039,-0.062314522,0.057427785
3.04,-0.062257082,0.057376953
3.041,-0.062199693,0.057326121
3.042,-0.062142355,0.057275288
3.043,-0.062085069,0.057223458
3.044,-0.062027834,0.057172625
3.045,-0.06197065,0.057121791
3.046,-0.061913517,0.057070957
3.047,-0.061856435,0.057020123
3.048,-0.061799405,0.056968292
3.049,-0.061742425,0.056918454
3.05,-0.061685497,0.056866622
3.051,-0.061628621,0.05681479
3.052,-0.061571795,0.056764951
3.053,-0.061515021,0.056713118
3.054,-0.061458297,0.056663279
3.055,-0.061401625,0.056611445
3.056,-0.061345005,0.056559612
3.057,-0.061288435,0.056509771
3.058,-0.061231917,0.056457937
3.059,-0.061175449,0.056408096
3.06,-0.061119033,0.056356261
3.061,-0.061062668,0.056305423
3.062,-0.061006355,0.056253587
3.063,-0.060950092,0.056203745
3.064,-0.060893881,0.056151909
3.065,-0.06083772,0.056102066
3.066,-0.060781611,0.05605023
3.067,-0.060725553,0.05599939
3.068,-0.060669546,0.055948549
3.069,-0.06061359,0.055897709
3.07,-0.060557686,0.055845871
3.071,-0.060501832,0.055796026
3.072,-0.06044603,0.055744188
3.073,-0.060390278,0.055694343
3.074,-0.060334578,0.055642504
3.075,-0.060278929,0.055591662
3.076,-0.06022333,0.055541816
3.077,-0.060167783,0.055489976
3.078,-0.060112287,0.055439133
3.079,-0.060056842,0.055388289
3.08,-0.060001448,0.055337445
3.081,-0.059946104,0.055287598
3.082,-0.059890812,0.055235757
3.083,-0.059835571,0.055184912
3.084,-0.05978038,0.055135064
3.085,-0.059725241,0.055083222
3.086,-0.059670152,0.055033373
3.087,-0.059615115,0.05498153
3.088,-0.059560128,0.054931681
3.089,-0.059505192,0.054880835
3.09,-0.059450307,0.054829988
3.091,-0.059395473,0.054779141
3.092,-0.05934069,0.054728294
3.093,-0.059285957,0.054678443
3.094,-0.059231275,0.054627596
3.095,-0.059176644,0.054576748
3.096,-0.059122064,0.054525899
3.097,-0.059067534,0.054476048
3.098,-0.059013055,0.054425199
3.099,-0.058958627,0.054374349
3.1,-0.05890425,0.0543235
3.101,-0.058849923,0.054273647
3.102,-0.058795646,0.054223794
3.103,-0.058741421,0.054171947
3.104,-0.058687246,0.054122093
3.105,-0.058633121,0.054072239
3.106,-0.058579047,0.054021388
3.107,-0.058525024,0.053970537
3.108,-0.058471051,0.053920682
3.109,-0.058417128,0.053870827
3.11,-0.058363256,0.053819975
3.111,-0.058309435,0.053769122
3.112,-0.058255664,0.053719267
3.113,-0.058201943,0.053669411
3.114,-0.058148273,0.053618557
3.115,-0.058094653,0.053568701
3.116,-0.058041083,0.053518844
3.117,-0.057987563,0.053468987
3.118,-0.057934094,0.053418132
3.119,-0.057880675,0.053368275
3.12,-0.057827307,0.05331742
3.121,-0.057773988,0.053268559
3.122,-0.05772072,0.053217703
3.123,-0.057667502,0.053167845
3.124,-0.057614334,0.053117986
3.125,-0.057561216,0.053068127
3.126,-0.057508148,0.053018267
3.127,-0.05745513,0.052968407
3.128,-0.057402162,0.052918547
3.129,-0.057349244,0.052868687
3.13,-0.057296376,0.052818827
3.131,-0.057243558,0.052768966
3.132,-0.05719079,0.052719105
3.133,-0.057138072,0.052669244
3.134,-0.057085404,0.052619382
3.135,-0.057032785,0.052570517
3.136,-0.056980217,0.052519658
3.137,-0.056927698,0.052470793
3.138,-0.056875228,0.052421928
3.139,-0.056822809,0.052371068
3.14,-0.056770439,0.052322202
3.141,-0.056718119,0.052272338
3.142,-0.056665848,0.052223472
3.143,-0.056613627,0.052173608
3.144,-0.056561456,0.052123744
3.145,-0.056509334,0.052074877
3.146,-0.056457262,0.052025012
3.147,-0.056405239,0.051976145
3.148,-0.056353265,0.051927277
3.149,-0.056301341,0.051877411
3.15,-0.056249466,0.051828543
3.151,-0.056197641,0.051778677
3.152,-0.056145865,0.051729808
3.153,-0.056094138,0.051680939
3.154,-0.056042461,0.051631072
3.155,-0.055990832,0.0515832
3.156,-0.055939253,0.051533333
3.157,-0.055887723,0.051484463
3.158,-0.055836242,0.051435592
3.159,-0.055784811,0.051385724
3.16,-0.055733428,0.051337851
3.161,-0.055682094,0.05128898
3.162,-0.05563081,0.051239111
3.163,-0.055579574,0.051191237
3.164,-0.055528387,0.051142365
3.165,-0.055477249,0.051093493
3.166,-0.05542616,0.051044621
3.167,-0.05537512,0.050995748
3.168,-0.055324128,0.050947873
3.169,-0.055273185,0.050899
3.17,-0.055222291,0.050850126
3.171,-0.055171446,0.050801253
3.172,-0.055120649,0.050753376
3.173,-0.055069901,0.050704502
3.174,-0.055019202,0.050655628
3.175,-0.054968551,0.050607751
3.176,-0.054917948,0.050559874
3.177,-0.054867394,0.050510999
3.178,-0.054816889,0.050462124
3.179,-0.054766431,0.050415243
3.18,-0.054716023,0.05036537
3.181,-0.054665662,0.050318489
3.182,-0.05461535,0.050269613
3.183,-0.054565086,0.050221734
3.184,-0.05451487,0.050173855
3.185,-0.054464703,0.050124978
3.186,-0.054414583,0.050078096
3.187,-0.054364512,0.050029218
3.188,-0.054314489,0.049981338
3.189,-0.054264514,0.049933458
3.19,-0.054214586,0.049886575
3.191,-0.054164707,0.049837697
3.192,-0.054114876,0.049789816
3.193,-0.054065092,0.049742932
3.194,-0.054015357,0.049694053
3.195,-0.053965669,0.049647169
3.196,-0.053916029,0.049599287
3.197,-0.053866437,0.049551405
3.198,-0.053816892,0.04950452
3.199,-0.053767395,0.049456638
3.2,-0.053717946,0.049408755
3.201,-0.053668544,0.049361869
3.202,-0.05361919,0.049313986
3.203,-0.053569884,0.049266103
3.204,-0.053520625,0.049219216
3.205,-0.053471413,0.04917233
3.206,-0.053422248,0.049125444
3.207,-0.053373131,0.049077559
3.208,-0.053324062,0.049029675
3.209,-0.053275039,0.048983785
3.21,-0.053226064,0.0489359
3.211,-0.053177136,0.048889012
3.212,-0.053128255,0.048842124
3.213,-0.053079422,0.048794239
3.214,-0.053030635,0.048748348
3.215,-0.052981895,0.04870146
3.216,-0.052933203,0.048653573
3.217,-0.052884557,0.048607682
3.218,-0.052835958,0.048560793
3.219,-0.052787407,0.048512906
3.22,-0.052738901,0.048468011
3.221,-0.052690443,0.048420124
3.222,-0.052642032,0.048373234
3.223,-0.052593667,0.048327341
3.224,-0.052545349,0.048280451
3.225,-0.052497078,0.04823356
3.226,-0.052448853,0.048187667
3.227,-0.052400675,0.048140776
3.228,-0.052352543,0.048094883
3.229,-0.052304458,0.048047991
3.23,-0.052256419,0.048002097
3.231,-0.052208426,0.047956203
3.232,-0.05216048,0.047909311
3.233,-0.05211258,0.047863416
3.234,-0.052064727,0.047816524
3.235,-0.05201692,0.047770629
3.236,-0.051969159,0.047724734
3.237,-0.051921444,0.047678838
3.238,-0.051873775,0.047632943
3.239,-0.051826152,0.047587047
3.24,-0.051778575,0.047541151
3.241,-0.051731045,0.047494257
3.242,-0.05168356,0.047449358
3.243,-0.051636121,0.047403461
3.244,-0.051588728,0.047357565
3.245,-0.051541381,0.047311668
3.246,-0.051494079,0.047266768
3.247,-0.051446823,0.047220871
3.248,-0.051399613,0.047174973
3.249,-0.051352449,0.047129075
3.25,-0.05130533,0.047084175
3.251,-0.051258257,0.047038277
3.252,-0.051211229,0.046993376
3.253,-0.051164247,0.046947478
3.254,-0.051117311,0.046901579
3.255,-0.051070419,0.046857676
3.256,-0.051023573,0.046811776
3.257,-0.050976773,0.046765877
3.258,-0.050930017,0.046721973
3.259,-0.050883307,0.046676073
3.26,-0.050836642,0.046631171
3.261,-0.050790022,0.046586269
3.262,-0.050743448,0.046540369
3.263,-0.050696918,0.046496464
3.264,-0.050650433,0.046451561
3.265,-0.050603994,0.04640566
3.266,-0.050557599,0.046361755
3.267,-0.050511249,0.046316851
3.268,-0.050464944,0.046271948
3.269,-0.050418684,0.046227044
3.27,-0.050372469,0.04618214
3.271,-0.050326298,0.046138233
3.272,-0.050280172,0.046093329
3.273,-0.050234091,0.046048424
3.274,-0.050188054,0.046004518
3.275,-0.050142062,0.045959613
3.276,-0.050096114,0.045915705
3.277,-0.050050211,0.0458708
3.278,-0.050004352,0.045826893
3.279,-0.049958538,0.045781987
3.28,-0.049912768,0.045738079
3.281,-0.049867042,0.045694171
3.282,-0.049821361,0.045649265
3.283,-0.049775723,0.045606354
3.284,-0.04973013,0.045561448
3.285,-0.049684581,0.045517539
3.286,-0.049639076,0.04547363
3.287,-0.049593616,0.045428723
3.288,-0.049548199,0.045385811
3.289,-0.049502826,0.045341902
3.29,-0.049457497,0.045297992
3.291,-0.049412212,0.045254082
3.292,-0.04936697,0.04521117
3.293,-0.049321773,0.045166262
3.294,-0.049276619,0.04512335
3.295,-0.049231509,0.045079439
3.296,-0.049186443,0.045035528
3.297,-0.04914142,0.044992615
3.298,-0.049096441,0.044948704
3.299,-0.049051505,0.044905791
3.3,-0.049006613,0.04486188
3.301,-0.048961764,0.044818966
3.302,-0.048916958,0.044776052
3.303,-0.048872196,0.04473214
3.304,-0.048827478,0.044688228
3.305,-0.048782802,0.044646312
3.306,-0.04873817,0.044602399
3.307,-0.048693581,0.044559485
3.308,-0.048649035,0.04451657
3.309,-0.048604532,0.044473655
3.31,-0.048560072,0.04443074
3.311,-0.048515656,0.044386827
3.312,-0.048471282,0.044344909
3.313,-0.048426951,0.044301994
3.314,-0.048382663,0.044259078
3.315,-0.048338418,0.044216162
3.316,-0.048294215,0.044174244
3.317,-0.048250056,0.04413033
3.318,-0.048205939,0.044088412
3.319,-0.048161864,0.044046493
3.32,-0.048117833,0.044002578
3.321,-0.048073844,0.04396066
3.322,-0.048029897,0.043918741
3.323,-0.047985993,0.043875823
3.324,-0.047942131,0.043833904
3.325,-0.047898312,0.043790987
3.326,-0.047854535,0.043749067
3.327,-0.047810801,0.043706149
3.328,-0.047767109,0.043664229
3.329,-0.047723459,0.043622309
3.33,-0.047679851,0.043580389
3.331,-0.047636285,0.043538469
3.332,-0.047592761,0.043496548
3.333,-0.04754928,0.043453629
3.334,-0.04750584,0.043412707
3.335,-0.047462443,0.043369788
3.336,-0.047419087,0.043328865
3.337,-0.047375773,0.043286943
3.338,-0.047332502,0.043244024
3.339,-0.047289271,0.043204098
3.34,-0.047246083,0.043161179
3.341,-0.047202936,0.043120255
3.342,-0.047159832,0.043077335
3.343,-0.047116768,0.043037409
3.344,-0.047073746,0.042995486
3.345,-0.047030766,0.042953564
3.346,-0.046987828,0.042911641
3.347,-0.04694493,0.042871715
3.348,-0.046902074,0.042829792
3.349,-0.04685926,0.042787869
3.35,-0.046816487,0.042746944
3.351,-0.046773755,0.042706019
3.352,-0.046731064,0.042665093
3.353,-0.046688415,0.04262317
3.354,-0.046645807,0.042582244
3.355,-0.04660324,0.042541318
3.356,-0.046560714,0.042500392
3.357,-0.046518228,0.042460464
3.358,-0.046475784,0.04241854
3.359,-0.046433381,0.042377614
3.36,-0.046391019,0.042336687
3.361,-0.046348698,0.042295761
3.362,-0.046306417,0.042255832
3.363,-0.046264177,0.042214905
3.364,-0.046221978,0.042173978
3.365,-0.04617982,0.042133051
3.366,-0.046137702,0.042093122
3.367,-0.046095625,0.042052194
3.368,-0.046053588,0.042012265
3.369,-0.046011592,0.041971337
3.37,-0.045969637,0.041930409
3.371,-0.045927722,0.041890479
3.372,-0.045885847,0.04185055
3.373,-0.045844012,0.04181062
3.374,-0.045802218,0.041769691
3.375,-0.045760464,0.041729761
3.376,-0.045718751,0.041688832
3.377,-0.045677077,0.0416499
3.378,-0.045635444,0.041608971
3.379,-0.045593851,0.04156904
3.38,-0.045552298,0.041529109
3.381,-0.045510784,0.041490176
3.382,-0.045469311,0.041449247
3.383,-0.045427878,0.041409315
3.384,-0.045386484,0.041370382
3.385,-0.045345131,0.041329452
3.386,-0.045303817,0.041290518
3.387,-0.045262543,0.041250587
3.388,-0.045221308,0.041211653
3.389,-0.045180114,0.041170722
3.39,-0.045138959,0.041131788
3.391,-0.045097843,0.041092854
3.392,-0.045056767,0.041052922
3.393,-0.045015731,0.041012989
3.394,-0.044974734,0.040974055
3.395,-0.044933776,0.04093512
3.396,-0.044892858,0.040895187
3.397,-0.044851979,0.040856252
3.398,-0.04481114,0.040816319
3.399,-0.044770339,0.040778382
3.4,-0.044729578,0.040738448
3.401,-0.044688856,0.040699513
3.402,-0.044648173,0.040660577
3.403,-0.04460753,0.040620643
3.404,-0.044566925,0.040582706
3.405,-0.044526359,0.04054377
3.406,-0.044485833,0.040503836
3.407,-0.044445345,0.040465898
3.408,-0.044404896,0.040426962
3.409,-0.044364486,0.040388025
3.41,-0.044324114,0.040350087
3.411,-0.044283782,0.040310152
3.412,-0.044243488,0.040272214
3.413,-0.044203232,0.040234276
3.414,-0.044163016,0.04019434
3.415,-0.044122838,0.040156402
3.416,-0.044082698,0.040118463
3.417,-0.044042597,0.040079525
3.418,-0.044002535,0.040040588
3.419,-0.043962511,0.040002649
3.42,-0.043922525,0.039964709
3.421,-0.043882578,0.039925772
3.422,-0.043842668,0.039888831
3.423,-0.043802798,0.039848894
3.424,-0.043762965,0.039811953
3.425,-0.04372317,0.039774013
3.426,-0.043683414,0.039735075
3.427,-0.043643696,0.039697134
3.428,-0.043604016,0.039659194
3.429,-0.043564373,0.039622252
3.43,-0.043524769,0.039583313
3.431,-0.043485203,0.039545373
3.432,-0.043445674,0.039508431
3.433,-0.043406184,0.039469491
3.434,-0.043366731,0.039432549
3.435,-0.043327316,0.039394608
3.436,-0.043287939,0.039356667
3.437,-0.043248599,0.039319724
3.438,-0.043209297,0.039281783
3.439,-0.043170033,0.039243841
3.44,-0.043130806,0.039206898
3.441,-0.043091617,0.039168957
3.442,-0.043052465,0.039132013
3.443,-0.04301335,0.03909507
3.444,-0.042974273,0.039057128
3.445,-0.042935234,0.039019186
3.446,-0.042896231,0.03898324
3.447,-0.042857266,0.038945298
3.448,-0.042818339,0.038907356
3.449,-0.042779448,0.03887141
3.45,-0.042740594,0.038834466
3.451,-0.042701778,0.038796523
3.452,-0.042662999,0.038759579
3.453,-0.042624257,0.038722634
3.454,-0.042585551,0.038686688
3.455,-0.042546883,0.038648745
3.456,-0.042508252,0.0386118
3.457,-0.042469657,0.038575854
3.458,-0.0424311,0.03853791
3.459,-0.042392579,0.038501964
3.46,-0.042354095,0.038465018
3.461,-0.042315647,0.038429072
3.462,-0.042277237,0.038391128
3.463,-0.042238862,0.038356179
3.464,-0.042200525,0.038318235
3.465,-0.042162224,0.038282288
3.466,-0.04212396,0.038245342
3.467,-0.042085732,0.038209394
3.468,-0.04204754,0.038173447
3.469,-0.042009385,0.038136501
3.47,-0.041971267,0.038099554
3.471,-0.041933184,0.038064605
3.472,-0.041895138,0.038027659
3.473,-0.041857128,0.037991711
3.474,-0.041819154,0.037955763
3.475,-0.041781217,0.037918816
3.476,-0.041743316,0.037882868
3.477,-0.04170545,0.037847918
3.478,-0.041667621,0.037810971
3.479,-0.041629828,0.037775022
3.48,-0.041592071,0.037739073
3.481,-0.041554349,0.037704123
3.482,-0.041516664,0.037667176
3.483,-0.041479014,0.037632225
3.484,-0.0414414,0.037596276
3.485,-0.041403822,0.037560327
3.486,-0.04136628,0.037524378
3.487,-0.041328774,0.037488428
3.488,-0.041291303,0.037453477
3.489,-0.041253867,0.037418526
3.49,-0.041216468,0.037381578
3.491,-0.041179104,0.037346627
3.492,-0.041141775,0.037311676
3.493,-0.041104482,0.037275726
3.494,-0.041067224,0.037240774
3.495,-0.041030002,0.037204824
3.496,-0.040992815,0.037169873
3.497,-0.040955663,0.037134921
3.498,-0.040918546,0.037099969
3.499,-0.040881465,0.037064019
3.5,-0.040844419,0.037029067
3.501,-0.040807408,0.036994114
3.502,-0.040770433,0.036958164
3.503,-0.040733492,0.03692421
3.504,-0.040696587,0.036888259
3.505,-0.040659716,0.036854305
3.506,-0.04062288,0.036819353
3.507,-0.04058608,0.036783401
3.508,-0.040549314,0.036749447
3.509,-0.040512583,0.036714495
3.51,-0.040475887,0.036679542
3.511,-0.040439226,0.036644589
3.512,-0.040402599,0.036610634
3.513,-0.040366007,0.036575681
3.514,-0.04032945,0.036540728
3.515,-0.040292927,0.036506773
3.516,-0.040256439,0.03647182
3.517,-0.040219986,0.036436866
3.518,-0.040183567,0.036402911
3.519,-0.040147183,0.036367958
3.52,-0.040110833,0.036334003
3.521,-0.040074517,0.036300047
3.522,-0.040038236,0.036265094
3.523,-0.040001989,0.036231138
3.524,-0.039965777,0.036196184
3.525,-0.039929598,0.036163227
3.526,-0.039893454,0.036128273
3.527,-0.039857344,0.036094317
3.528,-0.039821268,0.036060362
3.529,-0.039785227,0.036025407
3.53,-0.039749219,0.03599245
3.531,-0.039713246,0.035957495
3.532,-0.039677306,0.035924538
3.533,-0.039641401,0.035889583
3.534,-0.039605529,0.035856625
3.535,-0.039569691,0.035822669
3.536,-0.039533887,0.035788712
3.537,-0.039498117,0.035754756
3.538,-0.039462381,0.035720799
3.539,-0.039426678,0.035687841
3.54,-0.03939101,0.035652886
3.541,-0.039355374,0.035620926
3.542,-0.039319773,0.035585971
3.543,-0.039284205,0.035553013
3.544,-0.03924867,0.035520054
3.545,-0.03921317,0.035485098
3.546,-0.039177702,0.035453139
3.547,-0.039142268,0.035419181
3.548,-0.039106868,0.035385224
3.549,-0.039071501,0.035352265
3.55,-0.039036167,0.035319306
3.551,-0.039000866,0.035286347
3.552,-0.038965599,0.03525239
3.553,-0.038930365,0.035219431
3.554,-0.038895164,0.035186471
3.555,-0.038859997,0.035152514
3.556,-0.038824862,0.035120553
3.557,-0.038789761,0.035086595
3.558,-0.038754693,0.035053635
3.559,-0.038719657,0.035021675
3.56,-0.038684655,0.034987716
3.561,-0.038649686,0.034954757
3.562,-0.038614749,0.034922796
3.563,-0.038579846,0.034888837
3.564,-0.038544975,0.034856876
3.565,-0.038510137,0.034823916
3.566,-0.038475332,0.034790956
3.567,-0.03844056,0.034757996
3.568,-0.03840582,0.034726035
3.569,-0.038371113,0.034693074
3.57,-0.038336439,0.034660114
3.571,-0.038301797,0.034628152
3.572,-0.038267188,0.034595192
3.573,-0.038232611,0.03456323
3.574,-0.038198067,0.03453027
3.575,-0.038163555,0.034498308
3.576,-0.038129076,0.034465347
3.577,-0.038094629,0.034433385
3.578,-0.038060214,0.034401423
3.579,-0.038025832,0.034368462
3.58,-0.037991482,0.034336499
3.581,-0.037957164,0.034304537
3.582,-0.037922879,0.034271576
3.583,-0.037888625,0.034240612
3.584,-0.037854404,0.034207651
3.585,-0.037820215,0.034175688
3.586,-0.037786058,0.034143726
3.587,-0.037751933,0.034111763
3.588,-0.03771784,0.0340798
3.589,-0.037683779,0.034047837
3.59,-0.03764975,0.034015874
3.591,-0.037615753,0.033983911
3.592,-0.037581788,0.033951948
3.593,-0.037547855,0.033919985
3.594,-0.037513953,0.033889021
3.595,-0.037480083,0.033857057
3.596,-0.037446245,0.033825094
3.597,-0.037412439,0.03379313
3.598,-0.037378664,0.033762166
3.599,-0.037344921,0.033730202
3.6,-0.037311209,0.033699237
3.601,-0.037277529,0.033667274
3.602,-0.037243881,0.03363531
3.603,-0.037210264,0.033604345
3.604,-0.037176678,0.03357338
3.605,-0.037143124,0.033541416
3.606,-0.037109602,0.033509452
3.607,-0.037076111,0.033478487
3.608,-0.037042651,0.033447521
3.609,-0.037009222,0.033416556
3.61,-0.036975825,0.033384592
3.611,-0.036942458,0.033354625
3.612,-0.036909123,0.033322661
3.613,-0.03687582,0.033290696
3.614,-0.036842547,0.033260729
3.615,-0.036809305,0.033229764
3.616,-0.036776095,0.033197799
3.617,-0.036742915,0.033167832
3.618,-0.036709767,0.033135867
3.619,-0.036676649,0.0331059
3.62,-0.036643563,0.033073935
3.621,-0.036610507,0.033043968
3.622,-0.036577482,0.033013002
3.623,-0.036544488,0.032982035
3.624,-0.036511525,0.032951069
3.625,-0.036478593,0.032920103
3.626,-0.036445691,0.032890135
3.627,-0.03641282,0.032859169
3.628,-0.03637998,0.032828202
3.629,-0.03634717,0.032798234
3.63,-0.036314391,0.032767268
3.631,-0.036281642,0.0327373
3.632,-0.036248924,0.032706333
3.633,-0.036216237,0.032675366
3.634,-0.03618358,0.032645398
3.635,-0.036150953,0.03261543
3.636,-0.036118357,0.032584463
3.637,-0.036085791,0.032554495
3.638,-0.036053256,0.032523528
3.639,-0.036020751,0.032493559
3.64,-0.035988276,0.032463591
3.641,-0.035955831,0.032433622
3.642,-0.035923417,0.032402655
3.643,-0.035891033,0.032372686
3.644,-0.035858679,0.032342718
3.645,-0.035826355,0.032312749
3.646,-0.035794061,0.032282781
3.647,-0.035761797,0.032252812
3.648,-0.035729563,0.032222843
3.649,-0.035697359,0.032192874
3.65,-0.035665185,0.032162905
3.651,-0.035633042,0.032131937
3.652,-0.035600928,0.032102967
3.653,-0.035568843,0.032073997
3.654,-0.035536789,0.032043029
3.655,-0.035504765,0.032013059
3.656,-0.03547277,0.031984089
3.657,-0.035440805,0.03195412
3.658,-0.035408869,0.031925149
3.659,-0.035376964,0.031894181
3.66,-0.035345088,0.03186521
3.661,-0.035313241,0.03183624
3.662,-0.035281425,0.031805271
3.663,-0.035249637,0.031777299
3.664,-0.03521788,0.031746331
3.665,-0.035186151,0.031718359
3.666,-0.035154453,0.03168739
3.667,-0.035122783,0.031659418
3.668,-0.035091143,0.031629448
3.669,-0.035059533,0.031599478
3.67,-0.035027951,0.031571506
3.671,-0.034996399,0.031541536
3.672,-0.034964877,0.031511566
3.673,-0.034933383,0.031483594
3.674,-0.034901919,0.031453623
3.675,-0.034870484,0.031424652
3.676,-0.034839078,0.03139568
3.677,-0.034807701,0.031366709
3.678,-0.034776353,0.031337738
3.679,-0.034745035,0.031307767
3.68,-0.034713745,0.031279794
3.681,-0.034682484,0.031250823
3.682,-0.034651253,0.031220852
3.683,-0.03462005,0.031192879
3.684,-0.034588876,0.031163907
3.685,-0.034557731,0.031134936
3.686,-0.034526615,0.031105964
3.687,-0.034495527,0.031077991
3.688,-0.034464469,0.03104802
3.689,-0.034433439,0.031020047
3.69,-0.034402438,0.030991074
3.691,-0.034371466,0.030962102
3.692,-0.034340522,0.030934129
3.693,-0.034309607,0.030905157
3.694,-0.03427872,0.030877183
3.695,-0.034247862,0.030848211
3.696,-0.034217033,0.030819239
3.697,-0.034186232,0.030791265
3.698,-0.03415546,0.030762293
3.699,-0.034124716,0.030734319
3.7,-0.034094,0.030706346
3.701,-0.034063313,0.030677373
3.702,-0.034032654,0.030649399
3.703,-0.034002024,0.030620426
3.704,-0.033971422,0.030592453
3.705,-0.033940848,0.030564479
3.706,-0.033910302,0.030536505
3.707,-0.033879785,0.030507532
3.708,-0.033849295,0.030480557
3.709,-0.033818834,0.030451584
3.71,-0.033788401,0.03042361
3.711,-0.033757996,0.030395636
3.712,-0.03372762,0.030366663
3.713,-0.033697271,0.030339687
3.714,-0.03366695,0.030311713
3.715,-0.033636657,0.030283739
3.716,-0.033606393,0.030254765
3.717,-0.033576156,0.03022779
3.718,-0.033545947,0.030199816
3.719,-0.033515766,0.030171841
3.72,-0.033485612,0.030144866
3.721,-0.033455487,0.030115892
3.722,-0.033425389,0.030088916
3.723,-0.033395319,0.030060942
3.724,-0.033365277,0.030032967
3.725,-0.033335262,0.030005991
3.726,-0.033305275,0.029978017
3.727,-0.033275316,0.029950042
3.728,-0.033245384,0.029923066
3.729,-0.03321548,0.029895091
3.73,-0.033185604,0.029867116
3.731,-0.033155755,0.02984014
3.732,-0.033125933,0.029813164
3.733,-0.033096139,0.029785189
3.734,-0.033066372,0.029758213
3.735,-0.033036633,0.029730238
3.736,-0.033006921,0.029703261
3.737,-0.032977237,0.029675286
3.738,-0.032947579,0.029649309
3.739,-0.032917949,0.029621333
3.74,-0.032888347,0.029593358
3.741,-0.032858771,0.029567381
3.742,-0.032829223,0.029539405
3.743,-0.032799702,0.029512429
3.744,-0.032770208,0.029485452
3.745,-0.032740741,0.029458476
3.746,-0.032711302,0.0294305
3.747,-0.032681889,0.029404522
3.748,-0.032652503,0.029377546
3.749,-0.032623145,0.02934957
3.75,-0.032593813,0.029323592
3.751,-0.032564509,0.029295616
3.752,-0.032535231,0.029269639
3.753,-0.03250598,0.029242662
3.754,-0.032476756,0.029215685
3.755,-0.032447559,0.029188708
3.756,-0.032418389,0.029161731
3.757,-0.032389245,0.029135753
3.758,-0.032360128,0.029108776
3.759,-0.032331038,0.029081799
3.76,-0.032301975,0.029054821
3.761,-0.032272938,0.029028843
3.762,-0.032243928,0.029001866
3.763,-0.032214945,0.028974889
3.764,-0.032185988,0.028948911
3.765,-0.032157058,0.028921933
3.766,-0.032128154,0.028895955
3.767,-0.032099277,0.028868977
3.768,-0.032070427,0.028842
3.769,-0.032041602,0.028817021
3.77,-0.032012805,0.028789044
3.771,-0.031984033,0.028764065
3.772,-0.031955288,0.028737087
3.773,-0.03192657,0.028710109
3.774,-0.031897877,0.02868513
3.775,-0.031869211,0.028658152
3.776,-0.031840571,0.028632173
3.777,-0.031811958,0.028605195
3.778,-0.031783371,0.028579217
3.779,-0.031754809,0.028554237
3.78,-0.031726274,0.028527259
3.781,-0.031697766,0.028500281
3.782,-0.031669283,0.028475301
3.783,-0.031640826,0.028449322
3.784,-0.031612396,0.028422344
3.785,-0.031583991,0.028397364
3.786,-0.031555613,0.028370386
3.787,-0.03152726,0.028345406
3.788,-0.031498933,0.028319427
3.789,-0.031470633,0.028292449
3.79,-0.031442358,0.028267469
3.791,-0.031414109,0.028241489
3.792,-0.031385886,0.02821551
3.793,-0.031357688,0.02819053
3.794,-0.031329517,0.028163551
3.795,-0.031301371,0.028138571
3.796,-0.031273251,0.028112592
3.797,-0.031245157,0.028086612
3.798,-0.031217088,0.028061632
3.799,-0.031189045,0.028035652
3.8,-0.031161028,0.028009673
3.801,-0.031133036,0.027984692
3.802,-0.03110507,0.027958713
3.803,-0.031077129,0.027933732
3.804,-0.031049214,0.027907752
3.805,-0.031021325,0.027881773
3.806,-0.030993461,0.027856792
3.807,-0.030965622,0.027831812
3.808,-0.030937809,0.027805832
3.809,-0.030910021,0.027780851
3.81,-0.030882259,0.027754871
3.811,-0.030854522,0.02772989
3.812,-0.03082681,0.027704909
3.813,-0.030799123,0.027679929
3.814,-0.030771462,0.027653948
3.815,-0.030743826,0.027628968
3.816,-0.030716215,0.027603987
3.817,-0.03068863,0.027578006
3.818,-0.030661069,0.027554025
3.819,-0.030633534,0.027528044
3.82,-0.030606024,0.027503063
3.821,-0.030578539,0.027478082
3.822,-0.030551079,0.027453101
3.823,-0.030523644,0.02742812
3.824,-0.030496234,0.027403139
3.825,-0.030468849,0.027378157
3.826,-0.030441489,0.027353176
3.827,-0.030414154,0.027328195
3.828,-0.030386844,0.027303213
3.829,-0.030359559,0.027278232
3.83,-0.030332298,0.02725425
3.831,-0.030305063,0.027228269
3.832,-0.030277852,0.027204287
3.833,-0.030250666,0.027179305
3.834,-0.030223505,0.027154324
3.835,-0.030196369,0.027129342
3.836,-0.030169257,0.02710536
3.837,-0.03014217,0.027080378
3.838,-0.030115108,0.027055397
3.839,-0.03008807,0.027031414
3.84,-0.030061057,0.027006432
3.841,-0.030034068,0.02698245
3.842,-0.030007104,0.026957468
3.843,-0.029980165,0.026932486
3.844,-0.02995325,0.026908504
3.845,-0.029926359,0.026884521
3.846,-0.029899493,0.026859539
3.847,-0.029872652,0.026834557
3.848,-0.029845835,0.026810574
3.849,-0.029819042,0.026786592
3.85,-0.029792274,0.026761609
3.851,-0.02976553,0.026737627
3.852,-0.02973881,0.026713644
3.853,-0.029712115,0.026688662
3.854,-0.029685444,0.026664679
3.855,-0.029658797,0.026640696
3.856,-0.029632174,0.026616713
3.857,-0.029605576,0.02659173
3.858,-0.029579001,0.026568747
3.859,-0.029552451,0.026543764
3.86,-0.029525925,0.026519781
3.861,-0.029499423,0.026495798
3.862,-0.029472945,0.026471815
3.863,-0.029446492,0.026446832
3.864,-0.029420062,0.026423848
3.865,-0.029393656,0.026399865
3.866,-0.029367274,0.026375882
3.867,-0.029340916,0.026351899
3.868,-0.029314583,0.026326916
3.869,-0.029288273,0.026303932
3.87,-0.029261986,0.026280948
3.871,-0.029235724,0.026255965
3.872,-0.029209486,0.026231981
3.873,-0.029183271,0.026208997
3.874,-0.02915708,0.026185014
3.875,-0.029130913,0.02616103
3.876,-0.02910477,0.026137047
3.877,-0.02907865,0.026114062
3.878,-0.029052554,0.026090079
3.879,-0.029026482,0.026066095
3.88,-0.029000434,0.026042111
3.881,-0.028974409,0.026019127
3.882,-0.028948407,0.025996142
3.883,-0.02892243,0.025971159
3.884,-0.028896475,0.025949174
3.885,-0.028870545,0.025924191
3.886,-0.028844637,0.025902206
3.887,-0.028818754,0.025877222
3.888,-0.028792893,0.025855237
3.889,-0.028767057,0.025830254
3.89,-0.028741243,0.025808268
3.891,-0.028715453,0.025784284
3.892,-0.028689686,0.0257613
3.893,-0.028663943,0.025737316
3.894,-0.028638223,0.025714331
3.895,-0.028612526,0.025691346
3.896,-0.028586853,0.025667362
3.897,-0.028561203,0.025644377
3.898,-0.028535576,0.025621392
3.899,-0.028509972,0.025598407
3.9,-0.028484391,0.025575422
3.901,-0.028458834,0.025551438
3.902,-0.0284333,0.025528453
3.903,-0.028407789,0.025505468
3.904,-0.0283823,0.025483482
3.905,-0.028356835,0.025459498
3.906,-0.028331393,0.025436513
3.907,-0.028305974,0.025413527
3.908,-0.028280579,0.025389543
3.909,-0.028255206,0.025367557
3.91,-0.028229855,0.025345571
3.911,-0.028204528,0.025321587
3.912,-0.028179224,0.025298601
3.913,-0.028153943,0.025275616
3.914,-0.028128684,0.02525363
3.915,-0.028103449,0.025229645
3.916,-0.028078236,0.025207659
3.917,-0.028053046,0.025184674
3.918,-0.028027879,0.025161689
3.919,-0.028002734,0.025139703
3.92,-0.027977612,0.025116717
3.921,-0.027952513,0.025093732
3.922,-0.027927437,0.025070746
3.923,-0.027902383,0.02504876
3.924,-0.027877352,0.025025774
3.925,-0.027852344,0.025002789
3.926,-0.027827358,0.024980802
3.927,-0.027802394,0.024958816
3.928,-0.027777454,0.024934831
3.929,-0.027752535,0.024913844
3.93,-0.02772764,0.024889859
3.931,-0.027702766,0.024868872
3.932,-0.027677916,0.024844887
3.933,-0.027653087,0.0248239
3.934,-0.027628281,0.024800914
3.935,-0.027603498,0.024777928
3.936,-0.027578736,0.024756941
3.937,-0.027553998,0.024732956
3.938,-0.027529281,0.024711968
3.939,-0.027504587,0.024688982
3.94,-0.027479915,0.024666996
3.941,-0.027455265,0.024645009
3.942,-0.027430638,0.024622023
3.943,-0.027406033,0.024600036
3.944,-0.02738145,0.02457805
3.945,-0.027356889,0.024556063
3.946,-0.02733235,0.024534076
3.947,-0.027307833,0.02451209
3.948,-0.027283339,0.024489103
3.949,-0.027258867,0.024467117
3.95,-0.027234416,0.024446129
3.951,-0.027209988,0.024423143
3.952,-0.027185582,0.024401156
3.953,-0.027161198,0.024379169
3.954,-0.027136835,0.024358181
3.955,-0.027112495,0.024335195
3.956,-0.027088177,0.024313208
3.957,-0.02706388,0.02429222
3.958,-0.027039606,0.024269234
3.959,-0.027015353,0.024248246
3.96,-0.026991122,0.024226259
3.961,-0.026966913,0.024204272
3.962,-0.026942726,0.024182285
3.963,-0.02691856,0.024161297
3.964,-0.026894417,0.024138311
3.965,-0.026870295,0.024117323
3.966,-0.026846195,0.024095336
3.967,-0.026822116,0.024074348
3.968,-0.026798059,0.024052361
3.969,-0.026774024,0.024030373
3.97,-0.026750011,0.024008386
3.971,-0.026726019,0.023987398
3.972,-0.026702048,0.02396641
3.973,-0.0266781,0.023943423
3.974,-0.026654173,0.023922435
3.975,-0.026630267,0.023901447
3.976,-0.026606383,0.02387946
3.977,-0.02658252,0.023858472
3.978,-0.026558679,0.023836485
3.979,-0.026534859,0.023815496
3.98,-0.026511061,0.023793509
3.981,-0.026487284,0.023772521
3.982,-0.026463529,0.023750533
3.983,-0.026439794,0.023730544
3.984,-0.026416082,0.023707557
3.985,-0.02639239,0.023687569
3.986,-0.02636872,0.023665581
3.987,-0.026345071,0.023644593
3.988,-0.026321444,0.023622605
3.989,-0.026297837,0.023602616
3.99,-0.026274252,0.023580628
3.991,-0.026250688,0.02355964
3.992,-0.026227145,0.023538652
3.993,-0.026203624,0.023516664
3.994,-0.026180123,0.023496675
3.995,-0.026156644,0.023474687
3.996,-0.026133186,0.023453699
3.997,-0.026109748,0.02343371
3.998,-0.026086332,0.023411722
3.999,-0.026062937,0.023390733
4,-0.026039563,0.023369745
4.001,-0.02601621,0.023348756
4.002,-0.025992894,0.023311776
4.003,-0.02596963,0.023259804
4.004,-0.025946433,0.023192841
4.005,-0.025923314,0.023114882
4.006,-0.025900286,0.023023931
4.007,-0.025877361,0.022920985
4.008,-0.025854547,0.022810043
4.009,-0.025831854,0.022689106
4.01,-0.025809292,0.022558173
4.011,-0.025786868,0.022420243
4.012,-0.025764589,0.022275315
4.013,-0.025742462,0.02212339
4.014,-0.025720494,0.021964467
4.015,-0.025698689,0.021801545
4.016,-0.025677054,0.021631625
4.017,-0.025655592,0.021458706
4.018,-0.025634308,0.021280787
4.019,-0.025613206,0.021098869
4.02,-0.025592289,0.02091395
4.021,-0.025571561,0.020725032
4.022,-0.025551024,0.020534113
4.023,-0.025530681,0.020340194
4.024,-0.025510534,0.020144275
4.025,-0.025490585,0.019946354
4.026,-0.025470836,0.019746433
4.027,-0.025451288,0.019545511
4.028,-0.025431942,0.019343587
4.029,-0.0254128,0.019139663
4.03,-0.025393863,0.018934737
4.031,-0.025375131,0.01872981
4.032,-0.025356605,0.018523881
4.033,-0.025338285,0.018317951
4.034,-0.025320172,0.01811102
4.035,-0.025302265,0.017905086
4.036,-0.025284565,0.017698152
4.037,-0.025267072,0.017491216
4.038,-0.025249786,0.017284279
4.039,-0.025232705,0.017079339
4.04,-0.025215831,0.016872399
4.041,-0.025199162,0.016667456
4.042,-0.025182697,0.016463512
4.043,-0.025166437,0.016258567
4.044,-0.025150381,0.01605462
4.045,-0.025134527,0.015852672
4.046,-0.025118876,0.015649722
4.047,-0.025103426,0.015448771
4.048,-0.025088176,0.015248818
4.049,-0.025073126,0.015048864
4.05,-0.025058275,0.014849908
4.051,-0.025043621,0.014652951
4.052,-0.025029163,0.014456993
4.053,-0.025014901,0.014261033
4.054,-0.025000833,0.014067072
4.055,-0.024986958,0.01387411
4.056,-0.024973276,0.013681146
4.057,-0.024959784,0.013491181
4.058,-0.024946482,0.013301216
4.059,-0.024933369,0.013112248
4.06,-0.024920442,0.01292628
4.061,-0.024907702,0.012739311
4.062,-0.024895147,0.01255434
4.063,-0.024882775,0.012371369
4.064,-0.024870586,0.012188396
4.065,-0.024858577,0.012008423
4.066,-0.024846749,0.011827448
4.067,-0.024835099,0.011649473
4.068,-0.024823626,0.011472497
4.069,-0.024812328,0.011297519
4.07,-0.024801206,0.011121541
4.071,-0.024790256,0.010949562
4.072,-0.024779479,0.010776583
4.073,-0.024768872,0.010606602
4.074,-0.024758435,0.010436621
4.075,-0.024748166,0.010268639
4.076,-0.024738063,0.010102656
4.077,-0.024728126,0.009936673
4.078,-0.024718353,0.009772689
4.079,-0.024708743,0.009609704
4.08,-0.024699294,0.009448719
4.081,-0.024690006,0.009287733
4.082,-0.024680876,0.009129746
4.083,-0.024671904,0.008971759
4.084,-0.024663089,0.008814772
4.085,-0.024654429,0.008659784
4.086,-0.024645923,0.008505795
4.087,-0.024637569,0.008353806
4.088,-0.024629366,0.008202816
4.089,-0.024621314,0.008051826
4.09,-0.02461341,0.007903835
4.091,-0.024605654,0.007755844
4.092,-0.024598045,0.007608853
4.093,-0.02459058,0.007464861
4.094,-0.024583259,0.007320869
4.095,-0.024576081,0.007177877
4.096,-0.024569045,0.007035884
4.097,-0.024562148,0.006896891
4.098,-0.024555391,0.006756897
4.099,-0.024548771,0.006619903
4.1,-0.024542289,0.006481909
4.101,-0.024535941,0.006347915
4.102,-0.024529728,0.00621292
4.103,-0.024523648,0.006079925
4.104,-0.0245177,0.00594793
4.105,-0.024511883,0.005816934
4.106,-0.024506196,0.005686939
4.107,-0.024500637,0.005558943
4.108,-0.024495206,0.005430947
4.109,-0.0244899,0.00530595
4.11,-0.02448472,0.005179954
4.111,-0.024479665,0.005054957
4.112,-0.024474732,0.00493296
4.113,-0.024469921,0.004810963
4.114,-0.02446523,0.004690966
4.115,-0.02446066,0.004569968
4.116,-0.024456208,0.004451971
4.117,-0.024451874,0.004333973
4.118,-0.024447656,0.004217975
4.119,-0.024443554,0.004101977
4.12,-0.024439566,0.003987979
4.121,-0.024435691,0.003874981
4.122,-0.024431929,0.003761982
4.123,-0.024428279,0.003649984
4.124,-0.024424738,0.003540985
4.125,-0.024421307,0.003430987
4.126,-0.024417984,0.003322988
4.127,-0.024414769,0.003214989
4.128,-0.02441166,0.00310899
4.129,-0.024408656,0.003003991
4.13,-0.024405757,0.002898992
4.131,-0.024402961,0.002795993
4.132,-0.024400267,0.002693993
4.133,-0.024397675,0.002591994
4.134,-0.024395184,0.002490995
4.135,-0.024392792,0.002391995
4.136,-0.024390499,0.002292996
4.137,-0.024388304,0.002194996
4.138,-0.024386205,0.002098997
4.139,-0.024384203,0.002001997
4.14,-0.024382295,0.001907998
4.141,-0.024380482,0.001812998
4.142,-0.024378762,0.001719998
4.143,-0.024377134,0.001627999
4.144,-0.024375598,0.001535999
4.145,-0.024374152,0.001445999
4.146,-0.024372796,0.001355999
4.147,-0.024371529,0.001266999
4.148,-0.02437035,0.001178999
4.149,-0.024369258,0.001092
4.15,-0.024368253,0.001005
4.151,-0.024367333,0.00092
4.152,-0.024366497,0.000836
4.153,-0.024365746,0.000751
4.154,-0.024365077,0.000669
4.155,-0.024364491,0.000586
4.156,-0.024363986,0.000505
4.157,-0.024363562,0.000424
4.158,-0.024363218,0.000344
4.159,-0.024362952,0.000266
4.16,-0.024362765,0.000187
4.161,-0.024362656,0.000109
4.162,-0.024362623,3.30E-05
4.163,-0.024362666,-4.30E-05
4.164,-0.024362784,-0.000118
4.165,-0.024362977,-0.000193
4.166,-0.024363243,-0.000266
4.167,-0.024363582,-0.000339
4.168,-0.024363994,-0.000412
4.169,-0.024364477,-0.000483
4.17,-0.02436503,-0.000553
4.171,-0.024365654,-0.000624
4.172,-0.024366347,-0.000693
4.173,-0.024367109,-0.000762
4.174,-0.024367939,-0.00083
4.175,-0.024368835,-0.000896
4.176,-0.024369799,-0.000964
4.177,-0.024370828,-0.001029
4.178,-0.024371922,-0.001094
4.179,-0.024373081,-0.001158999
4.18,-0.024374304,-0.001222999
4.181,-0.024375589,-0.001284999
4.182,-0.024376938,-0.001348999
4.183,-0.024378348,-0.001409999
4.184,-0.024379819,-0.001470999
4.185,-0.024381351,-0.001531999
4.186,-0.024382942,-0.001590999
4.187,-0.024384593,-0.001650998
4.188,-0.024386302,-0.001708998
4.189,-0.02438807,-0.001767998
4.19,-0.024389895,-0.001824998
4.191,-0.024391776,-0.001880998
4.192,-0.024393714,-0.001937998
4.193,-0.024395707,-0.001992997
4.194,-0.024397755,-0.002047997
4.195,-0.024399857,-0.002101997
4.196,-0.024402013,-0.002155997
4.197,-0.024404223,-0.002209996
4.198,-0.024406484,-0.002260996
4.199,-0.024408798,-0.002313996
4.2,-0.024411163,-0.002364996
