X,Y,Yaw
0,5.2,-0.46365
0.001,5.1995,-0.463647609
0.002,5.199005,-0.459639614
0.003,5.198505212,-0.463477995
0.004,5.197990812,-0.475101133
0.005,5.19745298,-0.493453204
0.006,5.196883836,-0.517422204
0.007,5.196276355,-0.545902085
0.008,5.19562429,-0.577825521
0.009,5.194922089,-0.612201619
0.01,5.194164832,-0.648129434
0.011,5.193348161,-0.684823846
0.012,5.192468225,-0.721618781
0.013,5.191521627,-0.75797154
0.014,5.190505377,-0.793457505
0.015,5.18941685,-0.827760095
0.016,5.188253748,-0.860657651
0.017,5.187014069,-0.892007319
0.018,5.185696073,-0.921732885
0.019,5.184298258,-0.949807902
0.02,5.182819335,-0.976244879
0.021,5.181258206,-1.001084504
0.022,5.179613946,-1.024386505
0.023,5.177885785,-1.046223459
0.024,5.176073092,-1.066675401
0.025,5.174175363,-1.085825312
0.026,5.172192206,-1.103757282
0.027,5.170123332,-1.120553399
0.028,5.167968545,-1.136292896
0.029,5.165727731,-1.151051598
0.03,5.163400852,-1.16490066
0.031,5.160987937,-1.177906988
0.032,5.158489078,-1.190132508
0.033,5.155904422,-1.201634958
0.034,5.153234165,-1.212467778
0.035,5.150478551,-1.222679793
0.036,5.147637862,-1.232316617
0.037,5.14471242,-1.241419538
0.038,5.14170258,-1.250026876
0.039,5.138608727,-1.258173804
0.04,5.135431273,-1.265892631
0.041,5.132170657,-1.273212804
0.042,5.128827339,-1.280161695
0.043,5.125401801,-1.286764203
0.044,5.121894541,-1.293043544
0.045,5.118306076,-1.299020722
0.046,5.114636938,-1.304715263
0.047,5.110887671,-1.310145262
0.048,5.107058833,-1.315327193
0.049,5.103150992,-1.320276443
0.05,5.099164728,-1.325007044
0.051,5.095100626,-1.329532325
0.052,5.090959282,-1.333864229
0.053,5.086741299,-1.338014005
0.054,5.082447285,-1.341992149
0.055,5.078077854,-1.345808318
0.056,5.073633626,-1.349471454
0.057,5.069115224,-1.352989996
0.058,5.064523276,-1.356371677
0.059,5.059858411,-1.359623867
0.06,5.055121263,-1.362753241
0.061,5.050312468,-1.365766145
0.062,5.045432663,-1.368668534
0.063,5.040482488,-1.371465884
0.064,5.035462582,-1.374163463
0.065,5.030373587,-1.376766044
0.066,5.025216144,-1.379278242
0.067,5.019990897,-1.381704235
0.068,5.014698487,-1.384048149
0.069,5.009339555,-1.386313753
0.07,5.003914745,-1.388504484
0.071,4.998424696,-1.390623836
0.072,4.99287005,-1.392674839
0.073,4.987251446,-1.394660533
0.074,4.981569521,-1.39658375
0.075,4.975824914,-1.398447041
0.076,4.97001826,-1.400252992
0.077,4.964150193,-1.402003953
0.078,4.958221346,-1.40370215
0.079,4.952232349,-1.405349739
0.08,4.946183832,-1.406948683
0.081,4.940076421,-1.408500943
0.082,4.933910742,-1.410008275
0.083,4.927687418,-1.411472422
0.084,4.921407069,-1.412895036
0.085,4.915070313,-1.41427766
0.086,4.908677767,-1.415621737
0.087,4.902230044,-1.416928711
0.088,4.895727756,-1.418199882
0.089,4.889171511,-1.419436559
0.09,4.882561915,-1.420639943
0.091,4.875899572,-1.421811177
0.092,4.869185082,-1.422951395
0.093,4.862419044,-1.424061613
0.094,4.855602052,-1.425142887
0.095,4.848734699,-1.42619614
0.096,4.841817576,-1.427222276
0.097,4.834851268,-1.428222239
0.098,4.82783636,-1.429196811
0.099,4.820773433,-1.430146821
0.1,4.813663064,-1.43107306
0.101,4.806505829,-1.43197623
0.102,4.7993023,-1.432857058
0.103,4.792053046,-1.433716223
0.104,4.784758633,-1.434554378
0.105,4.777419624,-1.435372147
0.106,4.770036579,-1.436170128
0.107,4.762610054,-1.436948916
0.108,4.755140604,-1.437709026
0.109,4.747628779,-1.438451025
0.11,4.740075127,-1.439175406
0.111,4.732480192,-1.439882676
0.112,4.724844514,-1.440573323
0.113,4.717168634,-1.441247734
0.114,4.709453084,-1.441906446
0.115,4.701698397,-1.442549811
0.116,4.693905102,-1.443178252
0.117,4.686073724,-1.443792174
0.118,4.678204785,-1.444391954
0.119,4.670298804,-1.444977954
0.12,4.662356297,-1.445550521
0.121,4.654377777,-1.446109995
0.122,4.646363754,-1.446656699
0.123,4.638314732,-1.447190994
0.124,4.630231216,-1.447713121
0.125,4.622113706,-1.448223403
0.126,4.613962698,-1.448722138
0.127,4.605778685,-1.449209599
0.128,4.597562158,-1.449686036
0.129,4.589313604,-1.450151717
0.13,4.581033507,-1.450606891
0.131,4.572722348,-1.451051795
0.132,4.564380603,-1.451486691
0.133,4.556008749,-1.451911744
0.134,4.547607255,-1.452327242
0.135,4.539176589,-1.452733366
0.136,4.530717218,-1.453130293
0.137,4.522229601,-1.453518288
0.138,4.513714198,-1.453897487
0.139,4.505171465,-1.454268089
0.14,4.496601853,-1.454630301
0.141,4.488005811,-1.454984284
0.142,4.479383786,-1.455330192
0.143,4.470736219,-1.45566823
0.144,4.462063552,-1.455998504
0.145,4.453366221,-1.456321209
0.146,4.444644658,-1.456636506
0.147,4.435899295,-1.456944504
0.148,4.427130558,-1.457245383
0.149,4.418338873,-1.457539242
0.15,4.40952466,-1.457826253
0.151,4.400688336,-1.458106546
0.152,4.391830318,-1.45838021
0.153,4.382951017,-1.458647406
0.154,4.374050842,-1.458908242
0.155,4.3651302,-1.459162822
0.156,4.356189492,-1.459411296
0.157,4.347229119,-1.459653739
0.158,4.338249477,-1.459890281
0.159,4.329250962,-1.460120993
0.16,4.320233962,-1.460346037
0.161,4.311198868,-1.460565439
0.162,4.302146063,-1.460779358
0.163,4.293075929,-1.460987865
0.164,4.283988846,-1.461191039
0.165,4.274885189,-1.461388995
0.166,4.265765333,-1.461581785
0.167,4.256629648,-1.461769519
0.168,4.2474785,-1.461952292
0.169,4.238312255,-1.462130152
0.17,4.229131274,-1.4623032
0.171,4.219935916,-1.462471505
0.172,4.210726538,-1.462635131
0.173,4.201503492,-1.462794175
0.174,4.192267128,-1.462948698
0.175,4.183017795,-1.46309875
0.176,4.173755837,-1.463244423
0.177,4.164481596,-1.463385773
0.178,4.155195412,-1.463522856
0.179,4.14589762,-1.46365576
0.18,4.136588555,-1.463784516
0.181,4.127268547,-1.463909207
0.182,4.117937925,-1.464029874
0.183,4.108597014,-1.464146586
0.184,4.099246137,-1.464259393
0.185,4.089885614,-1.464368352
0.186,4.080515763,-1.464473507
0.187,4.071136898,-1.464574927
0.188,4.061749332,-1.464672642
0.189,4.052353375,-1.464766706
0.19,4.042949332,-1.464857194
0.191,4.033537509,-1.464944112
0.192,4.024118207,-1.465027534
0.193,4.014691725,-1.465107497
0.194,4.00525836,-1.46518404
0.195,3.995818406,-1.46525721
0.196,3.986372155,-1.465327043
0.197,3.976919895,-1.465393597
0.198,3.967461912,-1.465456905
0.199,3.957998491,-1.46551699
0.2,3.948529914,-1.465573896
0.201,3.939056458,-1.465627689
0.202,3.929578401,-1.465678366
0.203,3.920096016,-1.465725992
0.204,3.910609576,-1.465770575
0.205,3.90111935,-1.465812167
0.206,3.891625603,-1.465850817
0.207,3.882128601,-1.465886523
0.208,3.872628606,-1.465919333
0.209,3.863125877,-1.465949286
0.21,3.853620672,-1.465976398
0.211,3.844113245,-1.466000717
0.212,3.83460385,-1.466022246
0.213,3.825092736,-1.466041045
0.214,3.815580151,-1.466057125
0.215,3.806066342,-1.466070502
0.216,3.796551551,-1.466081232
0.217,3.78703602,-1.466089316
0.218,3.777519988,-1.466094788
0.219,3.768003691,-1.466097683
0.22,3.758487364,-1.46609801
0.221,3.74897124,-1.466095793
0.222,3.739455548,-1.466091075
0.223,3.729940515,-1.466083876
0.224,3.720426369,-1.466074185
0.225,3.710913333,-1.466062055
0.226,3.701401627,-1.466047517
0.227,3.691891471,-1.466030569
0.228,3.682383083,-1.466011231
0.229,3.672876677,-1.465989544
0.23,3.663372467,-1.465965505
0.231,3.653870663,-1.465939154
0.232,3.644371474,-1.4659105
0.233,3.634875108,-1.465879548
0.234,3.625381768,-1.465846351
0.235,3.615891658,-1.465810893
0.236,3.606404978,-1.465773213
0.237,3.596921927,-1.465733317
0.238,3.587442702,-1.465691223
0.239,3.577967498,-1.465646948
0.24,3.568496507,-1.465600518
0.241,3.55902992,-1.46555194
0.242,3.549567927,-1.465501218
0.243,3.540110713,-1.465448402
0.244,3.530658465,-1.465393464
0.245,3.521211366,-1.465336441
0.246,3.511769596,-1.465277359
0.247,3.502333336,-1.465216201
0.248,3.492902763,-1.465153005
0.249,3.483478052,-1.465087785
0.25,3.474059379,-1.465020523
0.251,3.464646913,-1.464951289
0.252,3.455240827,-1.464880032
0.253,3.445841288,-1.46480681
0.254,3.436448464,-1.464731604
0.255,3.427062518,-1.464654462
0.256,3.417683615,-1.464575354
0.257,3.408311916,-1.464494315
0.258,3.39894758,-1.464411361
0.259,3.389590765,-1.464326494
0.26,3.380241628,-1.464239715
0.261,3.370900323,-1.464151051
0.262,3.361567003,-1.464060503
0.263,3.35224182,-1.463968074
0.264,3.342924922,-1.463873799
0.265,3.333616458,-1.463777659
0.266,3.324316573,-1.463679689
0.267,3.315025413,-1.463579868
0.268,3.305743121,-1.463478221
0.269,3.296469837,-1.463374773
0.27,3.287205702,-1.463269502
0.271,3.277950853,-1.463162444
0.272,3.268705428,-1.463053578
0.273,3.259469561,-1.46294294
0.274,3.250243386,-1.462830519
0.275,3.241027035,-1.462716328
0.276,3.231820638,-1.462600381
0.277,3.222624325,-1.462482667
0.278,3.213438222,-1.462363221
0.279,3.204262456,-1.462242022
0.28,3.19509715,-1.462119106
0.281,3.185942429,-1.461994438
0.282,3.176798413,-1.461868067
0.283,3.167665222,-1.461739982
0.284,3.158542976,-1.461610172
0.285,3.149431791,-1.461478672
0.286,3.140331783,-1.461345473
0.287,3.131243066,-1.461210587
0.288,3.122165753,-1.461074014
0.289,3.113099956,-1.460935755
0.29,3.104045786,-1.460795811
0.291,3.09500335,-1.460654219
0.292,3.085972756,-1.460510955
0.293,3.076954111,-1.460366019
0.294,3.067947519,-1.460219438
0.295,3.058953083,-1.460071211
0.296,3.049970906,-1.459921326
0.297,3.041001089,-1.459769797
0.298,3.032043731,-1.459616636
0.299,3.02309893,-1.459461844
0.3,3.014166783,-1.459305422
0.301,3.005247386,-1.459147369
0.302,2.996340833,-1.458987699
0.303,2.987447218,-1.458826401
0.304,2.978566633,-1.458663486
0.305,2.969699167,-1.458498981
0.306,2.960844911,-1.458332848
0.307,2.952003953,-1.458165114
0.308,2.94317638,-1.457995778
0.309,2.934362278,-1.457824842
0.31,2.925561732,-1.457652306
0.311,2.916774824,-1.457478195
0.312,2.908001639,-1.45730246
0.313,2.899242255,-1.457125178
0.314,2.890496755,-1.456946272
0.315,2.881765216,-1.456765808
0.316,2.873047717,-1.456583748
0.317,2.864344334,-1.456400117
0.318,2.855655143,-1.456214904
0.319,2.846980218,-1.456028123
0.32,2.838319633,-1.455839761
0.321,2.829673459,-1.455649845
0.322,2.821041769,-1.455458336
0.323,2.812424632,-1.455265276
0.324,2.803822117,-1.455070651
0.325,2.795234293,-1.454874449
0.326,2.786661227,-1.454676684
0.327,2.778102983,-1.454477384
0.328,2.769559628,-1.454276496
0.329,2.761031226,-1.454074049
0.33,2.752517838,-1.45387007
0.331,2.744019528,-1.453664506
0.332,2.735536356,-1.453457399
0.333,2.727068382,-1.453248736
0.334,2.718615665,-1.453038519
0.335,2.710178263,-1.452826749
0.336,2.701756233,-1.452613427
0.337,2.693349631,-1.452398554
0.338,2.684958512,-1.452182132
0.339,2.676582931,-1.451964149
0.34,2.668222941,-1.451744618
0.341,2.659878594,-1.451523543
0.342,2.651549942,-1.45130091
0.343,2.643237034,-1.451076749
0.344,2.634939922,-1.450851005
0.345,2.626658653,-1.450623737
0.346,2.618393276,-1.450394903
0.347,2.610143837,-1.450164535
0.348,2.601910383,-1.449932604
0.349,2.593692959,-1.449699127
0.35,2.585491609,-1.449464106
0.351,2.577306377,-1.449227529
0.352,2.569137305,-1.448989412
0.353,2.560984436,-1.448749727
0.354,2.552847811,-1.448508492
0.355,2.544727469,-1.448265724
0.356,2.536623451,-1.44802138
0.357,2.528535794,-1.447775507
0.358,2.520464537,-1.447528063
0.359,2.512409717,-1.447279064
0.36,2.50437137,-1.447028515
0.361,2.496349532,-1.446776401
0.362,2.488344236,-1.446522756
0.363,2.480355518,-1.446267522
0.364,2.472383411,-1.446010731
0.365,2.464427946,-1.445752402
0.366,2.456489155,-1.445492508
0.367,2.44856707,-1.445231034
0.368,2.440661721,-1.444968001
0.369,2.432773137,-1.44470341
0.37,2.424901347,-1.44443725
0.371,2.417046379,-1.444169523
0.372,2.40920826,-1.443900232
0.373,2.401387017,-1.443629366
0.374,2.393582677,-1.443356911
0.375,2.385795263,-1.44308292
0.376,2.378024802,-1.442807314
0.377,2.370271316,-1.442530163
0.378,2.362534829,-1.442251421
0.379,2.354815364,-1.441971092
0.38,2.347112943,-1.44168918
0.381,2.339427586,-1.441405706
0.382,2.331759315,-1.441120622
0.383,2.324108149,-1.440833968
0.384,2.316474108,-1.440545714
0.385,2.30885721,-1.44025588
0.386,2.301257474,-1.439964438
0.387,2.293674917,-1.439671408
0.388,2.286109555,-1.439376795
0.389,2.278561406,-1.439080553
0.39,2.271030485,-1.43878272
0.391,2.263516806,-1.438483302
0.392,2.256020385,-1.43818225
0.393,2.248541235,-1.437879605
0.394,2.241079369,-1.437575354
0.395,2.233634801,-1.437269468
0.396,2.226207541,-1.436962003
0.397,2.218797603,-1.436652878
0.398,2.211404996,-1.436342169
0.399,2.204029732,-1.436029808
0.4,2.19667182,-1.435715839
0.401,2.18933127,-1.43540023
0.402,2.182008091,-1.435082987
0.403,2.17470229,-1.434764135
0.404,2.167413875,-1.434443642
0.405,2.160142854,-1.434121496
0.406,2.152889234,-1.433797704
0.407,2.145653021,-1.433472271
0.408,2.13843422,-1.433145204
0.409,2.131232836,-1.43281649
0.41,2.124048875,-1.432486099
0.411,2.11688234,-1.432154075
0.412,2.109733235,-1.431820386
0.413,2.102601563,-1.43148504
0.414,2.095487328,-1.431148005
0.415,2.088390531,-1.430809326
0.416,2.081311174,-1.430468972
0.417,2.074249258,-1.43012695
0.418,2.067204784,-1.429783248
0.419,2.060177753,-1.429437854
0.42,2.053168165,-1.429090775
0.421,2.046176018,-1.428742039
0.422,2.039201313,-1.428391574
0.423,2.032244047,-1.428039448
0.424,2.025304218,-1.427685629
0.425,2.018381825,-1.427330084
0.426,2.011476865,-1.426972842
0.427,2.004589334,-1.426613912
0.428,1.997719229,-1.42625326
0.429,1.990866546,-1.425890895
0.43,1.984031281,-1.425526806
0.431,1.977213428,-1.425161022
0.432,1.970412982,-1.42479351
0.433,1.963629938,-1.424424258
0.434,1.95686429,-1.424053275
0.435,1.950116031,-1.423680571
0.436,1.943385155,-1.423306113
0.437,1.936671654,-1.422929931
0.438,1.929975521,-1.422551992
0.439,1.923296747,-1.422172327
0.44,1.916635324,-1.421790904
0.441,1.909991244,-1.42140771
0.442,1.903364498,-1.421022755
0.443,1.896755075,-1.420636072
0.444,1.890162967,-1.420247582
0.445,1.883588162,-1.419857364
0.446,1.877030651,-1.419465337
0.447,1.870490423,-1.419071536
0.448,1.863967466,-1.418675971
0.449,1.857461768,-1.418278631
0.45,1.850973318,-1.417879482
0.451,1.844502104,-1.417478534
0.452,1.838048112,-1.417075823
0.453,1.83161133,-1.416671291
0.454,1.825191745,-1.416264949
0.455,1.818789343,-1.415856809
0.456,1.81240411,-1.41544686
0.457,1.806036032,-1.415035091
0.458,1.799685094,-1.414621513
0.459,1.793351281,-1.414206117
0.46,1.787034578,-1.413788889
0.461,1.78073497,-1.41336982
0.462,1.774452441,-1.412948921
0.463,1.768186975,-1.412526182
0.464,1.761938555,-1.412101617
0.465,1.755707165,-1.411675188
0.466,1.749492787,-1.411246935
0.467,1.743295405,-1.410816797
0.468,1.737115,-1.410384838
0.469,1.730951556,-1.40995097
0.47,1.724805053,-1.409515286
0.471,1.718675473,-1.409077722
0.472,1.712562799,-1.408638241
0.473,1.706467009,-1.408196963
0.474,1.700388086,-1.407753746
0.475,1.69432601,-1.407308657
0.476,1.688280761,-1.406861687
0.477,1.682252319,-1.406412823
0.478,1.676240664,-1.405962055
0.479,1.670245775,-1.4055094
0.48,1.664267631,-1.405054846
0.481,1.658306211,-1.404598383
0.482,1.652361494,-1.40414
0.483,1.646433458,-1.403679713
0.484,1.640522082,-1.403217486
0.485,1.634627343,-1.402753362
0.486,1.628749218,-1.402287331
0.487,1.622887686,-1.401819327
0.488,1.617042724,-1.401349395
0.489,1.611214308,-1.400877554
0.49,1.605402415,-1.400403764
0.491,1.599607021,-1.399928045
0.492,1.593828103,-1.399450357
0.493,1.588065637,-1.398970718
0.494,1.582319599,-1.398489119
0.495,1.576589964,-1.398005578
0.496,1.570876707,-1.397520087
0.497,1.565179803,-1.397032634
0.498,1.559499228,-1.396543181
0.499,1.553834955,-1.396051806
0.5,1.54818696,-1.395558411
0.501,1.542555217,-1.395063045
0.502,1.536939699,-1.394565729
0.503,1.53134038,-1.394066424
0.504,1.525757234,-1.393565119
0.505,1.520190234,-1.393061836
0.506,1.514639354,-1.392556535
0.507,1.509104565,-1.3920493
0.508,1.503585842,-1.391539995
0.509,1.498083156,-1.391028738
0.51,1.492596479,-1.390515489
0.511,1.487125784,-1.390000206
0.512,1.481671043,-1.389482911
0.513,1.476232227,-1.388963629
0.514,1.470809308,-1.388442318
0.515,1.465402256,-1.387919034
0.516,1.460011044,-1.387393671
0.517,1.454635641,-1.386866352
0.518,1.449276019,-1.386336968
0.519,1.443932148,-1.385805578
0.52,1.438603998,-1.385272174
0.521,1.433291539,-1.384736747
0.522,1.427994741,-1.384199289
0.523,1.422713574,-1.383659792
0.524,1.417448006,-1.383118317
0.525,1.412198008,-1.382574751
0.526,1.406963549,-1.382029158
0.527,1.401744596,-1.381481599
0.528,1.396541119,-1.38093196
0.529,1.391353087,-1.380380271
0.53,1.386180467,-1.379826594
0.531,1.381023227,-1.379270886
0.532,1.375881335,-1.378713142
0.533,1.370754759,-1.378153353
0.534,1.365643466,-1.377591549
0.535,1.360547424,-1.377027686
0.536,1.355466598,-1.376461869
0.537,1.350400957,-1.375893944
0.538,1.345350466,-1.375324051
0.539,1.340315092,-1.374752112
0.54,1.335294801,-1.374178156
0.541,1.330289559,-1.373602179
0.542,1.325299332,-1.373024175
0.543,1.320324084,-1.372444214
0.544,1.315363781,-1.371862215
0.545,1.310418389,-1.371278172
0.546,1.305487871,-1.370692197
0.547,1.300572193,-1.370104168
0.548,1.295671317,-1.369514238
0.549,1.29078521,-1.368922205
0.55,1.285913834,-1.368328262
0.551,1.281057152,-1.367732368
0.552,1.276215129,-1.367134436
0.553,1.271387726,-1.366534626
0.554,1.266574907,-1.365932812
0.555,1.261776633,-1.365329116
0.556,1.256992868,-1.364723409
0.557,1.252223573,-1.364115813
0.558,1.247468709,-1.363506328
0.559,1.242728238,-1.362894908
0.56,1.23800212,-1.362281638
0.561,1.233290316,-1.361666472
0.562,1.228592786,-1.361049454
0.563,1.22390949,-1.360430583
0.564,1.219240388,-1.359809857
0.565,1.214585438,-1.359187366
0.566,1.2099446,-1.35856302
0.567,1.205317831,-1.357936955
0.568,1.20070509,-1.357309081
0.569,1.196106333,-1.356679537
0.57,1.191521518,-1.356048233
0.571,1.186950602,-1.355415217
0.572,1.18239354,-1.354780585
0.573,1.177850289,-1.354144247
0.574,1.173320801,-1.353506439
0.575,1.168805034,-1.352866888
0.576,1.164302939,-1.352225925
0.577,1.15981447,-1.351583417
0.578,1.15533958,-1.350939418
0.579,1.150878219,-1.350294076
0.58,1.146430341,-1.349647211
0.581,1.141995894,-1.348999118
0.582,1.137574827,-1.348349761
0.583,1.13316709,-1.347699101
0.584,1.12877263,-1.347047297
0.585,1.124391393,-1.346394412
0.586,1.120023326,-1.34574041
0.587,1.115668371,-1.345085554
0.588,1.111326472,-1.344429763
0.589,1.106997571,-1.343773154
0.59,1.102681608,-1.343115848
0.591,1.098378521,-1.342457969
0.592,1.094088248,-1.341799538
0.593,1.089810723,-1.341140786
0.594,1.085545879,-1.340481792
0.595,1.081293647,-1.33982269
0.596,1.077053954,-1.339163719
0.597,1.072826726,-1.338504967
0.598,1.068611885,-1.337846683
0.599,1.06440935,-1.337189066
0.6,1.060219034,-1.336532482
0.601,1.056040848,-1.335877087
0.602,1.051874696,-1.335223313
0.603,1.047720494,-1.334570558
0.604,1.043578167,-1.333918375
0.605,1.039447644,-1.333266579
0.606,1.03532886,-1.332614874
0.607,1.031221748,-1.3319634
0.608,1.027126239,-1.331312304
0.609,1.023042261,-1.33066179
0.61,1.018969734,-1.33001235
0.611,1.014908571,-1.32936443
0.612,1.01085867,-1.328718943
0.613,1.00681991,-1.328077054
0.614,1.002792134,-1.327440936
0.615,0.998775281,-1.326805101
0.616,0.994769399,-1.326163185
0.617,0.990774637,-1.325509166
0.618,0.986791236,-1.324837424
0.619,0.982819522,-1.324142635
0.62,0.978859888,-1.323420429
0.621,0.974912786,-1.32266681
0.622,0.97097871,-1.321878702
0.623,0.967058175,-1.321054222
0.624,0.963151705,-1.320192156
0.625,0.959259816,-1.319292292
0.626,0.955383008,-1.318354891
0.627,0.951521755,-1.317380837
0.628,0.9476765,-1.316371341
0.629,0.943847657,-1.315327512
0.63,0.940035608,-1.31425068
0.631,0.936240704,-1.313142146
0.632,0.932463268,-1.312003053
0.633,0.928703591,-1.310834847
0.634,0.924961939,-1.309638557
0.635,0.921238555,-1.308415112
0.636,0.917533654,-1.30716582
0.637,0.913847431,-1.305891489
0.638,0.91018006,-1.30459303
0.639,0.906531694,-1.303271396
0.64,0.902902469,-1.301927295
0.641,0.899292501,-1.300561686
0.642,0.895701892,-1.299175136
0.643,0.892130729,-1.297768315
0.644,0.888579083,-1.296342001
0.645,0.885047012,-1.294896783
0.646,0.881534561,-1.293433285
0.647,0.878041765,-1.291951933
0.648,0.874568645,-1.290453484
0.649,0.871115215,-1.288938191
0.65,0.867681476,-1.287406793
0.651,0.864267422,-1.285859593
0.652,0.860873037,-1.28429715
0.653,0.857498297,-1.282719895
0.654,0.854143173,-1.281128033
0.655,0.850807625,-1.279522283
0.656,0.84749161,-1.277902731
0.657,0.844195075,-1.27627006
0.658,0.840917965,-1.274624308
0.659,0.837660217,-1.272966036
0.66,0.834421764,-1.271295484
0.661,0.831202533,-1.269613083
0.662,0.828002449,-1.267918932
0.663,0.82482143,-1.266213584
0.664,0.821659391,-1.26449726
0.665,0.818516245,-1.262770099
0.666,0.8153919,-1.261032529
0.667,0.81228626,-1.259284905
0.668,0.809199228,-1.257527314
0.669,0.806130703,-1.255760139
0.67,0.803080582,-1.253983585
0.671,0.800048761,-1.252197772
0.672,0.79703513,-1.25040332
0.673,0.79403958,-1.248600178
0.674,0.791062001,-1.246788493
0.675,0.788102278,-1.244968833
0.676,0.785160297,-1.243141166
0.677,0.782235941,-1.241305881
0.678,0.779329093,-1.239463063
0.679,0.776439635,-1.237612911
0.68,0.773567445,-1.235755953
0.681,0.770712405,-1.233891869
0.682,0.767874391,-1.232021426
0.683,0.765053281,-1.23014453
0.684,0.762248953,-1.228261309
0.685,0.759461282,-1.226372236
0.686,0.756690145,-1.224477228
0.687,0.753935416,-1.222576778
0.688,0.751196971,-1.220670808
0.689,0.748474684,-1.218759714
0.69,0.74576843,-1.216843544
0.691,0.743078083,-1.214922588
0.692,0.740403517,-1.212997024
0.693,0.737744607,-1.211066911
0.694,0.735101226,-1.209132682
0.695,0.73247325,-1.207194154
0.696,0.729860551,-1.205252027
0.697,0.727263006,-1.203305867
0.698,0.724680488,-1.201356388
0.699,0.722112872,-1.199403545
0.7,0.719560034,-1.197447416
0.701,0.71702185,-1.195488216
0.702,0.714498194,-1.193526434
0.703,0.711988944,-1.191561754
0.704,0.709493976,-1.189594674
0.705,0.707013167,-1.187625288
0.706,0.704546395,-1.185653688
0.707,0.702093538,-1.183680111
0.708,0.699654474,-1.181704796
0.709,0.697229084,-1.179727553
0.71,0.694817245,-1.177749206
0.711,0.69241884,-1.175769127
0.712,0.690033748,-1.173788151
0.713,0.687661852,-1.171805936
0.714,0.685303033,-1.169823035
0.715,0.682957174,-1.167839401
0.716,0.68062416,-1.165854983
0.717,0.678303873,-1.163870504
0.718,0.675996199,-1.161885604
0.719,0.673701024,-1.15990054
0.72,0.671418234,-1.157915577
0.721,0.669147716,-1.15593082
0.722,0.666889358,-1.153946372
0.723,0.664643048,-1.151962503
0.724,0.662408676,-1.14997915
0.725,0.660186132,-1.147996581
0.726,0.657975306,-1.146015069
0.727,0.655776091,-1.144034376
0.728,0.653588379,-1.142054942
0.729,0.651412063,-1.140076868
0.73,0.649247037,-1.138100254
0.731,0.647093197,-1.13612502
0.732,0.644950437,-1.134151794
0.733,0.642818654,-1.132180317
0.734,0.640697746,-1.13021068
0.735,0.63858761,-1.12824334
0.736,0.636488147,-1.126277836
0.737,0.634399254,-1.12431518
0.738,0.632320834,-1.122354533
0.739,0.630252787,-1.120396727
0.74,0.628195016,-1.118441469
0.741,0.626147423,-1.116489224
0.742,0.624109914,-1.114539493
0.743,0.622082392,-1.112593127
0.744,0.620064763,-1.110649815
0.745,0.618056934,-1.108709628
0.746,0.616058811,-1.106773036
0.747,0.614070304,-1.104839506
0.748,0.61209132,-1.10290991
0.749,0.610121771,-1.1009835
0.75,0.608161565,-1.09906136
0.751,0.606210615,-1.097142728
0.752,0.604268834,-1.095227861
0.753,0.602336133,-1.093317444
0.754,0.600412427,-1.091410897
0.755,0.598497632,-1.089508264
0.756,0.596591661,-1.087610445
0.757,0.594694432,-1.085716626
0.758,0.592805863,-1.083827056
0.759,0.59092587,-1.081942429
0.76,0.589054373,-1.08006212
0.761,0.587191292,-1.078186377
0.762,0.585336546,-1.076315675
0.763,0.583490058,-1.074449364
0.764,0.58165175,-1.072587912
0.765,0.579821543,-1.070731796
0.766,0.577999362,-1.068880342
0.767,0.576185132,-1.067033789
0.768,0.574378777,-1.065192609
0.769,0.572580224,-1.063356339
0.77,0.5707894,-1.061525212
0.771,0.569006231,-1.059699701
0.772,0.567230648,-1.057878843
0.773,0.565462577,-1.05606407
0.774,0.563701951,-1.054253919
0.775,0.561948699,-1.052449585
0.776,0.560202753,-1.050650559
0.777,0.558464045,-1.048857064
0.778,0.556732508,-1.047069071
0.779,0.555008076,-1.045286547
0.78,0.553290684,-1.043509456
0.781,0.551580266,-1.041738264
0.782,0.549876758,-1.039972678
0.783,0.548180098,-1.038212393
0.784,0.546490223,-1.03645787
0.785,0.544807071,-1.034709056
0.786,0.543130581,-1.032965894
0.787,0.541460692,-1.031228586
0.788,0.539797345,-1.029496803
0.789,0.538140481,-1.027770738
0.79,0.536490042,-1.02605032
0.791,0.53484597,-1.024335739
0.792,0.533208208,-1.022626917
0.793,0.5315767,-1.02092377
0.794,0.529951392,-1.019225933
0.795,0.528332227,-1.017534414
0.796,0.526719152,-1.015848292
0.797,0.525112113,-1.014168021
0.798,0.523511059,-1.012492939
0.799,0.521915935,-1.010824341
0.8,0.520326693,-1.009160429
0.801,0.518743279,-1.007503066
0.802,0.517165645,-1.005850718
0.803,0.51559374,-1.004204403
0.804,0.514027517,-1.002563135
0.805,0.512466926,-1.000927939
0.806,0.510911921,-0.999297814
0.807,0.509362454,-0.997673496
0.808,0.507818479,-0.996054555
0.809,0.50627995,-0.994441142
0.81,0.504746822,-0.992833111
0.811,0.503219051,-0.991230309
0.812,0.501696592,-0.989633181
0.813,0.500179403,-0.988040969
0.814,0.498667441,-0.986454113
0.815,0.497160663,-0.984872755
0.816,0.495659028,-0.983296421
0.817,0.494162495,-0.981725245
0.818,0.492671024,-0.98015905
0.819,0.491184574,-0.978598279
0.82,0.489703107,-0.977042127
0.821,0.488226583,-0.975491345
0.822,0.486754964,-0.973945433
0.823,0.485288214,-0.972403878
0.824,0.483826294,-0.970867752
0.825,0.482369168,-0.969336223
0.826,0.480916799,-0.967809727
0.827,0.479469153,-0.966287415
0.828,0.478026194,-0.964770044
0.829,0.476587888,-0.96325708
0.83,0.4751542,-0.961748957
0.831,0.473725097,-0.960245131
0.832,0.472300546,-0.958745707
0.833,0.470880515,-0.957250458
0.834,0.46946497,-0.955760152
0.835,0.468053882,-0.954273227
0.836,0.466647217,-0.95279145
0.837,0.465244946,-0.951313247
0.838,0.463847039,-0.949839046
0.839,0.462453465,-0.94836928
0.84,0.461064195,-0.946903366
0.841,0.4596792,-0.945441395
0.842,0.458298453,-0.943982769
0.843,0.456921924,-0.942528607
0.844,0.455549586,-0.941077965
0.845,0.454181411,-0.939631274
0.846,0.452817374,-0.938187572
0.847,0.451457447,-0.936747989
0.848,0.450101605,-0.935311555
0.849,0.448749822,-0.9338787
0.85,0.447402073,-0.932449149
0.851,0.446058332,-0.931023336
0.852,0.444718576,-0.929600268
0.853,0.443382781,-0.928180372
0.854,0.442050922,-0.926764082
0.855,0.440722976,-0.925350752
0.856,0.43939892,-0.923940451
0.857,0.438078733,-0.92253252
0.858,0.43676239,-0.921128484
0.859,0.435449871,-0.919726584
0.86,0.434141154,-0.918327616
0.861,0.432836218,-0.916931276
0.862,0.431535041,-0.915537998
0.863,0.430237603,-0.914147104
0.864,0.428943884,-0.912758651
0.865,0.427653864,-0.9113727
0.866,0.426367522,-0.909989686
0.867,0.425084841,-0.90860816
0.868,0.4238058,-0.907229687
0.869,0.422530381,-0.905853189
0.87,0.421258565,-0.904479099
0.871,0.419990334,-0.903107091
0.872,0.418725671,-0.901736832
0.873,0.417464557,-0.900369142
0.874,0.416206976,-0.899002915
0.875,0.41495291,-0.897638974
0.876,0.413702342,-0.896276982
0.877,0.412455256,-0.894916596
0.878,0.411211635,-0.893558254
0.879,0.409971464,-0.892201217
0.88,0.408734726,-0.890846318
0.881,0.407501406,-0.889492813
0.882,0.406271489,-0.888140743
0.883,0.405044959,-0.886790551
0.884,0.403821802,-0.885441481
0.885,0.402602003,-0.884093973
0.886,0.401385548,-0.882747666
0.887,0.400172422,-0.881403004
0.888,0.398962612,-0.880059217
0.889,0.397756103,-0.878717155
0.89,0.396552882,-0.877376044
0.891,0.395352936,-0.876035919
0.892,0.394156251,-0.874697226
0.893,0.392962815,-0.873359181
0.894,0.391772615,-0.872022228
0.895,0.390585637,-0.870686818
0.896,0.389401871,-0.869351326
0.897,0.388221303,-0.868017446
0.898,0.387043922,-0.866683962
0.899,0.385869715,-0.865351742
0.9,0.384698671,-0.864019981
0.901,0.383530779,-0.862688705
0.902,0.382366026,-0.861358794
0.903,0.381204403,-0.86002858
0.904,0.380045897,-0.858699793
0.905,0.378890498,-0.857371185
0.906,0.377738196,-0.856042782
0.907,0.376588979,-0.85471547
0.908,0.375442837,-0.853388418
0.909,0.37429976,-0.852061653
0.91,0.373159738,-0.8507352
0.911,0.372022761,-0.849409084
0.912,0.370888819,-0.848083333
0.913,0.369757901,-0.84675841
0.914,0.36863,-0.845432585
0.915,0.367505104,-0.84410808
0.916,0.366383206,-0.842782716
0.917,0.365264295,-0.841458284
0.918,0.364148362,-0.840133922
0.919,0.363035399,-0.838809208
0.92,0.361925396,-0.837485057
0.921,0.360818345,-0.836160596
0.922,0.359714238,-0.834835844
0.923,0.358613065,-0.833511726
0.924,0.357514818,-0.832187361
0.925,0.356419489,-0.83086277
0.926,0.35532707,-0.829537971
0.927,0.354237553,-0.828212984
0.928,0.353150929,-0.826888287
0.929,0.352067191,-0.825562986
0.93,0.35098633,-0.824238016
0.931,0.34990834,-0.822912017
0.932,0.348833212,-0.82158639
0.933,0.347760939,-0.820260229
0.934,0.346691513,-0.818934019
0.935,0.345624928,-0.817606843
0.936,0.344561174,-0.81628059
0.937,0.343500247,-0.814952466
0.938,0.342442138,-0.813624835
0.939,0.34138684,-0.812296775
0.94,0.340334346,-0.810968303
0.941,0.339284649,-0.809639437
0.942,0.338237743,-0.808309715
0.943,0.337193621,-0.80697963
0.944,0.336152275,-0.805649678
0.945,0.3351137,-0.804318437
0.946,0.334077889,-0.802986882
0.947,0.333044834,-0.801655514
0.948,0.332014531,-0.800322414
0.949,0.330986972,-0.798989533
0.95,0.329962151,-0.797655917
0.951,0.328940061,-0.79632207
0.952,0.327920697,-0.794987027
0.953,0.326904053,-0.793651292
0.954,0.325890121,-0.792315864
0.955,0.324878897,-0.790978787
0.956,0.323870374,-0.789641555
0.957,0.322864547,-0.788303191
0.958,0.321861408,-0.786965203
0.959,0.320860953,-0.785625612
0.96,0.319863176,-0.784285427
0.961,0.318868071,-0.782944663
0.962,0.317875631,-0.781603839
0.963,0.316885853,-0.780260952
0.964,0.315898729,-0.778918538
0.965,0.314914254,-0.777575095
0.966,0.313932423,-0.776230635
0.967,0.31295323,-0.77488568
0.968,0.311976669,-0.773540244
0.969,0.311002736,-0.772193316
0.97,0.310031425,-0.770845931
0.971,0.30906273,-0.769498107
0.972,0.308096647,-0.768148822
0.973,0.307133169,-0.766799641
0.974,0.306172291,-0.765449543
0.975,0.305214009,-0.764098018
0.976,0.304258317,-0.762746119
0.977,0.30330521,-0.761393338
0.978,0.302354683,-0.760039686
0.979,0.30140673,-0.758685702
0.98,0.300461347,-0.757330345
0.981,0.299518528,-0.755974683
0.982,0.298578269,-0.754617669
0.983,0.297640564,-0.753260376
0.984,0.296705408,-0.751902287
0.985,0.295772797,-0.750542878
0.986,0.294842725,-0.749183231
0.987,0.293915188,-0.747822287
0.988,0.292990181,-0.746460593
0.989,0.292067698,-0.745098701
0.99,0.291147735,-0.743735545
0.991,0.290230287,-0.742371676
0.992,0.28931535,-0.741006563
0.993,0.288402918,-0.739641306
0.994,0.287492986,-0.738275374
0.995,0.286585551,-0.736907684
0.996,0.285680606,-0.735540438
0.997,0.284778148,-0.734171454
0.998,0.283878172,-0.732801842
0.999,0.282980672,-0.731432168
1,0.282085645,-0.730060784
1.001,0.281193085,-0.728689365
1.002,0.280302969,-0.727327413
1.003,0.279415257,-0.725984522
1.004,0.2785299,-0.724665891
1.005,0.277646841,-0.723376201
1.006,0.276766021,-0.722116791
1.007,0.275887375,-0.720891263
1.008,0.275010841,-0.719698154
1.009,0.274136355,-0.71853881
1.01,0.273263857,-0.717411179
1.011,0.272393288,-0.716314889
1.012,0.271524592,-0.715248419
1.013,0.270657719,-0.714208517
1.014,0.269792619,-0.713195335
1.015,0.268929249,-0.71220501
1.016,0.268067568,-0.711236519
1.017,0.26720754,-0.710287103
1.018,0.266349132,-0.709355134
1.019,0.265492315,-0.708438395
1.02,0.264637064,-0.707534652
1.021,0.263783357,-0.706642236
1.022,0.262931175,-0.705759464
1.023,0.262080504,-0.704883485
1.024,0.26123133,-0.704014333
1.025,0.260383643,-0.703149715
1.026,0.259537436,-0.702287907
1.027,0.258692704,-0.701427757
1.028,0.257849444,-0.700568109
1.029,0.257007654,-0.699708384
1.03,0.256167336,-0.69884624
1.031,0.255328491,-0.697982258
1.032,0.254491123,-0.697114671
1.033,0.253655237,-0.696242878
1.034,0.25282084,-0.695365686
1.035,0.251987939,-0.694483074
1.036,0.251156541,-0.693595025
1.037,0.250326655,-0.692700332
1.038,0.249498292,-0.691797785
1.039,0.248671461,-0.690888542
1.04,0.247846174,-0.68997079
1.041,0.24702244,-0.689046285
1.042,0.246200273,-0.688112016
1.043,0.245379682,-0.687170932
1.044,0.244560681,-0.686220012
1.045,0.243743282,-0.685260415
1.046,0.242927496,-0.684292706
1.047,0.242113335,-0.68331625
1.048,0.241300813,-0.682329806
1.049,0.240489942,-0.681334539
1.05,0.239680732,-0.68033162
1.051,0.238873197,-0.679318597
1.052,0.238067349,-0.678296638
1.053,0.237263198,-0.67726692
1.054,0.236460758,-0.676226977
1.055,0.235660038,-0.675179812
1.056,0.23486105,-0.674123564
1.057,0.234063806,-0.673058194
1.058,0.233268315,-0.671985498
1.059,0.232474588,-0.670904221
1.06,0.231682636,-0.669814324
1.061,0.230892467,-0.668717617
1.062,0.230104093,-0.667611606
1.063,0.229317521,-0.666499338
1.064,0.228532762,-0.665378313
1.065,0.227749823,-0.664250973
1.066,0.226968714,-0.663115428
1.067,0.226189441,-0.661974132
1.068,0.225412015,-0.660823947
1.069,0.22463644,-0.659669203
1.07,0.223862726,-0.658506132
1.071,0.223090879,-0.657337204
1.072,0.222320906,-0.656161768
1.073,0.221552812,-0.654981055
1.074,0.220786605,-0.653793157
1.075,0.22002229,-0.652599936
1.076,0.219259873,-0.65140074
1.077,0.218499359,-0.65019618
1.078,0.217740752,-0.64898687
1.079,0.216984059,-0.647770886
1.08,0.216229282,-0.646551385
1.081,0.215476428,-0.645325168
1.082,0.214725499,-0.644095404
1.083,0.213976499,-0.642860802
1.084,0.213229433,-0.641620703
1.085,0.212484303,-0.640377016
1.086,0.211741112,-0.639129087
1.087,0.210999864,-0.637876258
1.088,0.210260561,-0.636619804
1.089,0.209523205,-0.635359716
1.09,0.208787799,-0.634095336
1.091,0.208054345,-0.632827299
1.092,0.207322845,-0.631555596
1.093,0.206593301,-0.630280217
1.094,0.205865713,-0.629002461
1.095,0.205140083,-0.627721014
1.096,0.204416413,-0.626435867
1.097,0.203694704,-0.625147668
1.098,0.202974956,-0.623857069
1.099,0.202257169,-0.622564068
1.1,0.201541346,-0.621266678
1.101,0.200827485,-0.6199682
1.102,0.200115587,-0.618666646
1.103,0.199405652,-0.617362675
1.104,0.19869768,-0.616056286
1.105,0.197991672,-0.614746808
1.106,0.197287626,-0.613436242
1.107,0.196585542,-0.612123253
1.108,0.195885419,-0.61080851
1.109,0.195187257,-0.609491342
1.11,0.194491056,-0.608171747
1.111,0.193796814,-0.606851072
1.112,0.193104529,-0.605529323
1.113,0.192414202,-0.604204474
1.114,0.191725831,-0.602878554
1.115,0.191039414,-0.601551568
1.116,0.19035495,-0.600222842
1.117,0.189672437,-0.598893059
1.118,0.188991875,-0.597560857
1.119,0.188313261,-0.59622829
1.12,0.187636593,-0.59489468
1.121,0.18696187,-0.593559346
1.122,0.18628909,-0.592222978
1.123,0.18561825,-0.590886272
1.124,0.184949349,-0.589547855
1.125,0.184282384,-0.588209114
1.126,0.183617354,-0.586868671
1.127,0.182954255,-0.585528612
1.128,0.182293087,-0.584186167
1.129,0.181633845,-0.582844821
1.13,0.180976528,-0.581501796
1.131,0.180321133,-0.580158495
1.132,0.179667658,-0.578814225
1.133,0.1790161,-0.577469696
1.134,0.178366456,-0.576124916
1.135,0.177718724,-0.574779192
1.136,0.1770729,-0.57343394
1.137,0.176428983,-0.572087053
1.138,0.175786968,-0.570741367
1.139,0.175146853,-0.56939477
1.14,0.174508636,-0.568047269
1.141,0.173872312,-0.566701005
1.142,0.17323788,-0.565353144
1.143,0.172605335,-0.564006544
1.144,0.171974675,-0.562659078
1.145,0.171345897,-0.561311468
1.146,0.170718997,-0.559964441
1.147,0.170093972,-0.558617293
1.148,0.16947082,-0.557269313
1.149,0.168849535,-0.555923393
1.15,0.168230116,-0.554575942
1.151,0.167612559,-0.553229133
1.152,0.166996861,-0.551882255
1.153,0.166383017,-0.550536772
1.154,0.165771025,-0.549190517
1.155,0.165160881,-0.547844956
1.156,0.164552582,-0.546499371
1.157,0.163946124,-0.545154504
1.158,0.163341504,-0.543809636
1.159,0.162738717,-0.542466246
1.16,0.162137762,-0.54112141
1.161,0.161538632,-0.539779549
1.162,0.160941327,-0.538435526
1.163,0.16034584,-0.53709451
1.164,0.15975217,-0.535752088
1.165,0.159160312,-0.534411226
1.166,0.158570262,-0.533071199
1.167,0.157982018,-0.531730535
1.168,0.157395574,-0.530392218
1.169,0.156810928,-0.529053288
1.17,0.156228075,-0.52771599
1.171,0.155647012,-0.526378847
1.172,0.155067736,-0.525041869
1.173,0.154490241,-0.523707317
1.174,0.153914525,-0.522372206
1.175,0.153340584,-0.521038049
1.176,0.152768414,-0.519704859
1.177,0.15219801,-0.518373404
1.178,0.15162937,-0.517041435
1.179,0.151062488,-0.515711987
1.18,0.150497363,-0.514381289
1.181,0.149933989,-0.513053141
1.182,0.149372362,-0.511726044
1.183,0.148812479,-0.510399249
1.184,0.148254336,-0.50907353
1.185,0.147697929,-0.507748901
1.186,0.147143254,-0.506425376
1.187,0.146590308,-0.505102201
1.188,0.146039085,-0.50378169
1.189,0.145489583,-0.502460789
1.19,0.144941796,-0.501142583
1.191,0.144395723,-0.499823241
1.192,0.143851357,-0.498507395
1.193,0.143308697,-0.497190434
1.194,0.142767736,-0.495877003
1.195,0.142228473,-0.494562478
1.196,0.141690902,-0.493250741
1.197,0.141155019,-0.491940259
1.198,0.140620821,-0.490630268
1.199,0.140088304,-0.489321557
1.2,0.139557464,-0.48801414
1.201,0.139028296,-0.486708813
1.202,0.138500797,-0.485404026
1.203,0.137974963,-0.484100574
1.204,0.137450789,-0.482799256
1.205,0.136928273,-0.481497731
1.206,0.136407409,-0.480199152
1.207,0.135888194,-0.478901178
1.208,0.135370624,-0.477604607
1.209,0.134854695,-0.476309452
1.21,0.134340403,-0.475015727
1.211,0.133827743,-0.473724238
1.212,0.133316712,-0.472433415
1.213,0.132807307,-0.471143269
1.214,0.132299522,-0.469856195
1.215,0.131793354,-0.468569825
1.216,0.131288799,-0.467284966
1.217,0.130785853,-0.466001631
1.218,0.130284512,-0.464719833
1.219,0.129784772,-0.463439587
1.22,0.129286628,-0.462161707
1.221,0.128790078,-0.460883802
1.222,0.128295117,-0.459608289
1.223,0.127801741,-0.458334381
1.224,0.127309946,-0.45706209
1.225,0.126819728,-0.45579143
1.226,0.126331083,-0.454522415
1.227,0.125844007,-0.453255056
1.228,0.125358496,-0.451989368
1.229,0.124874546,-0.450725363
1.23,0.124392154,-0.449462243
1.231,0.123911315,-0.448201644
1.232,0.123432025,-0.446942767
1.233,0.12295428,-0.445685626
1.234,0.122478077,-0.444429419
1.235,0.122003411,-0.443175787
1.236,0.121530279,-0.441923113
1.237,0.121058676,-0.440673043
1.238,0.120588598,-0.439424773
1.239,0.120120042,-0.438177496
1.24,0.119653004,-0.436932043
1.241,0.11918748,-0.435688428
1.242,0.118723465,-0.434447485
1.243,0.118260956,-0.433207582
1.244,0.117799949,-0.431969555
1.245,0.11734044,-0.430733416
1.246,0.116882425,-0.429499177
1.247,0.116425901,-0.428266024
1.248,0.115970862,-0.427036451
1.249,0.115517306,-0.42580716
1.25,0.115065228,-0.424580648
1.251,0.114614625,-0.423355268
1.252,0.114165492,-0.422132694
1.253,0.113717826,-0.420911275
1.254,0.113271623,-0.419691855
1.255,0.112826879,-0.418474446
1.256,0.11238359,-0.41725906
1.257,0.111941753,-0.416044873
1.258,0.111501362,-0.414834408
1.259,0.111062415,-0.413624327
1.26,0.110624908,-0.412416317
1.261,0.110188836,-0.41121123
1.262,0.109754197,-0.410006557
1.263,0.109320985,-0.408805673
1.264,0.108889197,-0.407606067
1.265,0.10845883,-0.406407748
1.266,0.10802988,-0.40521157
1.267,0.107602342,-0.404018391
1.268,0.107176213,-0.402826532
1.269,0.106751489,-0.40163685
1.27,0.106328166,-0.400449356
1.271,0.105906241,-0.399263214
1.272,0.105485709,-0.398080133
1.273,0.105066567,-0.396898424
1.274,0.104648811,-0.39571895
1.275,0.104232438,-0.394540869
1.276,0.103817443,-0.393365896
1.277,0.103403822,-0.392193192
1.278,0.102991573,-0.391021059
1.279,0.10258069,-0.389852925
1.28,0.102171171,-0.388685382
1.281,0.101763012,-0.38752015
1.282,0.101356208,-0.386358098
1.283,0.100950757,-0.385196664
1.284,0.100546653,-0.384039294
1.285,0.100143895,-0.3828817
1.286,0.099742477,-0.381728193
1.287,0.099342397,-0.380575341
1.288,0.09894365,-0.379425738
1.289,0.098546233,-0.378277672
1.29,0.098150142,-0.377132014
1.291,0.097755373,-0.375988776
1.292,0.097361923,-0.374847104
1.293,0.096969788,-0.373707871
1.294,0.096578964,-0.37257109
1.295,0.096189448,-0.371435903
1.296,0.095801235,-0.370304056
1.297,0.095414323,-0.369172953
1.298,0.095028708,-0.368044341
1.299,0.094644385,-0.366919103
1.3,0.094261352,-0.365794634
1.301,0.093879605,-0.364672688
1.302,0.093499139,-0.363554147
1.303,0.093119952,-0.362436402
1.304,0.092742039,-0.361322084
1.305,0.092365398,-0.360208578
1.306,0.091990024,-0.35909852
1.307,0.091615915,-0.357989291
1.308,0.091243065,-0.356884408
1.309,0.090871472,-0.355780371
1.31,0.090501133,-0.354678065
1.311,0.090132043,-0.35357926
1.312,0.089764199,-0.352482205
1.313,0.089397597,-0.35138779
1.314,0.089032234,-0.350295143
1.315,0.088668107,-0.349204271
1.316,0.088305211,-0.34811695
1.317,0.087943544,-0.34703054
1.318,0.087583101,-0.345947699
1.319,0.087223879,-0.344866671
1.32,0.086865875,-0.343787461
1.321,0.086509085,-0.342710964
1.322,0.086153506,-0.341636304
1.323,0.085799133,-0.340565263
1.324,0.085445965,-0.339494299
1.325,0.085093996,-0.338427862
1.326,0.084743224,-0.337362404
1.327,0.084393645,-0.336299714
1.328,0.084045256,-0.33523891
1.329,0.083698053,-0.33418089
1.33,0.083352032,-0.333125665
1.331,0.083007191,-0.332071456
1.332,0.082663526,-0.331020057
1.333,0.082321033,-0.329971478
1.334,0.081979709,-0.328924833
1.335,0.081639551,-0.327880128
1.336,0.081300554,-0.326839164
1.337,0.080962717,-0.325798363
1.338,0.080626034,-0.324762219
1.339,0.080290504,-0.32372625
1.34,0.079956122,-0.322694057
1.341,0.079622885,-0.321663852
1.342,0.07929079,-0.320635641
1.343,0.078959833,-0.319610332
1.344,0.078630011,-0.318587032
1.345,0.078301321,-0.317565749
1.346,0.077973759,-0.316547393
1.347,0.077647322,-0.315531067
1.348,0.077322006,-0.314517684
1.349,0.076997809,-0.313505442
1.35,0.076674727,-0.312496157
1.351,0.076352756,-0.311489838
1.352,0.076031894,-0.310484679
1.353,0.075712136,-0.309483408
1.354,0.07539348,-0.308483311
1.355,0.075075923,-0.307485302
1.356,0.074759461,-0.306490295
1.357,0.07444409,-0.305498299
1.358,0.074129808,-0.304507503
1.359,0.073816612,-0.303518821
1.36,0.073504497,-0.302534083
1.361,0.073193461,-0.301550562
1.362,0.072883501,-0.300569177
1.363,0.072574613,-0.299590845
1.364,0.072266794,-0.298614663
1.365,0.07196004,-0.297641549
1.366,0.07165435,-0.296668768
1.367,0.071349719,-0.295699985
1.368,0.071046144,-0.294733375
1.369,0.070743622,-0.293768947
1.37,0.070442149,-0.292807622
1.371,0.070141724,-0.291846657
1.372,0.069842342,-0.290889726
1.373,0.069544,-0.289935
1.374,0.069246695,-0.288982487
1.375,0.068950424,-0.288032192
1.376,0.068655184,-0.287084121
1.377,0.068360972,-0.28613828
1.378,0.068067784,-0.285195596
1.379,0.067775618,-0.284254233
1.38,0.06748447,-0.283316039
1.381,0.067194337,-0.2823801
1.382,0.066905216,-0.281446421
1.383,0.066617104,-0.280515007
1.384,0.066329998,-0.279585865
1.385,0.066043895,-0.278658999
1.386,0.065758791,-0.277735342
1.387,0.065474684,-0.276813048
1.388,0.065191571,-0.275893048
1.389,0.064909448,-0.274976273
1.39,0.064628312,-0.274061805
1.391,0.064348161,-0.27314872
1.392,0.064068991,-0.272238879
1.393,0.0637908,-0.271330431
1.394,0.063513584,-0.270425239
1.395,0.06323734,-0.26952238
1.396,0.062962066,-0.268620929
1.397,0.062687758,-0.26772275
1.398,0.062414413,-0.26682692
1.399,0.062142028,-0.265933445
1.4,0.061870601,-0.265041396
1.401,0.061600128,-0.264152643
1.402,0.061330606,-0.263266259
1.403,0.061062033,-0.262381317
1.404,0.060794405,-0.261499687
1.405,0.06052772,-0.260619508
1.406,0.060261974,-0.259742651
1.407,0.059997165,-0.258867255
1.408,0.05973329,-0.257994257
1.409,0.059470345,-0.257124598
1.41,0.059208328,-0.256256413
1.411,0.058947237,-0.255389705
1.412,0.058687067,-0.254527288
1.413,0.058427816,-0.253666357
1.414,0.058169482,-0.252806917
1.415,0.057912061,-0.251950846
1.416,0.057655551,-0.251096275
1.417,0.057399948,-0.250245083
1.418,0.05714525,-0.249395399
1.419,0.056891455,-0.248547226
1.42,0.056638558,-0.247703387
1.421,0.056386557,-0.246861069
1.422,0.05613545,-0.246020274
1.423,0.055885234,-0.245181947
1.424,0.055635905,-0.244347034
1.425,0.055387462,-0.243512715
1.426,0.0551399,-0.242682762
1.427,0.054893218,-0.24185341
1.428,0.054647413,-0.241026547
1.429,0.054402481,-0.240203122
1.43,0.054158421,-0.239380309
1.431,0.053915228,-0.238561885
1.432,0.053672902,-0.237743136
1.433,0.053431438,-0.236928786
1.434,0.053190834,-0.236116007
1.435,0.052951087,-0.235305746
1.436,0.052712195,-0.234497063
1.437,0.052474155,-0.233690906
1.438,0.052236964,-0.232887279
1.439,0.052000619,-0.232086188
1.44,0.051765118,-0.231286688
1.441,0.051530458,-0.23048973
1.442,0.051296636,-0.229695318
1.443,0.05106365,-0.228902509
1.444,0.050831497,-0.228112252
1.445,0.050600174,-0.227324554
1.446,0.050369678,-0.226539417
1.447,0.050140008,-0.225754945
1.448,0.049911159,-0.224974942
1.449,0.049683131,-0.224194661
1.45,0.049455919,-0.223418856
1.451,0.049229522,-0.222643729
1.452,0.049003937,-0.221871184
1.453,0.04877916,-0.221102178
1.454,0.048555191,-0.220332905
1.455,0.048332025,-0.219568131
1.456,0.04810966,-0.218805001
1.457,0.047888094,-0.218043518
1.458,0.047667325,-0.217283685
1.459,0.047447348,-0.216528367
1.46,0.047228163,-0.215772797
1.461,0.047009766,-0.215020795
1.462,0.046792156,-0.214269501
1.463,0.046575328,-0.213522736
1.464,0.046359281,-0.212776685
1.465,0.046144013,-0.212032305
1.466,0.04592952,-0.21129151
1.467,0.0457158,-0.210552393
1.468,0.045502851,-0.209814955
1.469,0.04529067,-0.209080156
1.47,0.045079255,-0.208347042
1.471,0.044868603,-0.207616574
1.472,0.044658712,-0.206887796
1.473,0.044449579,-0.206161669
1.474,0.044241201,-0.205438197
1.475,0.044033577,-0.204715466
1.476,0.043826704,-0.203995395
1.477,0.043620579,-0.203277986
1.478,0.043415199,-0.202563244
1.479,0.043210563,-0.201849252
1.48,0.043006669,-0.201136971
1.481,0.042803512,-0.200429286
1.482,0.042601092,-0.199721396
1.483,0.042399406,-0.199016187
1.484,0.042198451,-0.19831366
1.485,0.041998224,-0.19761382
1.486,0.041798724,-0.196914744
1.487,0.041599949,-0.196217398
1.488,0.041401895,-0.195523708
1.489,0.04120456,-0.194831752
1.49,0.041007943,-0.194140569
1.491,0.04081204,-0.193453051
1.492,0.040616849,-0.192767274
1.493,0.040422368,-0.192083241
1.494,0.040228595,-0.191400953
1.495,0.040035527,-0.190721377
1.496,0.039843161,-0.190044516
1.497,0.039651497,-0.189367478
1.498,0.03946053,-0.188695088
1.499,0.03927026,-0.188022526
1.5,0.039080683,-0.187353653
1.501,0.038891797,-0.186686541
1.502,0.038703601,-0.186020227
1.503,0.038516095,-0.185353746
1.504,0.038329286,-0.184680334
1.505,0.038143182,-0.183999021
1.506,0.03795779,-0.183310767
1.507,0.03777312,-0.182612668
1.508,0.037589183,-0.181903748
1.509,0.037405987,-0.181186904
1.51,0.037223543,-0.180459225
1.511,0.037041857,-0.179725545
1.512,0.036860938,-0.178982954
1.513,0.036680793,-0.178233384
1.514,0.036501428,-0.177477799
1.515,0.036322846,-0.176719101
1.516,0.036145053,-0.175954381
1.517,0.035968051,-0.175187515
1.518,0.035791842,-0.1744185
1.519,0.035616427,-0.173648306
1.52,0.035441806,-0.172877905
1.521,0.035267979,-0.172107296
1.522,0.035094944,-0.171338422
1.523,0.034922699,-0.170571287
1.524,0.034751243,-0.169804919
1.525,0.03458057,-0.169044181
1.526,0.034410678,-0.168285189
1.527,0.034241562,-0.167530862
1.528,0.034073218,-0.166780232
1.529,0.03390564,-0.166035249
1.53,0.033738823,-0.165294944
1.531,0.03357276,-0.164561269
1.532,0.033407447,-0.163831308
1.533,0.033242876,-0.16310896
1.534,0.033079041,-0.162392284
1.535,0.032915934,-0.161683231
1.536,0.03275355,-0.160978887
1.537,0.032591881,-0.160282177
1.538,0.032430919,-0.159593109
1.539,0.032270658,-0.158909737
1.54,0.032111091,-0.158233042
1.541,0.031952208,-0.157565954
1.542,0.031794005,-0.156902628
1.543,0.031636471,-0.156249895
1.544,0.031479602,-0.155600933
1.545,0.031323387,-0.154962576
1.546,0.031167822,-0.154327997
1.547,0.031012897,-0.153703059
1.548,0.030858606,-0.15308386
1.549,0.03070494,-0.152473335
1.55,0.030551894,-0.151867581
1.551,0.030399459,-0.151270511
1.552,0.030247629,-0.150679196
1.553,0.030096395,-0.150096575
1.554,0.029945752,-0.149518739
1.555,0.029795693,-0.148947649
1.556,0.029646209,-0.148385264
1.557,0.029497295,-0.147827676
1.558,0.029348944,-0.147276845
1.559,0.029201149,-0.146732774
1.56,0.029053904,-0.146194488
1.561,0.028907201,-0.145663949
1.562,0.028761036,-0.145137243
1.563,0.028615401,-0.14461829
1.564,0.028470291,-0.144104155
1.565,0.028325699,-0.1435968
1.566,0.028181619,-0.143095249
1.567,0.028038045,-0.142599504
1.568,0.027894973,-0.142107608
1.569,0.027752395,-0.141623484
1.57,0.027610306,-0.141144194
1.571,0.027468702,-0.14066876
1.572,0.027327576,-0.140200125
1.573,0.027186923,-0.139736331
1.574,0.027046738,-0.139277381
1.575,0.026907016,-0.138823275
1.576,0.026767752,-0.138374017
1.577,0.026628941,-0.137929608
1.578,0.026490577,-0.137491032
1.579,0.026352657,-0.137055346
1.58,0.026215176,-0.136624515
1.581,0.026078129,-0.136198541
1.582,0.025941511,-0.135777426
1.583,0.025805319,-0.135359207
1.584,0.025669547,-0.134946832
1.585,0.025534192,-0.134537357
1.586,0.025399249,-0.134132748
1.587,0.025264715,-0.133731041
1.588,0.025130585,-0.133334202
1.589,0.024996855,-0.13294125
1.59,0.024863523,-0.132550222
1.591,0.024730583,-0.13216505
1.592,0.024598032,-0.131782786
1.593,0.024465867,-0.131403431
1.594,0.024334083,-0.131028954
1.595,0.024202679,-0.130655422
1.596,0.024071649,-0.130287753
1.597,0.023940992,-0.129921031
1.598,0.023810702,-0.129560174
1.599,0.023680779,-0.129199283
1.6,0.023551217,-0.128844259
1.601,0.023422015,-0.128490186
1.602,0.023293168,-0.128140999
1.603,0.023164675,-0.127792765
1.604,0.023036533,-0.12744745
1.605,0.022908737,-0.127107025
1.606,0.022781287,-0.12676657
1.607,0.022654179,-0.126430022
1.608,0.02252741,-0.126096398
1.609,0.022400977,-0.125765699
1.61,0.02227488,-0.125434971
1.611,0.022149113,-0.125110123
1.612,0.022023677,-0.124784264
1.613,0.021898567,-0.124463301
1.614,0.021773782,-0.124143297
1.615,0.021649319,-0.123826221
1.616,0.021525177,-0.123510106
1.617,0.021401352,-0.123197905
1.618,0.021277843,-0.122886665
1.619,0.021154648,-0.122577371
1.62,0.021031765,-0.122270024
1.621,0.020909191,-0.121965609
1.622,0.020786925,-0.121662156
1.623,0.020664965,-0.121360652
1.624,0.020543309,-0.121061097
1.625,0.020421955,-0.120763491
1.626,0.020300901,-0.120467834
1.627,0.020180146,-0.120173142
1.628,0.020059687,-0.119881386
1.629,0.019939524,-0.119589609
1.63,0.019819654,-0.119300769
1.631,0.019700077,-0.11901191
1.632,0.019580789,-0.118726974
1.633,0.019461791,-0.118441033
1.634,0.01934308,-0.118158031
1.635,0.019224654,-0.117876982
1.636,0.019106513,-0.117595915
1.637,0.018988655,-0.117316801
1.638,0.018871079,-0.117038655
1.639,0.018753783,-0.116762464
1.64,0.018636766,-0.116487242
1.641,0.018520027,-0.116212988
1.642,0.018403564,-0.11594069
1.643,0.018287377,-0.115668375
1.644,0.018171463,-0.115399003
1.645,0.018055823,-0.115128627
1.646,0.017940454,-0.114861195
1.647,0.017825355,-0.114594733
1.648,0.017710527,-0.114327268
1.649,0.017595966,-0.114063735
1.65,0.017481673,-0.113799199
1.651,0.017367647,-0.113535634
1.652,0.017253886,-0.113274027
1.653,0.017140389,-0.113013392
1.654,0.017027155,-0.11275373
1.655,0.016914185,-0.112493064
1.656,0.016801475,-0.112236333
1.657,0.016689027,-0.111977612
1.658,0.016576838,-0.111721839
1.659,0.016464908,-0.111466051
1.66,0.016353237,-0.111210248
1.661,0.016241823,-0.110956406
1.662,0.016130665,-0.110703538
1.663,0.016019763,-0.110450655
1.664,0.015909117,-0.110197759
1.665,0.015798724,-0.109947812
1.666,0.015688585,-0.109696863
1.667,0.015578699,-0.109446888
1.668,0.015469065,-0.109197888
1.669,0.015359683,-0.108948874
1.67,0.015250551,-0.108701823
1.671,0.01514167,-0.108453771
1.672,0.015033038,-0.108207682
1.673,0.014924655,-0.107961579
1.674,0.01481652,-0.107716452
1.675,0.014708633,-0.107471312
1.676,0.014600993,-0.107227147
1.677,0.0144936,-0.10698297
1.678,0.014386453,-0.106739768
1.679,0.014279551,-0.106497543
1.68,0.014172894,-0.106255305
1.681,0.014066482,-0.106013054
1.682,0.013960314,-0.10577178
1.683,0.013854389,-0.105531483
1.684,0.013748707,-0.105291173
1.685,0.013643268,-0.105050851
1.686,0.01353807,-0.104812494
1.687,0.013433114,-0.104573137
1.688,0.0133284,-0.104333768
1.689,0.013223926,-0.104096365
1.69,0.013119692,-0.103858951
1.691,0.013015698,-0.103621524
1.692,0.012911943,-0.103385075
1.693,0.012808428,-0.103147626
1.694,0.012705151,-0.102912143
1.695,0.012602113,-0.10267566
1.696,0.012499312,-0.102441144
1.697,0.012396749,-0.102205627
1.698,0.012294423,-0.101971088
1.699,0.012192334,-0.101736539
1.7,0.012090482,-0.101501978
1.701,0.011988865,-0.101269385
1.702,0.011887485,-0.101034802
1.703,0.01178634,-0.100802187
1.704,0.011685429,-0.100570551
1.705,0.011584754,-0.100336925
1.706,0.011484314,-0.100104277
1.707,0.011384107,-0.099873599
1.708,0.011284134,-0.09964192
1.709,0.011184396,-0.09940924
1.71,0.01108489,-0.09917952
1.711,0.010985617,-0.098948799
1.712,0.010886578,-0.098717077
1.713,0.01078777,-0.098488316
1.714,0.010689195,-0.098257563
1.715,0.010590852,-0.098027791
1.716,0.010492741,-0.097798008
1.717,0.010394861,-0.097569205
1.718,0.010297212,-0.097340392
1.719,0.010199794,-0.097111569
1.72,0.010102607,-0.096882735
1.721,0.01000565,-0.096654882
1.722,0.009908923,-0.096427019
1.723,0.009812427,-0.096198155
1.724,0.00971616,-0.095971263
1.725,0.009620123,-0.09574337
1.726,0.009524314,-0.095517449
1.727,0.009428735,-0.095289536
1.728,0.009333385,-0.095062604
1.729,0.009238263,-0.094836653
1.73,0.00914337,-0.094609702
1.731,0.009048705,-0.094383732
1.732,0.008954268,-0.094157752
1.733,0.008860058,-0.093932754
1.734,0.008766076,-0.093706755
1.735,0.008672322,-0.093480746
1.736,0.008578794,-0.093256711
1.737,0.008485493,-0.093031675
1.738,0.00839242,-0.092805637
1.739,0.008299572,-0.092582565
1.74,0.008206951,-0.092357501
1.741,0.008114556,-0.092133418
1.742,0.008022386,-0.091910318
1.743,0.007930443,-0.091685226
1.744,0.007838725,-0.091462107
1.745,0.007747232,-0.09123898
1.746,0.007655964,-0.091015843
1.747,0.007564922,-0.090791705
1.748,0.007474104,-0.090569542
1.749,0.00738351,-0.09034737
1.75,0.007293141,-0.090124197
1.751,0.007202996,-0.089902007
1.752,0.007113075,-0.089679808
1.753,0.007023377,-0.089458593
1.754,0.006933903,-0.089236376
1.755,0.006844653,-0.089014151
1.756,0.006755626,-0.088792909
1.757,0.006666821,-0.08857265
1.758,0.00657824,-0.088350398
1.759,0.006489881,-0.088130122
1.76,0.006401744,-0.087909838
1.761,0.00631383,-0.087688553
1.762,0.006226138,-0.087468251
1.763,0.006138667,-0.087248933
1.764,0.006051418,-0.087028615
1.765,0.005964391,-0.086808288
1.766,0.005877585,-0.086588945
1.767,0.005791,-0.086369593
1.768,0.005704636,-0.086150234
1.769,0.005618492,-0.085931858
1.77,0.00553257,-0.085711489
1.771,0.005446867,-0.08549409
1.772,0.005361384,-0.08527569
1.773,0.005276122,-0.085056289
1.774,0.005191079,-0.084838866
1.775,0.005106256,-0.084620442
1.776,0.005021652,-0.084403002
1.777,0.004937267,-0.084185554
1.778,0.004853101,-0.083968099
1.779,0.004769154,-0.083750635
1.78,0.004685425,-0.083534157
1.781,0.004601915,-0.083316678
1.782,0.004518622,-0.083101177
1.783,0.004435548,-0.082883682
1.784,0.004352692,-0.082667172
1.785,0.004270052,-0.082452641
1.786,0.004187631,-0.082235122
1.787,0.004105426,-0.082020576
1.788,0.004023438,-0.081805029
1.789,0.003941668,-0.081588481
1.79,0.003860113,-0.081374905
1.791,0.003778775,-0.081159335
1.792,0.003697653,-0.080944751
1.793,0.003616746,-0.080731153
1.794,0.003536056,-0.08051556
1.795,0.003455581,-0.080301947
1.796,0.003375321,-0.080088327
1.797,0.003295276,-0.079874699
1.798,0.003215445,-0.079662058
1.799,0.00313583,-0.079447422
1.8,0.003056428,-0.07923576
1.801,0.002977241,-0.079022104
1.802,0.002898268,-0.078809434
1.803,0.002819508,-0.07859775
1.804,0.002740962,-0.078385066
1.805,0.002662629,-0.078173369
1.806,0.002584509,-0.077961664
1.807,0.002506602,-0.077749953
1.808,0.002428908,-0.077538234
1.809,0.002351425,-0.077328497
1.81,0.002274155,-0.077116764
1.811,0.002197097,-0.076906019
1.812,0.00212025,-0.076696261
1.813,0.002043615,-0.076485503
1.814,0.00196719,-0.076276725
1.815,0.001890977,-0.076065953
1.816,0.001814974,-0.075857162
1.817,0.001739182,-0.075647371
1.818,0.0016636,-0.075438567
1.819,0.001588228,-0.075229757
1.82,0.001513065,-0.075021934
1.821,0.001438112,-0.07481311
1.822,0.001363368,-0.074605275
1.823,0.001288833,-0.074397433
1.824,0.001214507,-0.074189584
1.825,0.001140389,-0.073982724
1.826,0.00106648,-0.073774862
1.827,0.000992778,-0.073568984
1.828,0.000919284,-0.073362104
1.829,0.000845997,-0.073156213
1.83,0.000772918,-0.072949321
1.831,0.000700045,-0.072744413
1.832,0.00062738,-0.072537508
1.833,0.00055492,-0.072333582
1.834,0.000482667,-0.07212766
1.835,0.000410619,-0.071923722
1.836,0.000338777,-0.071718783
1.837,0.00026714,-0.071514832
1.838,0.000195709,-0.071309881
1.839,0.000124482,-0.071106914
1.84,5.35E-05,-0.070903443
1.841,-1.74E-05,-0.070700066
1.842,-8.80E-05,-0.070497181
1.843,-0.000158383,-0.07029419
1.844,-0.00022859,-0.070091989
1.845,-0.000298594,-0.069889982
1.846,-0.000368396,-0.069688964
1.847,-0.000437994,-0.069485951
1.848,-0.00050739,-0.069284922
1.849,-0.000576585,-0.069084882
1.85,-0.000645577,-0.068882847
1.851,-0.000714368,-0.068682796
1.852,-0.000782958,-0.06848274
1.853,-0.000851348,-0.068283674
1.854,-0.000919536,-0.068082611
1.855,-0.000987525,-0.06788453
1.856,-0.001055313,-0.067684452
1.857,-0.001122902,-0.06748636
1.858,-0.001190291,-0.067287266
1.859,-0.001257481,-0.067089163
1.86,-0.001324472,-0.066891055
1.861,-0.001391265,-0.066693937
1.862,-0.00145786,-0.066496814
1.863,-0.001524257,-0.066299686
1.864,-0.001590456,-0.066102552
1.865,-0.001656458,-0.065906409
1.866,-0.001722263,-0.065710261
1.867,-0.001787871,-0.065514108
1.868,-0.001853283,-0.065318945
1.869,-0.001918498,-0.065122782
1.87,-0.001983518,-0.064928606
1.871,-0.002048343,-0.064734424
1.872,-0.002112972,-0.064539242
1.873,-0.002177407,-0.064346046
1.874,-0.002241647,-0.06415185
1.875,-0.002305693,-0.063958645
1.876,-0.002369544,-0.063764439
1.877,-0.002433203,-0.063573216
1.878,-0.002496668,-0.063379997
1.879,-0.00255994,-0.063187769
1.88,-0.002623019,-0.062995536
1.881,-0.002685906,-0.062804295
1.882,-0.002748601,-0.062613049
1.883,-0.002811105,-0.062422794
1.884,-0.002873417,-0.062231539
1.885,-0.002935538,-0.062041276
1.886,-0.002997469,-0.061852004
1.887,-0.003059209,-0.061661732
1.888,-0.003120759,-0.061472451
1.889,-0.003182119,-0.061283166
1.89,-0.00324329,-0.061094872
1.891,-0.003304271,-0.060905579
1.892,-0.003365065,-0.060719269
1.893,-0.003425669,-0.060529967
1.894,-0.003486086,-0.060343649
1.895,-0.003546315,-0.060156331
1.896,-0.003606356,-0.059969008
1.897,-0.00366621,-0.059782678
1.898,-0.003725878,-0.059597339
1.899,-0.003785359,-0.059411001
1.9,-0.003844654,-0.059225655
1.901,-0.003903764,-0.059041301
1.902,-0.003962688,-0.058855946
1.903,-0.004021427,-0.058671584
1.904,-0.004079981,-0.058487218
1.905,-0.004138351,-0.058303845
1.906,-0.004196537,-0.058120468
1.907,-0.004254539,-0.057937087
1.908,-0.004312358,-0.057754699
1.909,-0.004369994,-0.057572306
1.91,-0.004427447,-0.05738991
1.911,-0.004484718,-0.057208507
1.912,-0.004541807,-0.0570271
1.913,-0.004598714,-0.05684569
1.914,-0.00465544,-0.056665272
1.915,-0.004711985,-0.056484851
1.916,-0.00476835,-0.056305423
1.917,-0.004824534,-0.056124994
1.918,-0.004880539,-0.055946556
1.919,-0.004936363,-0.05576612
1.92,-0.004992009,-0.055588671
1.921,-0.005047476,-0.055410222
1.922,-0.005102764,-0.055231769
1.923,-0.005157875,-0.055055307
1.924,-0.005212807,-0.054876847
1.925,-0.005267562,-0.054700378
1.926,-0.00532214,-0.054523905
1.927,-0.005376541,-0.054347429
1.928,-0.005430766,-0.054171947
1.929,-0.005484815,-0.053996461
1.93,-0.005538689,-0.053821969
1.931,-0.005592387,-0.053646477
1.932,-0.00564591,-0.053471978
1.933,-0.005699258,-0.053297477
1.934,-0.005752433,-0.053124966
1.935,-0.005805433,-0.052950458
1.936,-0.00585826,-0.052777941
1.937,-0.005910914,-0.052605421
1.938,-0.005963395,-0.052432897
1.939,-0.006015703,-0.052260371
1.94,-0.00606784,-0.052089836
1.941,-0.006119805,-0.051918301
1.942,-0.006171598,-0.051746763
1.943,-0.006223221,-0.051577216
1.944,-0.006274672,-0.051405672
1.945,-0.006325954,-0.051237116
1.946,-0.006377066,-0.051067561
1.947,-0.006428008,-0.050898002
1.948,-0.006478781,-0.050729438
1.949,-0.006529385,-0.050560871
1.95,-0.006579821,-0.050393299
1.951,-0.006630089,-0.050225724
1.952,-0.006680189,-0.050058146
1.953,-0.006730122,-0.049891563
1.954,-0.006779887,-0.049723979
1.955,-0.006829487,-0.049559385
1.956,-0.006878919,-0.049391796
1.957,-0.006928186,-0.049227197
1.958,-0.006977288,-0.049062595
1.959,-0.007026224,-0.048896993
1.96,-0.007074996,-0.048733384
1.961,-0.007123603,-0.048568774
1.962,-0.007172046,-0.048405159
1.963,-0.007220325,-0.048241542
1.964,-0.007268441,-0.04807892
1.965,-0.007316394,-0.047916295
1.966,-0.007364185,-0.047754665
1.967,-0.007411813,-0.047592035
1.968,-0.00745928,-0.047431399
1.969,-0.007506585,-0.047269762
1.97,-0.007553729,-0.04710912
1.971,-0.007600712,-0.046948476
1.972,-0.007647535,-0.046788827
1.973,-0.007694197,-0.046628178
1.974,-0.0077407,-0.046469522
1.975,-0.007787044,-0.046310864
1.976,-0.007833229,-0.046152204
1.977,-0.007879256,-0.045994539
1.978,-0.007925124,-0.045835874
1.979,-0.007970834,-0.045678204
1.98,-0.008016387,-0.045521531
1.981,-0.008061783,-0.045364855
1.982,-0.008107023,-0.045209174
1.983,-0.008152106,-0.045052494
1.984,-0.008197033,-0.044896809
1.985,-0.008241804,-0.044741122
1.986,-0.00828642,-0.044586431
1.987,-0.008330882,-0.044432736
1.988,-0.008375189,-0.044278041
1.989,-0.008419341,-0.044123344
1.99,-0.00846334,-0.04397064
1.991,-0.008507186,-0.043817935
1.992,-0.008550879,-0.043665227
1.993,-0.008594419,-0.043512518
1.994,-0.008637807,-0.043360804
1.995,-0.008681043,-0.043209089
1.996,-0.008724127,-0.043057372
1.997,-0.00876706,-0.04290665
1.998,-0.008809843,-0.042756926
1.999,-0.008852475,-0.0426062
2,-0.008894957,-0.042456472
2.001,-0.008937289,-0.042306741
2.002,-0.008979478,-0.042163996
2.003,-0.009021533,-0.042030233
2.004,-0.009063466,-0.041908448
2.005,-0.009105291,-0.041800637
2.006,-0.009147022,-0.041706801
2.007,-0.009188671,-0.041624943
2.008,-0.009230252,-0.041557061
2.009,-0.009271777,-0.041501157
2.01,-0.009313255,-0.041454238
2.011,-0.009354696,-0.041417301
2.012,-0.009396109,-0.041389349
2.013,-0.009437499,-0.041366389
2.014,-0.009478873,-0.041350416
2.015,-0.009520235,-0.041338437
2.016,-0.009561586,-0.041327455
2.017,-0.00960293,-0.041320467
2.018,-0.009644268,-0.041314478
2.019,-0.009685598,-0.041306491
2.02,-0.009726921,-0.041299503
2.021,-0.009768234,-0.04128952
2.022,-0.009809537,-0.041279537
2.023,-0.009850824,-0.041263564
2.024,-0.009892094,-0.041246593
2.025,-0.009933343,-0.041225629
2.026,-0.009974566,-0.041199673
2.027,-0.010015759,-0.041169724
2.028,-0.010056917,-0.041134783
2.029,-0.010098035,-0.041094851
2.03,-0.010139108,-0.041049927
2.031,-0.010180131,-0.041000011
2.032,-0.010221098,-0.040944105
2.033,-0.010262004,-0.040883207
2.034,-0.010302843,-0.040816319
2.035,-0.01034361,-0.040744438
2.036,-0.0103843,-0.040667566
2.037,-0.010424906,-0.040583704
2.038,-0.010465424,-0.040495849
2.039,-0.010505848,-0.040402003
2.04,-0.010546174,-0.040304162
2.041,-0.010586395,-0.040199332
2.042,-0.010626506,-0.040089509
2.043,-0.010666504,-0.03997669
2.044,-0.010706382,-0.039856881
2.045,-0.010746137,-0.039734076
2.046,-0.010785763,-0.039605279
2.047,-0.010825257,-0.039473485
2.048,-0.010864613,-0.039335699
2.049,-0.010903828,-0.039194917
2.05,-0.010942898,-0.039050139
2.051,-0.010981819,-0.038901365
2.052,-0.011020586,-0.038747597
2.053,-0.011059198,-0.038592828
2.054,-0.011097649,-0.038432067
2.055,-0.011135936,-0.038268308
2.056,-0.011174057,-0.03810255
2.057,-0.011212008,-0.037932796
2.058,-0.011249787,-0.037761042
2.059,-0.01128739,-0.037585292
2.06,-0.011324815,-0.037407542
2.061,-0.011362059,-0.037226794
2.062,-0.01139912,-0.037044046
2.063,-0.011435995,-0.0368583
2.064,-0.011472683,-0.036671552
2.065,-0.01150918,-0.036480808
2.066,-0.011545486,-0.036290061
2.067,-0.011581599,-0.036097313
2.068,-0.011617516,-0.035901567
2.069,-0.011653235,-0.035703821
2.07,-0.011688756,-0.035506072
2.071,-0.011724077,-0.035306322
2.072,-0.011759197,-0.035105572
2.073,-0.011794113,-0.034901821
2.074,-0.011828826,-0.034699067
2.075,-0.011863333,-0.034493314
2.076,-0.011897635,-0.034288556
2.077,-0.011931729,-0.034080799
2.078,-0.011965616,-0.033874038
2.079,-0.011999293,-0.033664277
2.08,-0.012032762,-0.033456511
2.081,-0.01206602,-0.033245746
2.082,-0.012099068,-0.033035977
2.083,-0.012131904,-0.032824206
2.084,-0.012164529,-0.032613432
2.085,-0.012196942,-0.032401656
2.086,-0.012229142,-0.032188878
2.087,-0.01226113,-0.031977096
2.088,-0.012292906,-0.031765312
2.089,-0.012324468,-0.031551526
2.09,-0.012355817,-0.031338737
2.091,-0.012386954,-0.031126943
2.092,-0.012417877,-0.030913149
2.093,-0.012448587,-0.030700351
2.094,-0.012479084,-0.030487551
2.095,-0.012509368,-0.030274747
2.096,-0.01253944,-0.03006294
2.097,-0.012569299,-0.029850131
2.098,-0.012598946,-0.029638319
2.099,-0.012628381,-0.029426503
2.1,-0.012657604,-0.029214686
2.101,-0.012686616,-0.029003864
2.102,-0.012715417,-0.028793041
2.103,-0.012744007,-0.028582214
2.104,-0.012772387,-0.028372384
2.105,-0.012800558,-0.028163551
2.106,-0.01282852,-0.027954716
2.107,-0.012856273,-0.027745878
2.108,-0.012883818,-0.027538037
2.109,-0.012911155,-0.027330193
2.11,-0.012938285,-0.027123347
2.111,-0.01296521,-0.026918496
2.112,-0.012991928,-0.026711645
2.113,-0.013018442,-0.02650779
2.114,-0.013044751,-0.026302932
2.115,-0.013070856,-0.026099072
2.116,-0.013096759,-0.025897209
2.117,-0.013122459,-0.025694344
2.118,-0.013147958,-0.025493476
2.119,-0.013173256,-0.025292605
2.12,-0.013198355,-0.025093732
2.121,-0.013223254,-0.024893856
2.122,-0.013247954,-0.024694979
2.123,-0.013272457,-0.024498098
2.124,-0.013296763,-0.024301215
2.125,-0.013320874,-0.024106329
2.126,-0.013344789,-0.023910442
2.127,-0.01336851,-0.023716552
2.128,-0.013392037,-0.023522661
2.129,-0.013415372,-0.023330766
2.13,-0.013438515,-0.02313887
2.131,-0.013461468,-0.02294897
2.132,-0.01348423,-0.02275807
2.133,-0.013506803,-0.022569167
2.134,-0.013529189,-0.022382262
2.135,-0.013551387,-0.022194355
2.136,-0.013573399,-0.022008446
2.137,-0.013595225,-0.021822535
2.138,-0.013616867,-0.021638622
2.139,-0.013638325,-0.021454707
2.14,-0.013659601,-0.021272791
2.141,-0.013680695,-0.021090872
2.142,-0.013701609,-0.020910952
2.143,-0.013722342,-0.02073003
2.144,-0.013742896,-0.020551106
2.145,-0.013763273,-0.02037418
2.146,-0.013783473,-0.020197253
2.147,-0.013803496,-0.020020325
2.148,-0.013823344,-0.019845394
2.149,-0.013843019,-0.019672462
2.15,-0.013862519,-0.019497529
2.151,-0.013881848,-0.019326593
2.152,-0.013901005,-0.019154657
2.153,-0.013919992,-0.018984719
2.154,-0.01393881,-0.018815779
2.155,-0.013957459,-0.018646839
2.156,-0.01397594,-0.018478896
2.157,-0.013994255,-0.018312953
2.158,-0.014012404,-0.018147008
2.159,-0.014030388,-0.017982062
2.16,-0.014048209,-0.017819114
2.161,-0.014065866,-0.017655165
2.162,-0.014083362,-0.017494215
2.163,-0.014100697,-0.017333264
2.164,-0.014117872,-0.017173312
2.165,-0.014134887,-0.017013358
2.166,-0.014151745,-0.016856403
2.167,-0.014168445,-0.016698448
2.168,-0.014184989,-0.016542491
2.169,-0.014201378,-0.016387533
2.17,-0.014217612,-0.016232574
2.171,-0.014233693,-0.016079614
2.172,-0.014249621,-0.015926653
2.173,-0.014265397,-0.015774691
2.174,-0.014281023,-0.015624728
2.175,-0.014296498,-0.015473765
2.176,-0.014311825,-0.0153258
2.177,-0.014327003,-0.015176835
2.178,-0.014342035,-0.015030868
2.179,-0.01435692,-0.014883901
2.18,-0.01437166,-0.014738933
2.181,-0.014386255,-0.014593964
2.182,-0.014400707,-0.014450994
2.183,-0.014415016,-0.014308024
2.184,-0.014429183,-0.014166052
2.185,-0.014443209,-0.01402508
2.186,-0.014457095,-0.013885108
2.187,-0.014470842,-0.013746134
2.188,-0.01448445,-0.01360716
2.189,-0.014497921,-0.013470185
2.19,-0.014511256,-0.01333421
2.191,-0.014524454,-0.013197234
2.192,-0.014537518,-0.013063257
2.193,-0.014550448,-0.01292928
2.194,-0.014563244,-0.012795302
2.195,-0.014575908,-0.012663323
2.196,-0.01458844,-0.012531344
2.197,-0.014600842,-0.012401364
2.198,-0.014613114,-0.012271384
2.199,-0.014625256,-0.012141403
2.2,-0.014637271,-0.012014422
2.201,-0.014649158,-0.01188644
2.202,-0.014660918,-0.011759458
2.203,-0.014672552,-0.011633475
2.204,-0.014684062,-0.011509492
2.205,-0.014695447,-0.011384508
2.206,-0.014706709,-0.011261524
2.207,-0.014717848,-0.011138539
2.208,-0.014728865,-0.011016554
2.209,-0.014739761,-0.010895569
2.21,-0.014750537,-0.010775583
2.211,-0.014761193,-0.010655597
2.212,-0.014771731,-0.01053761
2.213,-0.01478215,-0.010418623
2.214,-0.014792453,-0.010302635
2.215,-0.014802639,-0.010185648
2.216,-0.014812709,-0.01006966
2.217,-0.014822664,-0.009954671
2.218,-0.014832505,-0.009840682
2.219,-0.014842232,-0.009726693
2.22,-0.014851847,-0.009614704
2.221,-0.014861349,-0.009501714
2.222,-0.014870741,-0.009391724
2.223,-0.014880022,-0.009280734
2.224,-0.014889193,-0.009170743
2.225,-0.014898254,-0.009060752
2.226,-0.014907208,-0.008953761
2.227,-0.014916054,-0.008845769
2.228,-0.014924792,-0.008737778
2.229,-0.014933425,-0.008632786
2.23,-0.014941951,-0.008525793
2.231,-0.014950373,-0.008421801
2.232,-0.014958691,-0.008317808
2.233,-0.014966905,-0.008213815
2.234,-0.014975016,-0.008110822
2.235,-0.014983025,-0.008008829
2.236,-0.014990932,-0.007906835
2.237,-0.014998739,-0.007806841
2.238,-0.015006445,-0.007705847
2.239,-0.015014052,-0.007606853
2.24,-0.01502156,-0.007507859
2.241,-0.01502897,-0.007409864
2.242,-0.015036282,-0.00731187
2.243,-0.015043497,-0.007214875
2.244,-0.015050616,-0.00711888
2.245,-0.015057639,-0.007022885
2.246,-0.015064568,-0.006928889
2.247,-0.015071401,-0.006832894
2.248,-0.015078142,-0.006740898
2.249,-0.015084788,-0.006645902
2.25,-0.015091343,-0.006554906
2.251,-0.015097805,-0.00646191
2.252,-0.015104176,-0.006370914
2.253,-0.015110457,-0.006280917
2.254,-0.015116647,-0.006189921
2.255,-0.015122748,-0.006100924
2.256,-0.01512876,-0.006011928
2.257,-0.015134683,-0.005922931
2.258,-0.015140519,-0.005835934
2.259,-0.015146268,-0.005748937
2.26,-0.01515193,-0.005661939
2.261,-0.015157506,-0.005575942
2.262,-0.015162997,-0.005490945
2.263,-0.015168403,-0.005405947
2.264,-0.015173724,-0.00532095
2.265,-0.015178962,-0.005237952
2.266,-0.015184116,-0.005153954
2.267,-0.015189189,-0.005072956
2.268,-0.015194178,-0.004988959
2.269,-0.015199087,-0.004908961
2.27,-0.015203914,-0.004826963
2.271,-0.015208661,-0.004746964
2.272,-0.015213329,-0.004667966
2.273,-0.015217916,-0.004586968
2.274,-0.015222425,-0.004508969
2.275,-0.015226856,-0.004430971
2.276,-0.015231209,-0.004352973
2.277,-0.015235485,-0.004275974
2.278,-0.015239684,-0.004198975
2.279,-0.015243806,-0.004121977
2.28,-0.015247853,-0.004046978
2.281,-0.015251825,-0.003971979
2.282,-0.015255722,-0.00389698
2.283,-0.015259545,-0.003822981
2.284,-0.015263295,-0.003749982
2.285,-0.015266971,-0.003675983
2.286,-0.015270574,-0.003602984
2.287,-0.015274105,-0.003530985
2.288,-0.015277565,-0.003459986
2.289,-0.015280953,-0.003387987
2.29,-0.01528427,-0.003316988
2.291,-0.015287517,-0.003246989
2.292,-0.015290695,-0.003177989
2.293,-0.015293803,-0.00310799
2.294,-0.015296842,-0.003038991
2.295,-0.015299812,-0.002969991
2.296,-0.015302715,-0.002902992
2.297,-0.01530555,-0.002834992
2.298,-0.015308318,-0.002767993
2.299,-0.01531102,-0.002701993
2.3,-0.015313655,-0.002634994
2.301,-0.015316225,-0.002569994
2.302,-0.01531873,-0.002504995
2.303,-0.015321169,-0.002438995
2.304,-0.015323545,-0.002375996
2.305,-0.015325856,-0.002310996
2.306,-0.015328104,-0.002247996
2.307,-0.015330289,-0.002184997
2.308,-0.015332411,-0.002121997
2.309,-0.015334471,-0.002059997
2.31,-0.01533647,-0.001998997
2.311,-0.015338406,-0.001935998
2.312,-0.015340282,-0.001875998
2.313,-0.015342098,-0.001815998
2.314,-0.015343853,-0.001754998
2.315,-0.015345548,-0.001694998
2.316,-0.015347185,-0.001636999
2.317,-0.015348762,-0.001576999
2.318,-0.015350281,-0.001518999
2.319,-0.015351741,-0.001459999
2.32,-0.015353144,-0.001402999
2.321,-0.01535449,-0.001345999
2.322,-0.015355778,-0.001287999
2.323,-0.01535701,-0.001231999
2.324,-0.015358186,-0.001175999
2.325,-0.015359306,-0.00112
2.326,-0.015360371,-0.001065
2.327,-0.015361381,-0.00101
2.328,-0.015362336,-0.000955
2.329,-0.015363237,-0.000901
2.33,-0.015364083,-0.000846
2.331,-0.015364877,-0.000794
2.332,-0.015365617,-0.00074
2.333,-0.015366304,-0.000687
2.334,-0.015366939,-0.000635
2.335,-0.015367522,-0.000583
2.336,-0.015368053,-0.000531
2.337,-0.015368533,-0.00048
2.338,-0.015368961,-0.000428
2.339,-0.015369339,-0.000378
2.34,-0.015369667,-0.000328
2.341,-0.015369944,-0.000277
2.342,-0.015370172,-0.000228
2.343,-0.015370351,-0.000179
2.344,-0.01537048,-0.000129
2.345,-0.015370561,-8.10E-05
2.346,-0.015370594,-3.30E-05
2.347,-0.015370579,1.50E-05
2.348,-0.015370516,6.30E-05
2.349,-0.015370406,0.00011
2.35,-0.015370248,0.000158
2.351,-0.015370045,0.000203
2.352,-0.015369794,0.000251
2.353,-0.015369498,0.000296
2.354,-0.015369156,0.000342
2.355,-0.015368769,0.000387
2.356,-0.015368336,0.000433
2.357,-0.015367859,0.000477
2.358,-0.015367337,0.000522
2.359,-0.015366771,0.000566
2.36,-0.015366161,0.00061
2.361,-0.015365508,0.000653
2.362,-0.015364811,0.000697
2.363,-0.015364072,0.000739
2.364,-0.01536329,0.000782
2.365,-0.015362465,0.000825
2.366,-0.015361598,0.000867
2.367,-0.01536069,0.000908
2.368,-0.01535974,0.00095
2.369,-0.015358749,0.000991
2.37,-0.015357716,0.001033
2.371,-0.015356644,0.001072
2.372,-0.01535553,0.001114
2.373,-0.015354377,0.001152999
2.374,-0.015353184,0.001192999
2.375,-0.015351952,0.001231999
2.376,-0.01535068,0.001271999
2.377,-0.015349369,0.001310999
2.378,-0.015348019,0.001349999
2.379,-0.015346631,0.001387999
2.38,-0.015345205,0.001425999
2.381,-0.015343741,0.001463999
2.382,-0.015342239,0.001501999
2.383,-0.0153407,0.001538999
2.384,-0.015339124,0.001575999
2.385,-0.01533751,0.001613999
2.386,-0.01533586,0.001649999
2.387,-0.015334174,0.001685998
2.388,-0.015332452,0.001721998
2.389,-0.015330694,0.001757998
2.39,-0.0153289,0.001793998
2.391,-0.015327071,0.001828998
2.392,-0.015325206,0.001864998
2.393,-0.015323307,0.001898998
2.394,-0.015321373,0.001933998
2.395,-0.015319405,0.001967997
2.396,-0.015317402,0.002002997
2.397,-0.015315366,0.002035997
2.398,-0.015313296,0.002069997
2.399,-0.015311192,0.002103997
2.4,-0.015309056,0.002135997
2.401,-0.015306886,0.002169997
2.402,-0.015304719,0.002166997
2.403,-0.015302587,0.002131997
2.404,-0.015300518,0.002068997
2.405,-0.01529854,0.001977997
2.406,-0.015296675,0.001864998
2.407,-0.015294947,0.001727998
2.408,-0.015293373,0.001573999
2.409,-0.015291973,0.001399999
2.41,-0.01529076,0.001212999
2.411,-0.015289751,0.001009
2.412,-0.015288958,0.000793
2.413,-0.015288392,0.000566
2.414,-0.015288063,0.000329
2.415,-0.015287982,8.10E-05
2.416,-0.015288155,-0.000173
2.417,-0.015288591,-0.000436
2.418,-0.015289296,-0.000705
2.419,-0.015290276,-0.00098
2.42,-0.015291535,-0.001258999
2.421,-0.015293078,-0.001542999
2.422,-0.015294909,-0.001830998
2.423,-0.015297031,-0.002121997
2.424,-0.015299447,-0.002415995
2.425,-0.015302158,-0.002710993
2.426,-0.015305167,-0.003008991
2.427,-0.015308476,-0.003308988
2.428,-0.015312085,-0.003608984
2.429,-0.015315995,-0.00390998
2.43,-0.015320207,-0.004211975
2.431,-0.01532472,-0.004512969
2.432,-0.015329536,-0.004815963
2.433,-0.015334653,-0.005116955
2.434,-0.015340071,-0.005417947
2.435,-0.015345789,-0.005717938
2.436,-0.015351808,-0.006018927
2.437,-0.015358124,-0.006315916
2.438,-0.015364739,-0.006614904
2.439,-0.01537165,-0.00691089
2.44,-0.015378856,-0.007205875
2.441,-0.015386355,-0.007498859
2.442,-0.015394146,-0.007790842
2.443,-0.015402227,-0.008080824
2.444,-0.015410597,-0.008369805
2.445,-0.015419254,-0.008656784
2.446,-0.015428195,-0.008940762
2.447,-0.015437419,-0.009223738
2.448,-0.015446924,-0.009504714
2.449,-0.015456708,-0.009783688
2.45,-0.015466768,-0.010059661
2.451,-0.015477103,-0.010334632
2.452,-0.01548771,-0.010606602
2.453,-0.015498588,-0.010877571
2.454,-0.015509733,-0.011144539
2.455,-0.015521145,-0.011411505
2.456,-0.015532819,-0.01167347
2.457,-0.015544755,-0.011935433
2.458,-0.01555695,-0.012194396
2.459,-0.015569402,-0.012451356
2.46,-0.015582107,-0.012704316
2.461,-0.015595065,-0.012957275
2.462,-0.015608273,-0.013207232
2.463,-0.015621728,-0.013454188
2.464,-0.015635427,-0.013698143
2.465,-0.01564937,-0.013942097
2.466,-0.015663553,-0.014182049
2.467,-0.015677974,-0.01442
2.468,-0.015692631,-0.014655951
2.469,-0.015707521,-0.0148889
2.47,-0.015722642,-0.015119848
2.471,-0.015737992,-0.015348795
2.472,-0.015753569,-0.01557574
2.473,-0.015769369,-0.015798685
2.474,-0.015785392,-0.016021629
2.475,-0.015801634,-0.016240572
2.476,-0.015818094,-0.016458514
2.477,-0.015834769,-0.016673455
2.478,-0.015851657,-0.016886395
2.479,-0.015868756,-0.017097334
2.48,-0.015886063,-0.017305272
2.481,-0.015903576,-0.01751121
2.482,-0.015921293,-0.017715147
2.483,-0.015939213,-0.017918082
2.484,-0.015957332,-0.018117018
2.485,-0.015975648,-0.018313952
2.486,-0.01599416,-0.018509886
2.487,-0.016012866,-0.018703819
2.488,-0.016031762,-0.018893751
2.489,-0.016050848,-0.019083683
2.49,-0.016070121,-0.019270614
2.491,-0.016089578,-0.019454545
2.492,-0.016109218,-0.019637475
2.493,-0.01612904,-0.019819405
2.494,-0.016149039,-0.019996334
2.495,-0.016169216,-0.020174263
2.496,-0.016189568,-0.020349191
2.497,-0.016210092,-0.020521119
2.498,-0.016230787,-0.020692046
2.499,-0.01625165,-0.020859974
2.5,-0.016272681,-0.0210279
2.501,-0.016293876,-0.021191827
2.502,-0.016315235,-0.021355753
2.503,-0.016336754,-0.021515679
2.504,-0.016358433,-0.021675605
2.505,-0.016380269,-0.02183253
2.506,-0.016402261,-0.021988456
2.507,-0.016424406,-0.022141381
2.508,-0.016446702,-0.022292307
2.509,-0.016469149,-0.022443231
2.51,-0.016491744,-0.022591156
2.511,-0.016514485,-0.022737081
2.512,-0.01653737,-0.022881006
2.513,-0.016560398,-0.023023931
2.514,-0.016583568,-0.023165855
2.515,-0.016606876,-0.023303781
2.516,-0.016630322,-0.023441705
2.517,-0.016653903,-0.023576631
2.518,-0.016677619,-0.023711555
2.519,-0.016701467,-0.023843481
2.52,-0.016725446,-0.023974406
2.521,-0.016749553,-0.024102332
2.522,-0.016773788,-0.024230257
2.523,-0.016798149,-0.024356183
2.524,-0.016822633,-0.024479109
2.525,-0.01684724,-0.024602035
2.526,-0.016871968,-0.024722962
2.527,-0.016896815,-0.024841889
2.528,-0.01692178,-0.024959815
2.529,-0.016946861,-0.025075743
2.53,-0.016972056,-0.025189671
2.531,-0.016997365,-0.025303598
2.532,-0.017022784,-0.025413527
2.533,-0.017048314,-0.025524456
2.534,-0.017073952,-0.025632385
2.535,-0.017099697,-0.025739314
2.536,-0.017125547,-0.025844244
2.537,-0.017151501,-0.025948175
2.538,-0.017177558,-0.026051105
2.539,-0.017203716,-0.026152036
2.54,-0.017229973,-0.026250968
2.541,-0.017256328,-0.026348901
2.542,-0.01728278,-0.026445833
2.543,-0.017309327,-0.026540766
2.544,-0.017335969,-0.026635699
2.545,-0.017362702,-0.026726634
2.546,-0.017389527,-0.026818569
2.547,-0.017416442,-0.026908504
2.548,-0.017443445,-0.02699644
2.549,-0.017470535,-0.027083376
2.55,-0.017497711,-0.027169313
2.551,-0.017524971,-0.027253251
2.552,-0.017552315,-0.027337188
2.553,-0.01757974,-0.027418127
2.554,-0.017607245,-0.027498067
2.555,-0.01763483,-0.027578006
2.556,-0.017662493,-0.027655947
2.557,-0.017690233,-0.027732888
2.558,-0.017718047,-0.027806831
2.559,-0.017745937,-0.027882772
2.56,-0.017773899,-0.027954716
2.561,-0.017801933,-0.028026659
2.562,-0.017830037,-0.028096604
2.563,-0.017858211,-0.028166549
2.564,-0.017886452,-0.028233496
2.565,-0.017914761,-0.028301441
2.566,-0.017943136,-0.028367388
2.567,-0.017971575,-0.028431337
2.568,-0.018000078,-0.028495285
2.569,-0.018028642,-0.028556235
2.57,-0.018057269,-0.028619184
2.571,-0.018085955,-0.028678135
2.572,-0.0181147,-0.028737087
2.573,-0.018143503,-0.028795039
2.574,-0.018172362,-0.028850992
2.575,-0.018201278,-0.028907945
2.576,-0.018230247,-0.0289609
2.577,-0.018259271,-0.029015854
2.578,-0.018288346,-0.029066811
2.579,-0.018317473,-0.029118767
2.58,-0.018346651,-0.029169724
2.581,-0.018375877,-0.029217683
2.582,-0.018405152,-0.029266641
2.583,-0.018434474,-0.029313601
2.584,-0.018463842,-0.029359561
2.585,-0.018493256,-0.029405522
2.586,-0.018522713,-0.029448484
2.587,-0.018552214,-0.029492446
2.588,-0.018581757,-0.02953441
2.589,-0.018611342,-0.029576373
2.59,-0.018640966,-0.029615339
2.591,-0.01867063,-0.029655304
2.592,-0.018700333,-0.029694269
2.593,-0.018730072,-0.029730238
2.594,-0.018759849,-0.029768204
2.595,-0.018789661,-0.029803173
2.596,-0.018819507,-0.029837143
2.597,-0.018849388,-0.029872111
2.598,-0.018879301,-0.029904083
2.599,-0.018909246,-0.029936054
2.6,-0.018939222,-0.029967026
2.601,-0.018969229,-0.029997999
2.602,-0.018999264,-0.030025973
2.603,-0.019029329,-0.030055946
2.604,-0.01905942,-0.030081923
2.605,-0.019089539,-0.030109897
2.606,-0.019119683,-0.030134875
2.607,-0.019149853,-0.030160851
2.608,-0.019180047,-0.030184829
2.609,-0.019210264,-0.030207808
2.61,-0.019240504,-0.030230787
2.611,-0.019270766,-0.030252767
2.612,-0.019301048,-0.030272749
2.613,-0.019331351,-0.03029373
2.614,-0.019361673,-0.030312712
2.615,-0.019392014,-0.030331695
2.616,-0.019422373,-0.030349678
2.617,-0.019452749,-0.030366663
2.618,-0.019483141,-0.030382648
2.619,-0.019513549,-0.030398633
2.62,-0.019543972,-0.030413619
2.621,-0.019574408,-0.030426607
2.622,-0.019604858,-0.030440594
2.623,-0.019635321,-0.030453582
2.624,-0.019665796,-0.030465571
2.625,-0.019696282,-0.030476561
2.626,-0.019726778,-0.030486551
2.627,-0.019757284,-0.030496542
2.628,-0.019787799,-0.030505534
2.629,-0.019818323,-0.030514525
2.63,-0.019848854,-0.030521519
2.631,-0.019879393,-0.030529511
2.632,-0.019909937,-0.030534507
2.633,-0.019940488,-0.0305415
2.634,-0.019971043,-0.030545497
2.635,-0.020001603,-0.030550492
2.636,-0.020032167,-0.030554488
2.637,-0.020062733,-0.030556486
2.638,-0.020093303,-0.030560483
2.639,-0.020123873,-0.030560483
2.64,-0.020154446,-0.03056348
2.641,-0.020185018,-0.030562481
2.642,-0.020215591,-0.03056348
2.643,-0.020246163,-0.030562481
2.644,-0.020276734,-0.030561482
2.645,-0.020307303,-0.030559483
2.646,-0.020337869,-0.030556486
2.647,-0.020368433,-0.030554488
2.648,-0.020398992,-0.030549493
2.649,-0.020429548,-0.030546496
2.65,-0.020460099,-0.0305415
2.651,-0.020490644,-0.030535506
2.652,-0.020521184,-0.030530511
2.653,-0.020551717,-0.030523517
2.654,-0.020582243,-0.030516524
2.655,-0.020612762,-0.03050953
2.656,-0.020643273,-0.030501538
2.657,-0.020673775,-0.030492546
2.658,-0.020704267,-0.030482555
2.659,-0.020734751,-0.030474563
2.66,-0.020765223,-0.030462574
2.661,-0.020795686,-0.030453582
2.662,-0.020826137,-0.030441593
2.663,-0.020856576,-0.030429604
2.664,-0.020887003,-0.030417615
2.665,-0.020917417,-0.030404627
2.666,-0.020947818,-0.030391639
2.667,-0.020978206,-0.030378651
2.668,-0.021008579,-0.030363665
2.669,-0.021038938,-0.030349678
2.67,-0.021069281,-0.030333693
2.671,-0.021099609,-0.030318707
2.672,-0.021129921,-0.030302721
2.673,-0.021160216,-0.030285737
2.674,-0.021190494,-0.030268753
2.675,-0.021220755,-0.030251768
2.676,-0.021250998,-0.030233785
2.677,-0.021281222,-0.030214802
2.678,-0.021311428,-0.030196818
2.679,-0.021341615,-0.030177836
2.68,-0.021371782,-0.030157854
2.681,-0.021401928,-0.030136873
2.682,-0.021432055,-0.03011789
2.683,-0.02146216,-0.03009591
2.684,-0.021492245,-0.030075928
2.685,-0.021522307,-0.030052949
2.686,-0.021552348,-0.030031968
2.687,-0.021582365,-0.03000799
2.688,-0.02161236,-0.029986009
2.689,-0.021642332,-0.02996303
2.69,-0.02167228,-0.029939052
2.691,-0.021702204,-0.029915073
2.692,-0.021732103,-0.029890095
2.693,-0.021761978,-0.029866117
2.694,-0.021791827,-0.02984014
2.695,-0.021821651,-0.029815162
2.696,-0.021851449,-0.029789185
2.697,-0.02188122,-0.029762209
2.698,-0.021910965,-0.029736232
2.699,-0.021940683,-0.029709256
2.7,-0.021970373,-0.029681281
2.701,-0.022000036,-0.029654304
2.702,-0.022029671,-0.029626329
2.703,-0.022059277,-0.029597355
2.704,-0.022088855,-0.029569379
2.705,-0.022118403,-0.029539405
2.706,-0.022147922,-0.02951043
2.707,-0.022177412,-0.029481456
2.708,-0.022206871,-0.029450483
2.709,-0.0222363,-0.029420509
2.71,-0.022265698,-0.029389535
2.711,-0.022295065,-0.029358562
2.712,-0.022324401,-0.029327589
2.713,-0.022353705,-0.029295616
2.714,-0.022382978,-0.029264643
2.715,-0.022412218,-0.029231671
2.716,-0.022441426,-0.029199698
2.717,-0.022470601,-0.029166726
2.718,-0.022499743,-0.029133755
2.719,-0.022528851,-0.029099783
2.72,-0.022557926,-0.029066811
2.721,-0.022586967,-0.02903284
2.722,-0.022615973,-0.028997869
2.723,-0.022644945,-0.028963898
2.724,-0.022673883,-0.028929926
2.725,-0.022702785,-0.028893957
2.726,-0.022731652,-0.028858986
2.727,-0.022760484,-0.028824015
2.728,-0.02278928,-0.028788045
2.729,-0.022818039,-0.028751075
2.73,-0.022846763,-0.028716104
2.731,-0.02287545,-0.028679135
2.732,-0.0229041,-0.028642165
2.733,-0.022932713,-0.028605195
2.734,-0.022961288,-0.028567226
2.735,-0.022989826,-0.028530257
2.736,-0.023018327,-0.028493287
2.737,-0.023046789,-0.028454318
2.738,-0.023075213,-0.028416349
2.739,-0.023103599,-0.02837838
2.74,-0.023131946,-0.028339411
2.741,-0.023160254,-0.028300442
2.742,-0.023188523,-0.028261473
2.743,-0.023216753,-0.028222504
2.744,-0.023244943,-0.028182536
2.745,-0.023273093,-0.028142568
2.746,-0.023301204,-0.028103599
2.747,-0.023329274,-0.028062631
2.748,-0.023357304,-0.028022663
2.749,-0.023385293,-0.027981695
2.75,-0.023413242,-0.027941726
2.751,-0.023441149,-0.027899759
2.752,-0.023469016,-0.02785979
2.753,-0.023496841,-0.027817822
2.754,-0.023524624,-0.027775855
2.755,-0.023552366,-0.027734886
2.756,-0.023580066,-0.027692919
2.757,-0.023607723,-0.027649952
2.758,-0.023635339,-0.027608983
2.759,-0.023662912,-0.027566016
2.76,-0.023690442,-0.027523048
2.761,-0.02371793,-0.02748108
2.762,-0.023745375,-0.027438112
2.763,-0.023772776,-0.027394145
2.764,-0.023800135,-0.027352177
2.765,-0.023827449,-0.02730721
2.766,-0.023854721,-0.027265242
2.767,-0.023881948,-0.027220275
2.768,-0.023909131,-0.027176308
2.769,-0.023936271,-0.027133339
2.77,-0.023963366,-0.027088372
2.771,-0.023990417,-0.027044405
2.772,-0.024017423,-0.026999437
2.773,-0.024044385,-0.02695547
2.774,-0.024071301,-0.026909503
2.775,-0.024098173,-0.026865535
2.776,-0.024125,-0.026820567
2.777,-0.024151781,-0.0267746
2.778,-0.024178518,-0.026730632
2.779,-0.024205208,-0.026683665
2.78,-0.024231853,-0.026638697
2.781,-0.024258452,-0.02659273
2.782,-0.024285006,-0.026547761
2.783,-0.024311513,-0.026500794
2.784,-0.024337974,-0.026454827
2.785,-0.024364389,-0.026408859
2.786,-0.024390758,-0.026362891
2.787,-0.02441708,-0.026315923
2.788,-0.024443355,-0.026268956
2.789,-0.024469584,-0.026222988
2.79,-0.024495766,-0.02617602
2.791,-0.024521901,-0.026129052
2.792,-0.024547989,-0.026082084
2.793,-0.024574029,-0.026034117
2.794,-0.024600023,-0.025988148
2.795,-0.024625969,-0.02594018
2.796,-0.024651868,-0.025893212
2.797,-0.024677719,-0.025845244
2.798,-0.024703522,-0.025797276
2.799,-0.024729278,-0.025750307
2.8,-0.024754985,-0.025701339
2.801,-0.024780597,-0.025606402
2.802,-0.024806071,-0.025468492
2.803,-0.024831371,-0.025294604
2.804,-0.024856468,-0.025091733
2.805,-0.024881336,-0.024862876
2.806,-0.024905952,-0.02461103
2.807,-0.024930296,-0.024339193
2.808,-0.024954353,-0.024052361
2.809,-0.024978108,-0.023750533
2.81,-0.025001549,-0.023436708
2.811,-0.025024667,-0.023113883
2.812,-0.025047451,-0.022780059
2.813,-0.025069895,-0.022440233
2.814,-0.025091993,-0.022094404
2.815,-0.025113739,-0.021742573
2.816,-0.025135129,-0.021386739
2.817,-0.025156159,-0.021026901
2.818,-0.025176827,-0.020665058
2.819,-0.02519713,-0.020300211
2.82,-0.025217067,-0.019934359
2.821,-0.025236637,-0.019567502
2.822,-0.025255838,-0.019198641
2.823,-0.025274671,-0.018830774
2.824,-0.025293135,-0.018461902
2.825,-0.025311231,-0.018094025
2.826,-0.025328959,-0.017726143
2.827,-0.02534632,-0.017359256
2.828,-0.025363315,-0.016993364
2.829,-0.025379945,-0.016628467
2.83,-0.025396211,-0.016264566
2.831,-0.025412116,-0.015903659
2.832,-0.02542766,-0.015542748
2.833,-0.025442846,-0.015184833
2.834,-0.025457674,-0.014826913
2.835,-0.025472148,-0.014472989
2.836,-0.025486269,-0.014120062
2.837,-0.025500039,-0.01376913
2.838,-0.02551346,-0.013420194
2.839,-0.025526535,-0.013074255
2.84,-0.025539266,-0.012730312
2.841,-0.025551654,-0.012387366
2.842,-0.025563703,-0.012048417
2.843,-0.025575415,-0.011711465
2.844,-0.025586792,-0.011376509
2.845,-0.025597836,-0.011043551
2.846,-0.02560855,-0.01071359
2.847,-0.025618937,-0.010386626
2.848,-0.025628998,-0.010060661
2.849,-0.025638736,-0.009737692
2.85,-0.025648154,-0.009417722
2.851,-0.025657254,-0.009099749
2.852,-0.025666038,-0.008783774
2.853,-0.02567451,-0.008471797
2.854,-0.025682671,-0.008160819
2.855,-0.025690523,-0.007851839
2.856,-0.02569807,-0.007546857
2.857,-0.025705314,-0.007243873
2.858,-0.025712257,-0.006942888
2.859,-0.025718901,-0.006643902
2.86,-0.02572525,-0.006348915
2.861,-0.025731305,-0.006054926
2.862,-0.025737068,-0.005762936
2.863,-0.025742543,-0.005474945
2.864,-0.025747732,-0.005188953
2.865,-0.025752636,-0.004903961
2.866,-0.025757259,-0.004622967
2.867,-0.025761602,-0.004342973
2.868,-0.025765668,-0.004065978
2.869,-0.025769459,-0.003790982
2.87,-0.025772978,-0.003518985
2.871,-0.025776226,-0.003247989
2.872,-0.025779207,-0.002980991
2.873,-0.025781922,-0.002714993
2.874,-0.025784373,-0.002450995
2.875,-0.025786564,-0.002190996
2.876,-0.025788495,-0.001930998
2.877,-0.025790169,-0.001673998
2.878,-0.025791589,-0.001419999
2.879,-0.025792757,-0.001167999
2.88,-0.025793674,-0.000917
2.881,-0.025794343,-0.000669
2.882,-0.025794766,-0.000423
2.883,-0.025794945,-0.000179
2.884,-0.025794882,6.30E-05
2.885,-0.02579458,0.000302
2.886,-0.02579404,0.00054
2.887,-0.025793264,0.000776
2.888,-0.025792255,0.001009
2.889,-0.025791014,0.001240999
2.89,-0.025789544,0.001469999
2.891,-0.025787846,0.001697998
2.892,-0.025785923,0.001922998
2.893,-0.025783776,0.002146997
2.894,-0.025781407,0.002368996
2.895,-0.025778819,0.002587994
2.896,-0.025776013,0.002805993
2.897,-0.025772992,0.003020991
2.898,-0.025769756,0.003235989
2.899,-0.025766309,0.003446986
2.9,-0.025762651,0.003657984
2.901,-0.025758785,0.003865981
2.902,-0.025754713,0.004071977
2.903,-0.025750436,0.004276974
2.904,-0.025745957,0.00447897
2.905,-0.025741276,0.004680966
2.906,-0.025736397,0.004878961
2.907,-0.02573132,0.005076956
2.908,-0.025726048,0.005271951
2.909,-0.025720581,0.005466946
2.91,-0.025714923,0.00565794
2.911,-0.025709074,0.005848933
2.912,-0.025703037,0.006036927
2.913,-0.025696813,0.00622392
2.914,-0.025690404,0.006408912
2.915,-0.025683811,0.006592904
2.916,-0.025677036,0.006774896
2.917,-0.025670082,0.006953888
2.918,-0.025662949,0.007132879
2.919,-0.025655638,0.00731087
2.92,-0.025648153,0.00748486
2.921,-0.025640494,0.00765885
2.922,-0.025632663,0.00783084
2.923,-0.025624662,0.008000829
2.924,-0.025616492,0.008169818
2.925,-0.025608154,0.008337807
2.926,-0.025599651,0.008502795
2.927,-0.025590984,0.008666783
2.928,-0.025582154,0.008829771
2.929,-0.025573163,0.008990758
2.93,-0.025564013,0.009149745
2.931,-0.025554704,0.009308731
2.932,-0.025545239,0.009464717
2.933,-0.025535619,0.009619703
2.934,-0.025525845,0.009773689
2.935,-0.025515919,0.009925674
2.936,-0.025505842,0.010076659
2.937,-0.025495616,0.010225644
2.938,-0.025485242,0.010373628
2.939,-0.025474722,0.010519612
2.94,-0.025464056,0.010665596
2.941,-0.025453247,0.010808579
2.942,-0.025442296,0.010950562
2.943,-0.025431204,0.011091545
2.944,-0.025419973,0.011230528
2.945,-0.025408603,0.01136951
2.946,-0.025397097,0.011505492
2.947,-0.025385455,0.011641474
2.948,-0.025373679,0.011775456
2.949,-0.02536177,0.011908437
2.95,-0.02534973,0.012039418
2.951,-0.02533756,0.012169399
2.952,-0.025325261,0.01229838
2.953,-0.025312834,0.01242636
2.954,-0.025300281,0.012552341
2.955,-0.025287603,0.012677321
2.956,-0.025274801,0.012801301
2.957,-0.025261876,0.01292428
2.958,-0.02524883,0.01304526
2.959,-0.025235664,0.013165239
2.96,-0.025222379,0.013284219
2.961,-0.025208976,0.013402198
2.962,-0.025195457,0.013518176
2.963,-0.025181823,0.013633155
2.964,-0.025168075,0.013747134
2.965,-0.025154213,0.013861112
2.966,-0.02514024,0.013972091
2.967,-0.025126156,0.014083069
2.968,-0.025111963,0.014192047
2.969,-0.025097661,0.014301025
2.97,-0.025083252,0.014408003
2.971,-0.025068738,0.014512981
2.972,-0.025054118,0.014618958
2.973,-0.025039394,0.014722936
2.974,-0.025024567,0.014825914
2.975,-0.025009639,0.014926891
2.976,-0.024994611,0.015026869
2.977,-0.024979482,0.015127846
2.978,-0.024964256,0.015224824
2.979,-0.024948932,0.015322801
2.98,-0.024933511,0.015419778
2.981,-0.024917995,0.015514755
2.982,-0.024902385,0.015608732
2.983,-0.024886682,0.015701709
2.984,-0.024870886,0.015794686
2.985,-0.024855,0.015884664
2.986,-0.024839023,0.015975641
2.987,-0.024822957,0.016064618
2.988,-0.024806802,0.016153595
2.989,-0.024790561,0.016239572
2.99,-0.024774233,0.016326549
2.991,-0.024757819,0.016412526
2.992,-0.024741322,0.016495504
2.993,-0.024724741,0.016579481
2.994,-0.024708077,0.016662458
2.995,-0.024691332,0.016743435
2.996,-0.024674507,0.016823413
2.997,-0.024657602,0.01690339
2.998,-0.024640618,0.016982367
2.999,-0.024623556,0.017060345
3,-0.024606417,0.017137322
3.001,-0.024589202,0.0172133
3.002,-0.024571912,0.017288277
3.003,-0.024554548,0.017362255
3.004,-0.024537111,0.017435233
3.005,-0.0245196,0.017509211
3.006,-0.024502019,0.017579189
3.007,-0.024484366,0.017651167
3.008,-0.024466643,0.017721145
3.009,-0.024448852,0.017789123
3.01,-0.024430992,0.017858101
3.011,-0.024413064,0.01792608
3.012,-0.02439507,0.017992058
3.013,-0.02437701,0.018058037
3.014,-0.024358885,0.018123016
3.015,-0.024340696,0.018186995
3.016,-0.024322444,0.018249974
3.017,-0.024304129,0.018312953
3.018,-0.024285752,0.018374932
3.019,-0.024267314,0.018435911
3.02,-0.024248816,0.018495891
3.021,-0.024230258,0.01855587
3.022,-0.024211641,0.01861485
3.023,-0.024192967,0.01867183
3.024,-0.024174235,0.01872981
3.025,-0.024155447,0.01878579
3.026,-0.024136603,0.01884177
3.027,-0.024117704,0.01889675
3.028,-0.024098751,0.018950731
3.029,-0.024079744,0.019004712
3.03,-0.024060684,0.019057692
3.031,-0.024041573,0.019108674
3.032,-0.024022409,0.019161654
3.033,-0.024003195,0.019211636
3.034,-0.023983931,0.019261618
3.035,-0.023964618,0.019310599
3.036,-0.023945256,0.019359581
3.037,-0.023925846,0.019407563
3.038,-0.023906389,0.019454545
3.039,-0.023886885,0.019501527
3.04,-0.023867335,0.01954751
3.041,-0.023847739,0.019593492
3.042,-0.023828099,0.019637475
3.043,-0.023808415,0.019681458
3.044,-0.023788688,0.019724442
3.045,-0.023768917,0.019768424
3.046,-0.023749105,0.019809408
3.047,-0.023729251,0.019851392
3.048,-0.023709356,0.019892376
3.049,-0.023689421,0.01993236
3.05,-0.023669447,0.019971344
3.051,-0.023649433,0.020011328
3.052,-0.023629381,0.020049313
3.053,-0.023609291,0.020087298
3.054,-0.023589163,0.020125282
3.055,-0.023568999,0.020161268
3.056,-0.023548799,0.020197253
3.057,-0.023528564,0.020232239
3.058,-0.023508293,0.020268224
3.059,-0.023487988,0.02030221
3.06,-0.023467649,0.020336196
3.061,-0.023447277,0.020369182
3.062,-0.023426873,0.020401169
3.063,-0.023406436,0.020434155
3.064,-0.023385967,0.020466142
3.065,-0.023365468,0.020496129
3.066,-0.023344938,0.020527116
3.067,-0.023324378,0.020557104
3.068,-0.023303789,0.020586091
3.069,-0.02328317,0.020616079
3.07,-0.023262523,0.020644067
3.071,-0.023241849,0.020671055
3.072,-0.023221147,0.020699043
3.073,-0.023200418,0.020726032
3.074,-0.023179662,0.02075302
3.075,-0.023158881,0.020778009
3.076,-0.023138074,0.020803998
3.077,-0.023117243,0.020827988
3.078,-0.023096387,0.020852977
3.079,-0.023075507,0.020876966
3.08,-0.023054604,0.020899956
3.081,-0.023033677,0.020923946
3.082,-0.023012729,0.020944937
3.083,-0.022991758,0.020967927
3.084,-0.022970765,0.020989917
3.085,-0.022949752,0.021009908
3.086,-0.022928718,0.021030899
3.087,-0.022907663,0.02105189
3.088,-0.022886589,0.021070881
3.089,-0.022865496,0.021089873
3.09,-0.022844383,0.021109864
3.091,-0.022823253,0.021126856
3.092,-0.022802104,0.021145848
3.093,-0.022780938,0.02116284
3.094,-0.022759754,0.021180832
3.095,-0.022738554,0.021196825
3.096,-0.022717337,0.021213817
3.097,-0.022696105,0.02122881
3.098,-0.022674857,0.021244803
3.099,-0.022653594,0.021259796
3.1,-0.022632316,0.02127479
3.101,-0.022611024,0.021288783
3.102,-0.022589718,0.021302777
3.103,-0.022568399,0.021315771
3.104,-0.022547066,0.021329765
3.105,-0.022525721,0.021341759
3.106,-0.022504364,0.021353754
3.107,-0.022482995,0.021365748
3.108,-0.022461614,0.021377743
3.109,-0.022440221,0.021389737
3.11,-0.022418818,0.021399733
3.111,-0.022397405,0.021409728
3.112,-0.022375982,0.021419724
3.113,-0.022354548,0.021430719
3.114,-0.022333106,0.021438715
3.115,-0.022311654,0.02144871
3.116,-0.022290194,0.021456707
3.117,-0.022268725,0.021465702
3.118,-0.022247249,0.021472699
3.119,-0.022225765,0.021480696
3.12,-0.022204273,0.021488692
3.121,-0.022182775,0.021494689
3.122,-0.02216127,0.021501686
3.123,-0.022139759,0.021507683
3.124,-0.022118241,0.02151468
3.125,-0.022096719,0.021518678
3.126,-0.02207519,0.021525675
3.127,-0.022053657,0.021529673
3.128,-0.022032119,0.021534671
3.129,-0.022010577,0.021538669
3.13,-0.021989031,0.021542667
3.131,-0.021967481,0.021546665
3.132,-0.021945928,0.021549664
3.133,-0.021924371,0.021553662
3.134,-0.021902812,0.021555661
3.135,-0.02188125,0.021558659
3.136,-0.021859686,0.021560658
3.137,-0.02183812,0.021562658
3.138,-0.021816552,0.021564657
3.139,-0.021794983,0.021565656
3.14,-0.021773413,0.021566656
3.141,-0.021751842,0.021567655
3.142,-0.021730271,0.021567655
3.143,-0.021708699,0.021568655
3.144,-0.021687127,0.021568655
3.145,-0.021665556,0.021567655
3.146,-0.021643985,0.021567655
3.147,-0.021622415,0.021566656
3.148,-0.021600846,0.021565656
3.149,-0.021579278,0.021564657
3.15,-0.021557712,0.021562658
3.151,-0.021536148,0.021560658
3.152,-0.021514586,0.021558659
3.153,-0.021493027,0.021555661
3.154,-0.02147147,0.021553662
3.155,-0.021449915,0.021551663
3.156,-0.021428364,0.021547665
3.157,-0.021406817,0.021543666
3.158,-0.021385273,0.021540668
3.159,-0.021363733,0.02153667
3.16,-0.021342196,0.021533671
3.161,-0.021320665,0.021527674
3.162,-0.021299137,0.021524675
3.163,-0.021277615,0.021518678
3.164,-0.021256097,0.02151468
3.165,-0.021234585,0.021508683
3.166,-0.021213078,0.021503685
3.167,-0.021191577,0.021497688
3.168,-0.021170081,0.02149269
3.169,-0.021148592,0.021485693
3.17,-0.021127109,0.021479696
3.171,-0.021105633,0.021472699
3.172,-0.021084163,0.021466702
3.173,-0.0210627,0.021459705
3.174,-0.021041244,0.021452708
3.175,-0.021019796,0.021444712
3.176,-0.020998355,0.021437715
3.177,-0.020976922,0.021429719
3.178,-0.020955497,0.021421723
3.179,-0.02093408,0.021413726
3.18,-0.020912671,0.02140573
3.181,-0.020891271,0.021396734
3.182,-0.02086988,0.021387738
3.183,-0.020848497,0.021379742
3.184,-0.020827124,0.021369746
3.185,-0.02080576,0.021360751
3.186,-0.020784405,0.021351755
3.187,-0.02076306,0.021341759
3.188,-0.020741724,0.021332763
3.189,-0.020720399,0.021321768
3.19,-0.020699084,0.021311773
3.191,-0.020677779,0.021301777
3.192,-0.020656485,0.021290782
3.193,-0.020635201,0.021280787
3.194,-0.020613928,0.021269792
3.195,-0.020592667,0.021257797
3.196,-0.020571416,0.021247802
3.197,-0.020550177,0.021235807
3.198,-0.020528949,0.021224812
3.199,-0.020507733,0.021212818
3.2,-0.020486528,0.021201823
3.201,-0.020465336,0.021188828
3.202,-0.020444156,0.021176834
3.203,-0.020422988,0.021164839
3.204,-0.020401832,0.021152845
3.205,-0.020380689,0.02113985
3.206,-0.020359559,0.021126856
3.207,-0.020338442,0.021113862
3.208,-0.020317337,0.021101867
3.209,-0.020296246,0.021087874
3.21,-0.020275168,0.021074879
3.211,-0.020254104,0.021060886
3.212,-0.020233053,0.021047891
3.213,-0.020212016,0.021033897
3.214,-0.020190992,0.021020903
3.215,-0.020169983,0.02100591
3.216,-0.020148988,0.020991916
3.217,-0.020128006,0.020978922
3.218,-0.02010704,0.020962929
3.219,-0.020086088,0.020948935
3.22,-0.02006515,0.020934941
3.221,-0.020044227,0.020919948
3.222,-0.020023319,0.020904954
3.223,-0.020002427,0.020888961
3.224,-0.019981549,0.020874967
3.225,-0.019960686,0.020859974
3.226,-0.019939839,0.020843981
3.227,-0.019919007,0.020828987
3.228,-0.019898191,0.020812994
3.229,-0.019877391,0.020797001
3.23,-0.019856606,0.020782008
3.231,-0.019835837,0.020766015
3.232,-0.019815085,0.020749022
3.233,-0.019794348,0.020734028
3.234,-0.019773628,0.020717036
3.235,-0.019752924,0.020701042
3.236,-0.019732237,0.02068405
3.237,-0.019711566,0.020668057
3.238,-0.019690912,0.020651064
3.239,-0.019670274,0.020635071
3.24,-0.019649654,0.020617078
3.241,-0.01962905,0.020601085
3.242,-0.019608463,0.020584092
3.243,-0.019587894,0.0205661
3.244,-0.019567342,0.020549107
3.245,-0.019546807,0.020532114
3.246,-0.01952629,0.020514122
3.247,-0.01950579,0.020497129
3.248,-0.019485308,0.020479137
3.249,-0.019464843,0.020462144
3.25,-0.019444397,0.020443152
3.251,-0.019423968,0.020426159
3.252,-0.019403557,0.020408166
3.253,-0.019383165,0.020389174
3.254,-0.01936279,0.020372181
3.255,-0.019342434,0.020353189
3.256,-0.019322096,0.020335197
3.257,-0.019301776,0.020317204
3.258,-0.019281475,0.020298212
3.259,-0.019261192,0.020280219
3.26,-0.019240928,0.020261227
3.261,-0.019220683,0.020242235
3.262,-0.019200456,0.020224242
3.263,-0.019180248,0.02020525
3.264,-0.019160059,0.020186258
3.265,-0.01913989,0.020166266
3.266,-0.019119739,0.020148273
3.267,-0.019099607,0.020129281
3.268,-0.019079495,0.020109289
3.269,-0.019059402,0.020090297
3.27,-0.019039328,0.020071304
3.271,-0.019019273,0.020052312
3.272,-0.018999239,0.02003132
3.273,-0.018979223,0.020013328
3.274,-0.018959227,0.019993336
3.275,-0.018939251,0.019973344
3.276,-0.018919295,0.019953352
3.277,-0.018899358,0.019934359
3.278,-0.018879441,0.019914367
3.279,-0.018859544,0.019894375
3.28,-0.018839667,0.019874383
3.281,-0.01881981,0.019854391
3.282,-0.018799973,0.019834399
3.283,-0.018780157,0.019813407
3.284,-0.01876036,0.019794414
3.285,-0.018740584,0.019773423
3.286,-0.018720828,0.01975343
3.287,-0.018701092,0.019733438
3.288,-0.018681376,0.019713446
3.289,-0.018661682,0.019691454
3.29,-0.018642007,0.019672462
3.291,-0.018622353,0.01965147
3.292,-0.01860272,0.019630478
3.293,-0.018583107,0.019610486
3.294,-0.018563515,0.019589494
3.295,-0.018543944,0.019568502
3.296,-0.018524393,0.01954851
3.297,-0.018504863,0.019527518
3.298,-0.018485354,0.019506526
3.299,-0.018465866,0.019485533
3.3,-0.018446399,0.019464541
3.301,-0.018426953,0.019443549
3.302,-0.018407528,0.019422557
3.303,-0.018388124,0.019401565
3.304,-0.018368741,0.019380573
3.305,-0.018349379,0.019359581
3.306,-0.018330039,0.019337589
3.307,-0.018310719,0.019317597
3.308,-0.018291421,0.019295605
3.309,-0.018272144,0.019274613
3.31,-0.018252888,0.019253621
3.311,-0.018233654,0.019231629
3.312,-0.018214441,0.019210636
3.313,-0.01819525,0.019188645
3.314,-0.018176079,0.019168652
3.315,-0.018156931,0.01914566
3.316,-0.018137804,0.019124668
3.317,-0.018118698,0.019103676
3.318,-0.018099614,0.019081684
3.319,-0.018080551,0.019060691
3.32,-0.018061511,0.0190377
3.321,-0.018042491,0.019017707
3.322,-0.018023494,0.018994715
3.323,-0.018004518,0.018973723
3.324,-0.017985564,0.018951731
3.325,-0.017966631,0.018930738
3.326,-0.01794772,0.018908746
3.327,-0.017928832,0.018885754
3.328,-0.017909964,0.018865761
3.329,-0.017891119,0.01884277
3.33,-0.017872296,0.018820777
3.331,-0.017853494,0.018799785
3.332,-0.017834714,0.018777793
3.333,-0.017815957,0.018754801
3.334,-0.017797221,0.018733808
3.335,-0.017778507,0.018711816
3.336,-0.017759815,0.018689824
3.337,-0.017741145,0.018667831
3.338,-0.017722497,0.018645839
3.339,-0.017703871,0.018623846
3.34,-0.017685267,0.018601854
3.341,-0.017666685,0.018579862
3.342,-0.017648126,0.01855687
3.343,-0.017629588,0.018535877
3.344,-0.017611072,0.018513884
3.345,-0.017592579,0.018490892
3.346,-0.017574107,0.018469899
3.347,-0.017555658,0.018446907
3.348,-0.017537231,0.018424915
3.349,-0.017518826,0.018402922
3.35,-0.017500443,0.01838093
3.351,-0.017482082,0.018358937
3.352,-0.017463744,0.018335945
3.353,-0.017445427,0.018314952
3.354,-0.017427133,0.01829196
3.355,-0.017408861,0.018269967
3.356,-0.017390612,0.018246975
3.357,-0.017372384,0.018225982
3.358,-0.017354179,0.018202989
3.359,-0.017335996,0.018180997
3.36,-0.017317835,0.018159004
3.361,-0.017299697,0.018136011
3.362,-0.01728158,0.018115018
3.363,-0.017263486,0.018092026
3.364,-0.017245415,0.018069033
3.365,-0.017227365,0.01804804
3.366,-0.017209338,0.018025048
3.367,-0.017191333,0.018003055
3.368,-0.01717335,0.017981062
3.369,-0.01715539,0.017958069
3.37,-0.017137452,0.017936076
3.371,-0.017119536,0.017914083
3.372,-0.017101642,0.017892091
3.373,-0.017083771,0.017869098
3.374,-0.017065922,0.017847105
3.375,-0.017048095,0.017825112
3.376,-0.017030291,0.017802119
3.377,-0.017012508,0.017781126
3.378,-0.016994749,0.017757133
3.379,-0.016977011,0.01773614
3.38,-0.016959296,0.017713147
3.381,-0.016941602,0.017692154
3.382,-0.016923932,0.017668161
3.383,-0.016906283,0.017647168
3.384,-0.016888657,0.017624175
3.385,-0.016871053,0.017602182
3.386,-0.016853471,0.017580189
3.387,-0.016835911,0.017558195
3.388,-0.016818374,0.017535203
3.389,-0.016800859,0.017513209
3.39,-0.016783366,0.017491216
3.391,-0.016765896,0.017468223
3.392,-0.016748447,0.017447229
3.393,-0.016731021,0.017424236
3.394,-0.016713617,0.017402243
3.395,-0.016696235,0.01738025
3.396,-0.016678876,0.017357257
3.397,-0.016661538,0.017336263
3.398,-0.016644223,0.01731327
3.399,-0.01662693,0.017291276
3.4,-0.016609659,0.017269283
3.401,-0.01659241,0.01724729
3.402,-0.016575184,0.017224296
3.403,-0.016557979,0.017203303
3.404,-0.016540797,0.017180309
3.405,-0.016523637,0.017158316
3.406,-0.016506499,0.017136322
3.407,-0.016489383,0.017114329
3.408,-0.016472289,0.017092335
3.409,-0.016455217,0.017070342
3.41,-0.016438167,0.017048348
3.411,-0.016421139,0.017026355
3.412,-0.016404133,0.017004361
3.413,-0.01638715,0.016981368
3.414,-0.016370188,0.016960374
3.415,-0.016353248,0.01693838
3.416,-0.01633633,0.016916386
3.417,-0.016319435,0.016893393
3.418,-0.016302561,0.016872399
3.419,-0.016285709,0.016850405
3.42,-0.016268879,0.016828411
3.421,-0.016252071,0.016806417
3.422,-0.016235285,0.016784424
3.423,-0.01621852,0.01676343
3.424,-0.016201778,0.016740436
3.425,-0.016185057,0.016719442
3.426,-0.016168359,0.016696448
3.427,-0.016151682,0.016675454
3.428,-0.016135027,0.01665346
3.429,-0.016118393,0.016632466
3.43,-0.016101782,0.016609472
3.431,-0.016085192,0.016588478
3.432,-0.016068624,0.016566484
3.433,-0.016052078,0.01654449
3.434,-0.016035553,0.016523496
3.435,-0.01601905,0.016501502
3.436,-0.016002569,0.016479508
3.437,-0.015986109,0.016458514
3.438,-0.015969671,0.01643652
3.439,-0.015953255,0.016414526
3.44,-0.01593686,0.016393531
3.441,-0.015920487,0.016371537
3.442,-0.015904135,0.016350543
3.443,-0.015887805,0.016328549
3.444,-0.015871497,0.016306555
3.445,-0.01585521,0.01628556
3.446,-0.015838944,0.016264566
3.447,-0.0158227,0.016242571
3.448,-0.015806477,0.016221577
3.449,-0.015790276,0.016199583
3.45,-0.015774096,0.016178588
3.451,-0.015757938,0.016156594
3.452,-0.015741801,0.0161356
3.453,-0.015725685,0.016114605
3.454,-0.01570959,0.01609361
3.455,-0.015693517,0.016071616
3.456,-0.015677465,0.016050622
3.457,-0.015661435,0.016028627
3.458,-0.015645425,0.016008632
3.459,-0.015629437,0.015986638
3.46,-0.01561347,0.015965643
3.461,-0.015597524,0.015944649
3.462,-0.0155816,0.015922654
3.463,-0.015565696,0.015902659
3.464,-0.015549814,0.015880665
3.465,-0.015533952,0.01586067
3.466,-0.015518112,0.015838675
3.467,-0.015502293,0.015817681
3.468,-0.015486494,0.015797686
3.469,-0.015470717,0.015775691
3.47,-0.015454961,0.015754696
3.471,-0.015439225,0.015734701
3.472,-0.015423511,0.015712707
3.473,-0.015407817,0.015692712
3.474,-0.015392144,0.015671717
3.475,-0.015376493,0.015649722
3.476,-0.015360862,0.015629727
3.477,-0.015345251,0.015609732
3.478,-0.015329662,0.015587737
3.479,-0.015314093,0.015567742
3.48,-0.015298545,0.015546747
3.481,-0.015283018,0.015525752
3.482,-0.015267511,0.015505757
3.483,-0.015252025,0.015484762
3.484,-0.01523656,0.015463767
3.485,-0.015221115,0.015443772
3.486,-0.015205691,0.015422777
3.487,-0.015190287,0.015402782
3.488,-0.015174904,0.015381787
3.489,-0.015159541,0.015361792
3.49,-0.015144199,0.015340796
3.491,-0.015128877,0.015320801
3.492,-0.015113576,0.015299806
3.493,-0.015098295,0.015279811
3.494,-0.015083034,0.015259815
3.495,-0.015067794,0.01523882
3.496,-0.015052574,0.015218825
3.497,-0.015037375,0.01519783
3.498,-0.015022195,0.015178834
3.499,-0.015007036,0.015157839
3.5,-0.014991897,0.015137844
3.501,-0.014976779,0.015116848
3.502,-0.01496168,0.015097853
3.503,-0.014946602,0.015076858
3.504,-0.014931543,0.015057862
3.505,-0.014916505,0.015036867
3.506,-0.014901487,0.015016871
3.507,-0.014886488,0.014997875
3.508,-0.01487151,0.01497688
3.509,-0.014856552,0.014956885
3.51,-0.014841614,0.014936889
3.511,-0.014826695,0.014917893
3.512,-0.014811797,0.014896898
3.513,-0.014796918,0.014877902
3.514,-0.014782059,0.014857907
3.515,-0.01476722,0.014837911
3.516,-0.014752401,0.014817915
3.517,-0.014737602,0.01479792
3.518,-0.014722822,0.014778924
3.519,-0.014708062,0.014758928
3.52,-0.014693321,0.014739932
3.521,-0.0146786,0.014719937
3.522,-0.014663899,0.014699941
3.523,-0.014649218,0.014679945
3.524,-0.014634556,0.014660949
3.525,-0.014619913,0.014641954
3.526,-0.01460529,0.014621958
3.527,-0.014590686,0.014602962
3.528,-0.014576102,0.014582966
3.529,-0.014561537,0.01456397
3.53,-0.014546992,0.014543974
3.531,-0.014532466,0.014524978
3.532,-0.014517959,0.014505982
3.533,-0.014503472,0.014485987
3.534,-0.014489004,0.014466991
3.535,-0.014474555,0.014447995
3.536,-0.014460125,0.014428999
3.537,-0.014445715,0.014409003
3.538,-0.014431323,0.014391006
3.539,-0.014416951,0.014371011
3.54,-0.014402598,0.014352015
3.541,-0.014388264,0.014333018
3.542,-0.014373949,0.014314022
3.543,-0.014359652,0.014296026
3.544,-0.014345375,0.01427603
3.545,-0.014331117,0.014257034
3.546,-0.014316878,0.014238038
3.547,-0.014302658,0.014219042
3.548,-0.014288456,0.014201045
3.549,-0.014274273,0.014182049
3.55,-0.01426011,0.014162053
3.551,-0.014245964,0.014145057
3.552,-0.014231838,0.014125061
3.553,-0.01421773,0.014107064
3.554,-0.014203641,0.014088068
3.555,-0.014189571,0.014069072
3.556,-0.014175519,0.014051075
3.557,-0.014161486,0.014032079
3.558,-0.014147472,0.014013083
3.559,-0.014133476,0.013995086
3.56,-0.014119498,0.01397709
3.561,-0.014105539,0.013958093
3.562,-0.014091599,0.013939097
3.563,-0.014077676,0.0139221
3.564,-0.014063773,0.013902104
3.565,-0.014049887,0.013885108
3.566,-0.01403602,0.013866111
3.567,-0.014022171,0.013848115
3.568,-0.014008341,0.013829118
3.569,-0.013994529,0.013811122
3.57,-0.013980734,0.013794125
3.571,-0.013966959,0.013774129
3.572,-0.013953201,0.013757132
3.573,-0.013939461,0.013739135
3.574,-0.01392574,0.013720139
3.575,-0.013912036,0.013703142
3.576,-0.013898351,0.013684146
3.577,-0.013884683,0.013667149
3.578,-0.013871034,0.013648153
3.579,-0.013857402,0.013631156
3.58,-0.013843788,0.013613159
3.581,-0.013830193,0.013594163
3.582,-0.013816615,0.013577166
3.583,-0.013803055,0.013559169
3.584,-0.013789512,0.013542172
3.585,-0.013775988,0.013523176
3.586,-0.013762481,0.013506179
3.587,-0.013748992,0.013488182
3.588,-0.013735521,0.013470185
3.589,-0.013722067,0.013453188
3.59,-0.013708631,0.013435192
3.591,-0.013695212,0.013418195
3.592,-0.013681811,0.013400198
3.593,-0.013668427,0.013383201
3.594,-0.013655061,0.013365204
3.595,-0.013641713,0.013347207
3.596,-0.013628382,0.01333021
3.597,-0.013615068,0.013313213
3.598,-0.013601772,0.013295217
3.599,-0.013588493,0.01327822
3.6,-0.013575231,0.013261223
3.601,-0.013561987,0.013243226
3.602,-0.013548759,0.013227229
3.603,-0.013535549,0.013209232
3.604,-0.013522357,0.013191235
3.605,-0.013509181,0.013175238
3.606,-0.013496023,0.013157241
3.607,-0.013482881,0.013141243
3.608,-0.013469757,0.013123247
3.609,-0.01345665,0.01310625
3.61,-0.01344356,0.013089252
3.611,-0.013430487,0.013072255
3.612,-0.01341743,0.013056258
3.613,-0.013404391,0.013038261
3.614,-0.013391369,0.013021264
3.615,-0.013378363,0.013005267
3.616,-0.013365374,0.01298827
3.617,-0.013352403,0.012970273
3.618,-0.013339447,0.012955275
3.619,-0.013326509,0.012937278
3.62,-0.013313588,0.012920281
3.621,-0.013300683,0.012904284
3.622,-0.013287794,0.012888286
3.623,-0.013274923,0.012870289
3.624,-0.013262068,0.012854292
3.625,-0.013249229,0.012838295
3.626,-0.013236407,0.012821297
3.627,-0.013223602,0.0128043
3.628,-0.013210813,0.012788303
3.629,-0.013198041,0.012771306
3.63,-0.013185285,0.012755308
3.631,-0.013172545,0.012739311
3.632,-0.013159822,0.012722314
3.633,-0.013147115,0.012706316
3.634,-0.013134424,0.012690319
3.635,-0.01312175,0.012673321
3.636,-0.013109092,0.012657324
3.637,-0.01309645,0.012641327
3.638,-0.013083824,0.012625329
3.639,-0.013071215,0.012608332
3.64,-0.013058621,0.012593334
3.641,-0.013046044,0.012576337
3.642,-0.013033483,0.012560339
3.643,-0.013020938,0.012544342
3.644,-0.013008409,0.012528344
3.645,-0.012995896,0.012512347
3.646,-0.012983399,0.012496349
3.647,-0.012970917,0.012481352
3.648,-0.012958452,0.012464354
3.649,-0.012946003,0.012448357
3.65,-0.012933569,0.012433359
3.651,-0.012921151,0.012417362
3.652,-0.012908749,0.012401364
3.653,-0.012896363,0.012385367
3.654,-0.012883993,0.012369369
3.655,-0.012871638,0.012354371
3.656,-0.012859299,0.012338374
3.657,-0.012846976,0.012322376
3.658,-0.012834668,0.012307379
3.659,-0.012822376,0.012291381
3.66,-0.012810099,0.012276383
3.661,-0.012797838,0.012260386
3.662,-0.012785592,0.012245388
3.663,-0.012773362,0.01222939
3.664,-0.012761147,0.012214393
3.665,-0.012748948,0.012198395
3.666,-0.012736764,0.012183397
3.667,-0.012724596,0.0121674
3.668,-0.012712442,0.012153402
3.669,-0.012700304,0.012137404
3.67,-0.012688182,0.012121406
3.671,-0.012676075,0.012106409
3.672,-0.012663982,0.012092411
3.673,-0.012651905,0.012076413
3.674,-0.012639844,0.012060415
3.675,-0.012627797,0.012046417
3.676,-0.012615766,0.01203042
3.677,-0.012603749,0.012016422
3.678,-0.012591748,0.012000424
3.679,-0.012579761,0.011986426
3.68,-0.01256779,0.011970428
3.681,-0.012555834,0.01195543
3.682,-0.012543892,0.011941432
3.683,-0.012531966,0.011925435
3.684,-0.012520054,0.011911437
3.685,-0.012508157,0.011896439
3.686,-0.012496275,0.011881441
3.687,-0.012484408,0.011866443
3.688,-0.012472556,0.011851445
3.689,-0.012460718,0.011837447
3.69,-0.012448895,0.011822449
3.691,-0.012437087,0.011807451
3.692,-0.012425294,0.011792453
3.693,-0.012413515,0.011778455
3.694,-0.012401751,0.011763457
3.695,-0.012390001,0.011749459
3.696,-0.012378266,0.011734461
3.697,-0.012366545,0.011720463
3.698,-0.012354839,0.011705465
3.699,-0.012343148,0.011690467
3.7,-0.01233147,0.011677469
3.701,-0.012319808,0.011661471
3.702,-0.012308159,0.011648473
3.703,-0.012296526,0.011632475
3.704,-0.012284906,0.011619477
3.705,-0.012273301,0.011604479
3.706,-0.01226171,0.011590481
3.707,-0.012250133,0.011576483
3.708,-0.012238571,0.011561485
3.709,-0.012227022,0.011548487
3.71,-0.012215488,0.011533489
3.711,-0.012203968,0.01151949
3.712,-0.012192462,0.011505492
3.713,-0.012180971,0.011490494
3.714,-0.012169493,0.011477496
3.715,-0.01215803,0.011462498
3.716,-0.01214658,0.0114495
3.717,-0.012135145,0.011434502
3.718,-0.012123723,0.011421503
3.719,-0.012112315,0.011407505
3.72,-0.012100922,0.011392507
3.721,-0.012089542,0.011379509
3.722,-0.012078176,0.011365511
3.723,-0.012066824,0.011351512
3.724,-0.012055486,0.011337514
3.725,-0.012044161,0.011324516
3.726,-0.012032851,0.011309518
3.727,-0.012021554,0.011296519
3.728,-0.01201027,0.011283521
3.729,-0.011999001,0.011268523
3.73,-0.011987745,0.011255525
3.731,-0.011976503,0.011241526
3.732,-0.011965274,0.011228528
3.733,-0.011954059,0.01121453
3.734,-0.011942858,0.011200532
3.735,-0.01193167,0.011187533
3.736,-0.011920495,0.011174535
3.737,-0.011909334,0.011160537
3.738,-0.011898187,0.011146538
3.739,-0.011887053,0.01113354
3.74,-0.011875932,0.011120542
3.741,-0.011864825,0.011106543
3.742,-0.011853731,0.011093545
3.743,-0.01184265,0.011080546
3.744,-0.011831583,0.011066548
3.745,-0.011820529,0.01105355
3.746,-0.011809488,0.011040551
3.747,-0.011798461,0.011026553
3.748,-0.011787446,0.011014555
3.749,-0.011776445,0.011000556
3.75,-0.011765457,0.010987558
3.751,-0.011754483,0.01097356
3.752,-0.011743521,0.010961561
3.753,-0.011732572,0.010948563
3.754,-0.011721637,0.010934564
3.755,-0.011710714,0.010922566
3.756,-0.011699805,0.010908567
3.757,-0.011688908,0.010896569
3.758,-0.011678025,0.01088257
3.759,-0.011667154,0.010870572
3.76,-0.011656296,0.010857573
3.761,-0.011645451,0.010844575
3.762,-0.01163462,0.010830576
3.763,-0.0116238,0.010819578
3.764,-0.011612994,0.010805579
3.765,-0.011602201,0.010792581
3.766,-0.01159142,0.010780582
3.767,-0.011580652,0.010767584
3.768,-0.011569897,0.010754585
3.769,-0.011559154,0.010742587
3.77,-0.011548424,0.010729588
3.771,-0.011537707,0.01071659
3.772,-0.011527002,0.010704591
3.773,-0.01151631,0.010691593
3.774,-0.011505631,0.010678594
3.775,-0.011494964,0.010666595
3.776,-0.01148431,0.010653597
3.777,-0.011473668,0.010641598
3.778,-0.011463039,0.0106286
3.779,-0.011452422,0.010616601
3.78,-0.011441817,0.010604602
3.781,-0.011431225,0.010591604
3.782,-0.011420646,0.010578605
3.783,-0.011410078,0.010567607
3.784,-0.011399523,0.010554608
3.785,-0.011388981,0.01054161
3.786,-0.01137845,0.010530611
3.787,-0.011367932,0.010517612
3.788,-0.011357427,0.010504614
3.789,-0.011346933,0.010493615
3.79,-0.011336452,0.010480616
3.791,-0.011325983,0.010468618
3.792,-0.011315526,0.010456619
3.793,-0.011305081,0.01044462
3.794,-0.011294648,0.010432621
3.795,-0.011284227,0.010420623
3.796,-0.011273819,0.010407624
3.797,-0.011263422,0.010396625
3.798,-0.011253038,0.010383627
3.799,-0.011242665,0.010372628
3.8,-0.011232305,0.010359629
3.801,-0.011221956,0.010348631
3.802,-0.01121162,0.010335632
3.803,-0.011201295,0.010324633
3.804,-0.011190982,0.010312634
3.805,-0.011180681,0.010300636
3.806,-0.011170392,0.010288637
3.807,-0.011160115,0.010276638
3.808,-0.011149849,0.010265639
3.809,-0.011139596,0.010252641
3.81,-0.011129354,0.010241642
3.811,-0.011119124,0.010229643
3.812,-0.011108905,0.010218644
3.813,-0.011098698,0.010206646
3.814,-0.011088503,0.010194647
3.815,-0.01107832,0.010182648
3.816,-0.011068148,0.010171649
3.817,-0.011057988,0.01015965
3.818,-0.011047839,0.010148652
3.819,-0.011037702,0.010136653
3.82,-0.011027577,0.010124654
3.821,-0.011017463,0.010113655
3.822,-0.01100736,0.010102656
3.823,-0.010997269,0.010090658
3.824,-0.01098719,0.010078659
3.825,-0.010977122,0.01006766
3.826,-0.010967065,0.010056661
3.827,-0.01095702,0.010044662
3.828,-0.010946986,0.010033663
3.829,-0.010936963,0.010022664
3.83,-0.010926952,0.010010666
3.831,-0.010916952,0.009999667
3.832,-0.010906963,0.009988668
3.833,-0.010896986,0.009976669
3.834,-0.01088702,0.00996567
3.835,-0.010877065,0.009954671
3.836,-0.010867121,0.009943672
3.837,-0.010857189,0.009931673
3.838,-0.010847267,0.009921674
3.839,-0.010837357,0.009909676
3.84,-0.010827458,0.009898677
3.841,-0.01081757,0.009887678
3.842,-0.010807693,0.009876679
3.843,-0.010797828,0.00986468
3.844,-0.010787973,0.009854681
3.845,-0.010778129,0.009843682
3.846,-0.010768296,0.009832683
3.847,-0.010758475,0.009820684
3.848,-0.010748664,0.009810685
3.849,-0.010738864,0.009799686
3.85,-0.010729075,0.009788687
3.851,-0.010719297,0.009777688
3.852,-0.01070953,0.009766689
3.853,-0.010699774,0.00975569
3.854,-0.010690028,0.009745691
3.855,-0.010680294,0.009733693
3.856,-0.01067057,0.009723694
3.857,-0.010660857,0.009712695
3.858,-0.010651154,0.009702696
3.859,-0.010641463,0.009690697
3.86,-0.010631782,0.009680698
3.861,-0.010622112,0.009669699
3.862,-0.010612453,0.0096587
3.863,-0.010602804,0.009648701
3.864,-0.010593166,0.009637702
3.865,-0.010583538,0.009627703
3.866,-0.010573921,0.009616704
3.867,-0.010564315,0.009605705
3.868,-0.010554719,0.009595705
3.869,-0.010545134,0.009584706
3.87,-0.01053556,0.009573707
3.871,-0.010525996,0.009563708
3.872,-0.010516442,0.009553709
3.873,-0.010506899,0.00954271
3.874,-0.010497366,0.009532711
3.875,-0.010487844,0.009521712
3.876,-0.010478332,0.009511713
3.877,-0.010468831,0.009500714
3.878,-0.01045934,0.009490715
3.879,-0.010449859,0.009480716
3.88,-0.010440389,0.009469717
3.881,-0.010430929,0.009459718
3.882,-0.010421479,0.009449719
3.883,-0.010412039,0.00943972
3.884,-0.01040261,0.009428721
3.885,-0.010393191,0.009418721
3.886,-0.010383783,0.009407722
3.887,-0.010374384,0.009398723
3.888,-0.010364996,0.009387724
3.889,-0.010355618,0.009377725
3.89,-0.01034625,0.009367726
3.891,-0.010336892,0.009357727
3.892,-0.010327544,0.009347728
3.893,-0.010318207,0.009336729
3.894,-0.010308879,0.009327729
3.895,-0.010299562,0.00931673
3.896,-0.010290255,0.009306731
3.897,-0.010280957,0.009297732
3.898,-0.01027167,0.009286733
3.899,-0.010262393,0.009276734
3.9,-0.010253125,0.009267735
3.901,-0.010243868,0.009256736
3.902,-0.01023462,0.009247736
3.903,-0.010225383,0.009236737
3.904,-0.010216155,0.009227738
3.905,-0.010206938,0.009216739
3.906,-0.01019773,0.00920774
3.907,-0.010188532,0.009197741
3.908,-0.010179344,0.009187741
3.909,-0.010170165,0.009178742
3.91,-0.010160997,0.009167743
3.911,-0.010151838,0.009158744
3.912,-0.010142689,0.009148745
3.913,-0.01013355,0.009138746
3.914,-0.01012442,0.009129746
3.915,-0.010115301,0.009118747
3.916,-0.01010619,0.009110748
3.917,-0.01009709,0.009099749
3.918,-0.010087999,0.00909075
3.919,-0.010078918,0.00908075
3.92,-0.010069847,0.009070751
3.921,-0.010060785,0.009061752
3.922,-0.010051733,0.009051753
3.923,-0.01004269,0.009042754
3.924,-0.010033657,0.009032754
3.925,-0.010024633,0.009023755
3.926,-0.010015619,0.009013756
3.927,-0.010006615,0.009003757
3.928,-0.00999762,0.008994757
3.929,-0.009988634,0.008985758
3.93,-0.009979658,0.008975759
3.931,-0.009970692,0.00896576
3.932,-0.009961735,0.00895676
3.933,-0.009952787,0.008947761
3.934,-0.009943848,0.008938762
3.935,-0.009934919,0.008928763
3.936,-0.009926,0.008918764
3.937,-0.00991709,0.008909764
3.938,-0.009908189,0.008900765
3.939,-0.009899297,0.008891766
3.94,-0.009890415,0.008881766
3.941,-0.009881542,0.008872767
3.942,-0.009872678,0.008863768
3.943,-0.009863823,0.008854769
3.944,-0.009854978,0.008844769
3.945,-0.009846142,0.00883577
3.946,-0.009837315,0.008826771
3.947,-0.009828497,0.008817771
3.948,-0.009819689,0.008807772
3.949,-0.00981089,0.008798773
3.95,-0.009802099,0.008790774
3.951,-0.009793318,0.008780774
3.952,-0.009784546,0.008771775
3.953,-0.009775784,0.008761776
3.954,-0.00976703,0.008753776
3.955,-0.009758285,0.008744777
3.956,-0.009749549,0.008735778
3.957,-0.009740823,0.008725779
3.958,-0.009732105,0.008717779
3.959,-0.009723397,0.00870778
3.96,-0.009714697,0.008699781
3.961,-0.009706006,0.008690781
3.962,-0.009697325,0.008680782
3.963,-0.009688652,0.008672783
3.964,-0.009679988,0.008663783
3.965,-0.009671333,0.008654784
3.966,-0.009662687,0.008645785
3.967,-0.00965405,0.008636785
3.968,-0.009645422,0.008627786
3.969,-0.009636802,0.008619787
3.97,-0.009628192,0.008609787
3.971,-0.00961959,0.008601788
3.972,-0.009610997,0.008592789
3.973,-0.009602413,0.008583789
3.974,-0.009593837,0.00857579
3.975,-0.009585271,0.00856579
3.976,-0.009576713,0.008557791
3.977,-0.009568164,0.008548792
3.978,-0.009559623,0.008540792
3.979,-0.009551091,0.008531793
3.98,-0.009542568,0.008522794
3.981,-0.009534054,0.008513794
3.982,-0.009525548,0.008505795
3.983,-0.009517051,0.008496796
3.984,-0.009508563,0.008487796
3.985,-0.009500083,0.008479797
3.986,-0.009491612,0.008470797
3.987,-0.009483149,0.008462798
3.988,-0.009474695,0.008453799
3.989,-0.009466249,0.008445799
3.99,-0.009457812,0.0084368
3.991,-0.009449384,0.0084278
3.992,-0.009440964,0.008419801
3.993,-0.009432553,0.008410802
3.994,-0.00942415,0.008402802
3.995,-0.009415755,0.008394803
3.996,-0.009407369,0.008385803
3.997,-0.009398992,0.008376804
3.998,-0.009390623,0.008368805
3.999,-0.009382262,0.008360805
4,-0.009373909,0.008352806
4.001,-0.009365566,0.008342806
4.002,-0.009357235,0.008330807
4.003,-0.009348923,0.008311809
4.004,-0.009340634,0.00828881
4.005,-0.009332372,0.008261812
4.006,-0.00932414,0.008231814
4.007,-0.009315943,0.008196816
4.008,-0.009307783,0.008159819
4.009,-0.009299664,0.008118822
4.01,-0.009291588,0.008075824
4.011,-0.009283558,0.008029827
4.012,-0.009275576,0.00798183
4.013,-0.009267644,0.007931834
4.014,-0.009259765,0.007878837
4.015,-0.00925194,0.00782484
4.016,-0.009244171,0.007768844
4.017,-0.009236459,0.007711847
4.018,-0.009228806,0.007652851
4.019,-0.009221213,0.007592854
4.02,-0.00921368,0.007532858
4.021,-0.00920621,0.007469861
4.022,-0.009198803,0.007406865
4.023,-0.00919146,0.007342868
4.024,-0.009184181,0.007278871
4.025,-0.009176968,0.007212875
4.026,-0.00916982,0.007147878
4.027,-0.009162739,0.007080882
4.028,-0.009155724,0.007014885
4.029,-0.009148776,0.006947888
4.03,-0.009141896,0.006879891
4.031,-0.009135083,0.006812895
4.032,-0.009128338,0.006744898
4.033,-0.009121661,0.006676901
4.034,-0.009115052,0.006608904
4.035,-0.009108511,0.006540907
4.036,-0.009102038,0.00647291
4.037,-0.009095633,0.006404912
4.038,-0.009089296,0.006336915
4.039,-0.009083027,0.006268918
4.04,-0.009076826,0.006200921
4.041,-0.009070693,0.006132923
4.042,-0.009064627,0.006065926
4.043,-0.009058628,0.005998928
4.044,-0.009052697,0.00593093
4.045,-0.009046833,0.005863933
4.046,-0.009041035,0.005797935
4.047,-0.009035303,0.005731937
4.048,-0.009029638,0.005664939
4.049,-0.009024039,0.005598941
4.05,-0.009018505,0.005533944
4.051,-0.009013036,0.005468945
4.052,-0.009007633,0.005402947
4.053,-0.009002293,0.005339949
4.054,-0.008997018,0.005274951
4.055,-0.008991807,0.005210953
4.056,-0.00898666,0.005146955
4.057,-0.008981575,0.005084956
4.058,-0.008976553,0.005021958
4.059,-0.008971594,0.004958959
4.06,-0.008966696,0.004897961
4.061,-0.008961861,0.004834962
4.062,-0.008957086,0.004774964
4.063,-0.008952372,0.004713965
4.064,-0.008947718,0.004653966
4.065,-0.008943125,0.004592968
4.066,-0.008938591,0.004533969
4.067,-0.008934116,0.00447497
4.068,-0.0089297,0.004415971
4.069,-0.008925342,0.004357972
4.07,-0.008921042,0.004299973
4.071,-0.008916799,0.004242975
4.072,-0.008912614,0.004184976
4.073,-0.008908485,0.004128977
4.074,-0.008904412,0.004072977
4.075,-0.008900396,0.004015978
4.076,-0.008896434,0.003961979
4.077,-0.008892528,0.00390598
4.078,-0.008888676,0.003851981
4.079,-0.008884878,0.003797982
4.08,-0.008881134,0.003743983
4.081,-0.008877444,0.003689983
4.082,-0.008873806,0.003637984
4.083,-0.008870221,0.003584985
4.084,-0.008866687,0.003533985
4.085,-0.008863206,0.003480986
4.086,-0.008859776,0.003429987
4.087,-0.008856396,0.003379987
4.088,-0.008853067,0.003328988
4.089,-0.008849788,0.003278988
4.09,-0.008846559,0.003228989
4.091,-0.008843379,0.003179989
4.092,-0.008840247,0.00313199
4.093,-0.008837164,0.00308299
4.094,-0.00883413,0.003033991
4.095,-0.008831142,0.002987991
4.096,-0.008828203,0.002938992
4.097,-0.00882531,0.002892992
4.098,-0.008822463,0.002846992
4.099,-0.008819663,0.002799993
4.1,-0.008816908,0.002754993
4.101,-0.008814198,0.002709993
4.102,-0.008811534,0.002663994
4.103,-0.008808914,0.002619994
4.104,-0.008806339,0.002574994
4.105,-0.008803807,0.002531995
4.106,-0.008801318,0.002488995
4.107,-0.008798873,0.002444995
4.108,-0.008796471,0.002401995
4.109,-0.008794111,0.002359996
4.11,-0.008791793,0.002317996
4.111,-0.008789516,0.002276996
4.112,-0.008787281,0.002234996
4.113,-0.008785087,0.002193996
4.114,-0.008782934,0.002152997
4.115,-0.00878082,0.002113997
4.116,-0.008778747,0.002072997
4.117,-0.008776713,0.002033997
4.118,-0.008774719,0.001993997
4.119,-0.008772763,0.001955998
4.12,-0.008770846,0.001916998
4.121,-0.008768967,0.001878998
4.122,-0.008767126,0.001840998
4.123,-0.008765322,0.001803998
4.124,-0.008763556,0.001765998
4.125,-0.008761827,0.001728998
4.126,-0.008760134,0.001692998
4.127,-0.008758478,0.001655998
4.128,-0.008756857,0.001620999
4.129,-0.008755272,0.001584999
4.13,-0.008753722,0.001549999
4.131,-0.008752208,0.001513999
4.132,-0.008750728,0.001479999
4.133,-0.008749282,0.001445999
4.134,-0.00874787,0.001411999
4.135,-0.008746493,0.001376999
4.136,-0.008745148,0.001344999
4.137,-0.008743837,0.001310999
4.138,-0.008742559,0.001277999
4.139,-0.008741313,0.001245999
4.14,-0.0087401,0.001212999
4.141,-0.008738918,0.001181999
4.142,-0.008737768,0.001149999
4.143,-0.00873665,0.001118
4.144,-0.008735563,0.001087
4.145,-0.008734506,0.001057
4.146,-0.008733481,0.001025
4.147,-0.008732485,0.000996
4.148,-0.00873152,0.000965
4.149,-0.008730584,0.000936
4.15,-0.008729677,0.000907
4.151,-0.0087288,0.000877
4.152,-0.008727952,0.000848
4.153,-0.008727132,0.00082
4.154,-0.008726341,0.000791
4.155,-0.008725578,0.000763
4.156,-0.008724843,0.000735
4.157,-0.008724135,0.000708
4.158,-0.008723455,0.00068
4.159,-0.008722802,0.000653
4.16,-0.008722175,0.000627
4.161,-0.008721575,0.0006
4.162,-0.008721002,0.000573
4.163,-0.008720455,0.000547
4.164,-0.008719933,0.000522
4.165,-0.008719437,0.000496
4.166,-0.008718967,0.00047
4.167,-0.008718521,0.000446
4.168,-0.0087181,0.000421
4.169,-0.008717704,0.000396
4.17,-0.008717333,0.000371
4.171,-0.008716985,0.000348
4.172,-0.008716662,0.000323
4.173,-0.008716362,0.0003
4.174,-0.008716086,0.000276
4.175,-0.008715833,0.000253
4.176,-0.008715603,0.00023
4.177,-0.008715396,0.000207
4.178,-0.008715211,0.000185
4.179,-0.008715049,0.000162
4.18,-0.008714908,0.000141
4.181,-0.00871479,0.000118
4.182,-0.008714693,9.70E-05
4.183,-0.008714618,7.50E-05
4.184,-0.008714565,5.30E-05
4.185,-0.008714532,3.30E-05
4.186,-0.00871452,1.20E-05
4.187,-0.008714529,-9.00E-06
4.188,-0.008714558,-2.90E-05
4.189,-0.008714607,-4.90E-05
4.19,-0.008714677,-7.00E-05
4.191,-0.008714766,-8.90E-05
4.192,-0.008714875,-0.000109
4.193,-0.008715003,-0.000128
4.194,-0.008715151,-0.000148
4.195,-0.008715318,-0.000167
4.196,-0.008715503,-0.000185
4.197,-0.008715707,-0.000204
4.198,-0.00871593,-0.000223
4.199,-0.008716171,-0.000241
4.2,-0.00871643,-0.000259
4.201,-0.008716706,-0.000276
4.202,-0.008717001,-0.000295
4.203,-0.008717313,-0.000312
4.204,-0.008717642,-0.000329
4.205,-0.008717989,-0.000347
4.206,-0.008718353,-0.000364
4.207,-0.008718733,-0.00038
4.208,-0.00871913,-0.000397
4.209,-0.008719544,-0.000414
4.21,-0.008719973,-0.000429
4.211,-0.008720419,-0.000446
4.212,-0.008720881,-0.000462
4.213,-0.008721358,-0.000477
4.214,-0.008721852,-0.000494
4.215,-0.00872236,-0.000508
4.216,-0.008722884,-0.000524
4.217,-0.008723423,-0.000539
4.218,-0.008723977,-0.000554
4.219,-0.008724545,-0.000568
4.22,-0.008725129,-0.000584
4.221,-0.008725726,-0.000597
4.222,-0.008726338,-0.000612
4.223,-0.008726964,-0.000626
4.224,-0.008727604,-0.00064
4.225,-0.008728258,-0.000654
4.226,-0.008728926,-0.000668
4.227,-0.008729607,-0.000681
4.228,-0.008730301,-0.000694
4.229,-0.008731009,-0.000708
4.23,-0.008731729,-0.00072
4.231,-0.008732463,-0.000734
4.232,-0.008733209,-0.000746
4.233,-0.008733968,-0.000759
4.234,-0.00873474,-0.000772
4.235,-0.008735523,-0.000783
4.236,-0.008736319,-0.000796
4.237,-0.008737127,-0.000808
4.238,-0.008737947,-0.00082
4.239,-0.008738779,-0.000832
4.24,-0.008739622,-0.000843
4.241,-0.008740477,-0.000855
4.242,-0.008741343,-0.000866
4.243,-0.00874222,-0.000877
4.244,-0.008743109,-0.000889
4.245,-0.008744008,-0.000899
4.246,-0.008744918,-0.00091
4.247,-0.008745839,-0.000921
4.248,-0.008746771,-0.000932
4.249,-0.008747713,-0.000942
4.25,-0.008748665,-0.000952
4.251,-0.008749627,-0.000962
4.252,-0.008750599,-0.000972
4.253,-0.008751582,-0.000983
4.254,-0.008752574,-0.000992
4.255,-0.008753576,-0.001002
4.256,-0.008754587,-0.001011
4.257,-0.008755608,-0.001021
4.258,-0.008756638,-0.00103
4.259,-0.008757677,-0.001039
4.26,-0.008758726,-0.001049
4.261,-0.008759783,-0.001057
4.262,-0.008760849,-0.001066
4.263,-0.008761924,-0.001075
4.264,-0.008763008,-0.001084
4.265,-0.0087641,-0.001092
4.266,-0.0087652,-0.0011
4.267,-0.008766309,-0.001109
4.268,-0.008767426,-0.001117
4.269,-0.008768551,-0.001125
4.27,-0.008769684,-0.001133
4.271,-0.008770825,-0.001141
4.272,-0.008771973,-0.001147999
4.273,-0.00877313,-0.001156999
4.274,-0.008774293,-0.001162999
4.275,-0.008775464,-0.001170999
4.276,-0.008776643,-0.001178999
4.277,-0.008777829,-0.001185999
4.278,-0.008779021,-0.001191999
4.279,-0.008780221,-0.001199999
4.28,-0.008781428,-0.001206999
4.281,-0.008782642,-0.001213999
4.282,-0.008783862,-0.001219999
4.283,-0.008785089,-0.001226999
4.284,-0.008786322,-0.001232999
4.285,-0.008787562,-0.001239999
4.286,-0.008788808,-0.001245999
4.287,-0.008790061,-0.001252999
4.288,-0.008791319,-0.001257999
4.289,-0.008792584,-0.001264999
4.29,-0.008793854,-0.001269999
4.291,-0.008795131,-0.001276999
4.292,-0.008796413,-0.001281999
4.293,-0.008797701,-0.001287999
4.294,-0.008798995,-0.001293999
4.295,-0.008800294,-0.001298999
4.296,-0.008801598,-0.001303999
4.297,-0.008802908,-0.001309999
4.298,-0.008804223,-0.001314999
4.299,-0.008805543,-0.001319999
4.3,-0.008806868,-0.001324999
4.301,-0.008808199,-0.001330999
4.302,-0.008809534,-0.001334999
4.303,-0.008810874,-0.001339999
4.304,-0.008812219,-0.001344999
4.305,-0.008813568,-0.001348999
4.306,-0.008814922,-0.001353999
4.307,-0.008816281,-0.001358999
4.308,-0.008817644,-0.001362999
4.309,-0.008819011,-0.001366999
4.31,-0.008820383,-0.001371999
4.311,-0.008821759,-0.001375999
4.312,-0.008823139,-0.001379999
4.313,-0.008824523,-0.001383999
4.314,-0.008825911,-0.001387999
4.315,-0.008827303,-0.001391999
4.316,-0.008828699,-0.001395999
4.317,-0.008830098,-0.001398999
4.318,-0.008831501,-0.001402999
4.319,-0.008832908,-0.001406999
4.32,-0.008834318,-0.001409999
4.321,-0.008835732,-0.001413999
4.322,-0.008837149,-0.001416999
4.323,-0.00883857,-0.001420999
4.324,-0.008839993,-0.001422999
4.325,-0.00884142,-0.001426999
4.326,-0.00884285,-0.001429999
4.327,-0.008844283,-0.001432999
4.328,-0.008845719,-0.001435999
4.329,-0.008847159,-0.001439999
4.33,-0.0088486,-0.001440999
4.331,-0.008850045,-0.001444999
4.332,-0.008851492,-0.001446999
4.333,-0.008852943,-0.001450999
4.334,-0.008854395,-0.001451999
4.335,-0.00885585,-0.001454999
4.336,-0.008857308,-0.001457999
4.337,-0.008858768,-0.001459999
4.338,-0.008860231,-0.001462999
4.339,-0.008861695,-0.001463999
4.34,-0.008863162,-0.001466999
4.341,-0.008864632,-0.001469999
4.342,-0.008866103,-0.001470999
4.343,-0.008867576,-0.001472999
4.344,-0.008869052,-0.001475999
4.345,-0.008870529,-0.001476999
4.346,-0.008872008,-0.001478999
4.347,-0.008873489,-0.001480999
4.348,-0.008874972,-0.001482999
4.349,-0.008876457,-0.001484999
4.35,-0.008877943,-0.001485999
4.351,-0.008879431,-0.001487999
4.352,-0.00888092,-0.001488999
4.353,-0.008882411,-0.001490999
4.354,-0.008883903,-0.001491999
4.355,-0.008885397,-0.001493999
4.356,-0.008886892,-0.001494999
4.357,-0.008888389,-0.001496999
4.358,-0.008889886,-0.001496999
4.359,-0.008891385,-0.001498999
4.36,-0.008892885,-0.001499999
4.361,-0.008894386,-0.001500999
4.362,-0.008895889,-0.001502999
4.363,-0.008897392,-0.001502999
4.364,-0.008898896,-0.001503999
4.365,-0.008900401,-0.001504999
4.366,-0.008901907,-0.001505999
4.367,-0.008903414,-0.001506999
4.368,-0.008904922,-0.001507999
4.369,-0.00890643,-0.001507999
4.37,-0.008907939,-0.001508999
4.371,-0.008909448,-0.001508999
4.372,-0.008910959,-0.001510999
4.373,-0.008912469,-0.001509999
4.374,-0.008913981,-0.001511999
4.375,-0.008915492,-0.001510999
4.376,-0.008917005,-0.001512999
4.377,-0.008918517,-0.001511999
4.378,-0.00892003,-0.001512999
4.379,-0.008921543,-0.001512999
4.38,-0.008923057,-0.001513999
4.381,-0.00892457,-0.001512999
4.382,-0.008926084,-0.001513999
4.383,-0.008927598,-0.001513999
4.384,-0.008929112,-0.001513999
4.385,-0.008930626,-0.001513999
4.386,-0.008932141,-0.001514999
4.387,-0.008933655,-0.001513999
4.388,-0.008935169,-0.001513999
4.389,-0.008936683,-0.001513999
4.39,-0.008938197,-0.001513999
4.391,-0.008939711,-0.001513999
4.392,-0.008941224,-0.001512999
4.393,-0.008942737,-0.001512999
4.394,-0.00894425,-0.001512999
4.395,-0.008945763,-0.001512999
4.396,-0.008947275,-0.001511999
4.397,-0.008948787,-0.001511999
4.398,-0.008950299,-0.001511999
4.399,-0.00895181,-0.001510999
4.4,-0.008953321,-0.001510999
4.401,-0.008954831,-0.001509999
4.402,-0.00895634,-0.001508999
4.403,-0.008957849,-0.001508999
4.404,-0.008959358,-0.001508999
4.405,-0.008960866,-0.001507999
4.406,-0.008962373,-0.001506999
4.407,-0.008963879,-0.001505999
4.408,-0.008965385,-0.001505999
4.409,-0.00896689,-0.001504999
4.41,-0.008968394,-0.001503999
4.411,-0.008969897,-0.001502999
4.412,-0.0089714,-0.001502999
4.413,-0.008972901,-0.001500999
4.414,-0.008974402,-0.001500999
4.415,-0.008975902,-0.001499999
4.416,-0.0089774,-0.001497999
4.417,-0.008978898,-0.001497999
4.418,-0.008980395,-0.001496999
4.419,-0.00898189,-0.001494999
4.42,-0.008983385,-0.001494999
4.421,-0.008984879,-0.001493999
4.422,-0.008986371,-0.001491999
4.423,-0.008987862,-0.001490999
4.424,-0.008989352,-0.001489999
4.425,-0.008990841,-0.001488999
4.426,-0.008992329,-0.001487999
4.427,-0.008993815,-0.001485999
4.428,-0.0089953,-0.001484999
4.429,-0.008996784,-0.001483999
4.43,-0.008998266,-0.001481999
4.431,-0.008999747,-0.001480999
4.432,-0.009001227,-0.001479999
4.433,-0.009002705,-0.001477999
4.434,-0.009004182,-0.001476999
4.435,-0.009005658,-0.001475999
4.436,-0.009007132,-0.001473999
4.437,-0.009008604,-0.001471999
4.438,-0.009010075,-0.001470999
4.439,-0.009011545,-0.001469999
4.44,-0.009013012,-0.001466999
4.441,-0.009014479,-0.001466999
4.442,-0.009015943,-0.001463999
4.443,-0.009017407,-0.001463999
4.444,-0.009018868,-0.001460999
4.445,-0.009020328,-0.001459999
4.446,-0.009021786,-0.001457999
4.447,-0.009023242,-0.001455999
4.448,-0.009024697,-0.001454999
4.449,-0.00902615,-0.001452999
4.45,-0.009027601,-0.001450999
4.451,-0.009029051,-0.001449999
4.452,-0.009030498,-0.001446999
4.453,-0.009031944,-0.001445999
4.454,-0.009033388,-0.001443999
4.455,-0.00903483,-0.001441999
4.456,-0.009036271,-0.001440999
4.457,-0.009037709,-0.001437999
4.458,-0.009039145,-0.001435999
4.459,-0.00904058,-0.001434999
4.46,-0.009042013,-0.001432999
4.461,-0.009043443,-0.001429999
4.462,-0.009044872,-0.001428999
4.463,-0.009046299,-0.001426999
4.464,-0.009047724,-0.001424999
4.465,-0.009049146,-0.001421999
4.466,-0.009050567,-0.001420999
4.467,-0.009051986,-0.001418999
4.468,-0.009053402,-0.001415999
4.469,-0.009054817,-0.001414999
4.47,-0.009056229,-0.001411999
4.471,-0.00905764,-0.001410999
4.472,-0.009059048,-0.001407999
4.473,-0.009060454,-0.001405999
4.474,-0.009061858,-0.001403999
4.475,-0.00906326,-0.001401999
4.476,-0.009064659,-0.001398999
4.477,-0.009066057,-0.001397999
4.478,-0.009067452,-0.001394999
4.479,-0.009068845,-0.001392999
4.48,-0.009070236,-0.001390999
4.481,-0.009071624,-0.001387999
4.482,-0.009073011,-0.001386999
4.483,-0.009074395,-0.001383999
4.484,-0.009075777,-0.001381999
4.485,-0.009077156,-0.001378999
4.486,-0.009078533,-0.001376999
4.487,-0.009079908,-0.001374999
4.488,-0.009081281,-0.001372999
4.489,-0.009082651,-0.001369999
4.49,-0.009084019,-0.001367999
4.491,-0.009085384,-0.001364999
4.492,-0.009086747,-0.001362999
4.493,-0.009088108,-0.001360999
4.494,-0.009089467,-0.001358999
4.495,-0.009090823,-0.001355999
4.496,-0.009092176,-0.001352999
4.497,-0.009093527,-0.001350999
4.498,-0.009094876,-0.001348999
4.499,-0.009096222,-0.001345999
4.5,-0.009097566,-0.001343999
4.501,-0.009098901,-0.001334999
4.502,-0.009100219,-0.001317999
4.503,-0.009101518,-0.001298999
4.504,-0.009102792,-0.001273999
4.505,-0.009104039,-0.001246999
4.506,-0.009105257,-0.001217999
4.507,-0.009106442,-0.001184999
4.508,-0.009107594,-0.001151999
4.509,-0.00910871,-0.001116
4.51,-0.009109789,-0.001079
4.511,-0.009110829,-0.00104
4.512,-0.00911183,-0.001001
4.513,-0.009112789,-0.000959
4.514,-0.009113707,-0.000918
4.515,-0.009114583,-0.000876
4.516,-0.009115414,-0.000831
4.517,-0.009116201,-0.000787
4.518,-0.009116942,-0.000741
4.519,-0.009117637,-0.000695
4.52,-0.009118285,-0.000648
4.521,-0.009118886,-0.000601
4.522,-0.009119438,-0.000552
4.523,-0.009119941,-0.000503
4.524,-0.009120395,-0.000454
4.525,-0.009120798,-0.000403
4.526,-0.00912115,-0.000352
4.527,-0.009121452,-0.000302
4.528,-0.009121702,-0.00025
4.529,-0.009121899,-0.000197
4.53,-0.009122044,-0.000145
4.531,-0.009122137,-9.30E-05
4.532,-0.009122176,-3.90E-05
4.533,-0.009122161,1.50E-05
4.534,-0.009122093,6.80E-05
4.535,-0.00912197,0.000123
4.536,-0.009121794,0.000176
4.537,-0.009121562,0.000232
4.538,-0.009121276,0.000286
4.539,-0.009120936,0.00034
4.54,-0.00912054,0.000396
4.541,-0.009120089,0.000451
4.542,-0.009119583,0.000506
4.543,-0.009119022,0.000561
4.544,-0.009118405,0.000617
4.545,-0.009117733,0.000672
4.546,-0.009117006,0.000727
4.547,-0.009116223,0.000783
4.548,-0.009115385,0.000838
4.549,-0.009114492,0.000893
4.55,-0.009113544,0.000948
4.551,-0.00911254,0.001004
4.552,-0.009111481,0.001059
4.553,-0.009110368,0.001113
4.554,-0.009109199,0.001168999
4.555,-0.009107976,0.001222999
4.556,-0.009106698,0.001277999
4.557,-0.009105366,0.001331999
4.558,-0.009103979,0.001386999
4.559,-0.009102539,0.001439999
4.56,-0.009101044,0.001494999
4.561,-0.009099495,0.001548999
4.562,-0.009097893,0.001601999
4.563,-0.009096238,0.001654998
4.564,-0.009094529,0.001708998
4.565,-0.009092768,0.001760998
4.566,-0.009090953,0.001814998
4.567,-0.009089086,0.001866998
4.568,-0.009087167,0.001918998
4.569,-0.009085196,0.001970997
4.57,-0.009083173,0.002022997
4.571,-0.009081099,0.002073997
4.572,-0.009078973,0.002125997
4.573,-0.009076796,0.002176997
4.574,-0.009074569,0.002226996
4.575,-0.009072291,0.002277996
4.576,-0.009069963,0.002327996
4.577,-0.009067584,0.002378996
4.578,-0.009065157,0.002426995
4.579,-0.00906268,0.002476995
4.58,-0.009060154,0.002525995
4.581,-0.009057579,0.002574994
4.582,-0.009054956,0.002622994
4.583,-0.009052284,0.002671994
4.584,-0.009049565,0.002718993
4.585,-0.009046798,0.002766993
4.586,-0.009043984,0.002813993
4.587,-0.009041123,0.002860992
4.588,-0.009038215,0.002907992
4.589,-0.009035261,0.002953991
4.59,-0.009032261,0.002999991
4.591,-0.009029216,0.003044991
4.592,-0.009026125,0.00309099
4.593,-0.009022989,0.00313599
4.594,-0.009019808,0.003180989
4.595,-0.009016582,0.003225989
4.596,-0.009013313,0.003268988
4.597,-0.00901,0.003312988
4.598,-0.009006643,0.003356987
4.599,-0.009003243,0.003399987
4.6,-0.008999801,0.003441986
4.601,-0.008996315,0.003485986
4.602,-0.008992788,0.003526985
4.603,-0.008989219,0.003568985
4.604,-0.008985608,0.003610984
4.605,-0.008981956,0.003651984
4.606,-0.008978263,0.003692983
4.607,-0.008974529,0.003733983
4.608,-0.008970756,0.003772982
4.609,-0.008966942,0.003813982
4.61,-0.008963088,0.003853981
4.611,-0.008959196,0.00389198
4.612,-0.008955264,0.00393198
4.613,-0.008951294,0.003969979
4.614,-0.008947285,0.004008979
4.615,-0.008943238,0.004046978
4.616,-0.008939153,0.004084977
4.617,-0.008935031,0.004121977
4.618,-0.008930872,0.004158976
4.619,-0.008926676,0.004195975
4.62,-0.008922444,0.004231975
4.621,-0.008918175,0.004268974
4.622,-0.008913871,0.004303973
4.623,-0.008909531,0.004339973
4.624,-0.008905156,0.004374972
4.625,-0.008900745,0.004410971
4.626,-0.0088963,0.004444971
4.627,-0.008891821,0.00447897
4.628,-0.008887308,0.004512969
4.629,-0.008882761,0.004546969
4.63,-0.008878181,0.004579968
4.631,-0.008873567,0.004613967
4.632,-0.008868921,0.004645967
4.633,-0.008864242,0.004678966
4.634,-0.008859531,0.004710965
4.635,-0.008854788,0.004742964
4.636,-0.008850013,0.004774964
4.637,-0.008845207,0.004805963
4.638,-0.008840369,0.004837962
4.639,-0.008835501,0.004867962
4.64,-0.008830603,0.004897961
4.641,-0.008825674,0.00492896
4.642,-0.008820715,0.004958959
4.643,-0.008815727,0.004987959
4.644,-0.008810709,0.005017958
4.645,-0.008805663,0.005045957
4.646,-0.008800587,0.005075956
4.647,-0.008795483,0.005103956
4.648,-0.00879035,0.005132955
4.649,-0.00878519,0.005159954
4.65,-0.008780002,0.005187953
4.651,-0.008774786,0.005215953
4.652,-0.008769543,0.005242952
4.653,-0.008764274,0.005268951
4.654,-0.008758977,0.00529695
4.655,-0.008753655,0.00532195
4.656,-0.008748306,0.005348949
4.657,-0.008742931,0.005374948
4.658,-0.008737531,0.005399948
4.659,-0.008732105,0.005425947
4.66,-0.008726655,0.005449946
4.661,-0.008721179,0.005475945
4.662,-0.008715679,0.005499945
4.663,-0.008710154,0.005524944
4.664,-0.008704606,0.005547943
4.665,-0.008699034,0.005571942
4.666,-0.008693438,0.005595942
4.667,-0.008687818,0.005619941
4.668,-0.008682176,0.00564194
4.669,-0.008676511,0.005664939
4.67,-0.008670823,0.005687939
4.671,-0.008665113,0.005709938
4.672,-0.00865938,0.005732937
4.673,-0.008653626,0.005753936
4.674,-0.00864785,0.005775936
4.675,-0.008642053,0.005796935
4.676,-0.008636235,0.005817934
4.677,-0.008630395,0.005839934
4.678,-0.008624535,0.005859933
4.679,-0.008618654,0.005880932
4.68,-0.008612753,0.005900932
4.681,-0.008606832,0.005920931
4.682,-0.008600892,0.00593993
4.683,-0.008594931,0.005960929
4.684,-0.008588951,0.005979929
4.685,-0.008582952,0.005998928
4.686,-0.008576934,0.006017927
4.687,-0.008570898,0.006035927
4.688,-0.008564842,0.006055926
4.689,-0.008558769,0.006072925
4.69,-0.008552677,0.006091925
4.691,-0.008546568,0.006108924
4.692,-0.00854044,0.006127923
4.693,-0.008534296,0.006143923
4.694,-0.008528134,0.006161922
4.695,-0.008521955,0.006178921
4.696,-0.008515759,0.006195921
4.697,-0.008509546,0.00621292
4.698,-0.008503317,0.006228919
4.699,-0.008497072,0.006244919
4.7,-0.00849081,0.006261918
4.701,-0.008484533,0.006276918
4.702,-0.00847824,0.006292917
4.703,-0.008471932,0.006307916
4.704,-0.008465608,0.006323916
4.705,-0.008459269,0.006338915
4.706,-0.008452915,0.006353914
4.707,-0.008446547,0.006367914
4.708,-0.008440163,0.006383913
4.709,-0.008433766,0.006396913
4.71,-0.008427354,0.006411912
4.711,-0.008420929,0.006424912
4.712,-0.008414489,0.006439911
4.713,-0.008408036,0.00645291
4.714,-0.00840157,0.00646591
4.715,-0.00839509,0.006479909
4.716,-0.008388597,0.006492909
4.717,-0.008382091,0.006505908
4.718,-0.008375572,0.006518908
4.719,-0.008369041,0.006530907
4.72,-0.008362497,0.006543907
4.721,-0.008355941,0.006555906
4.722,-0.008349373,0.006567906
4.723,-0.008342793,0.006579905
4.724,-0.008336202,0.006590905
4.725,-0.008329598,0.006603904
4.726,-0.008322983,0.006614904
4.727,-0.008316357,0.006625903
4.728,-0.00830972,0.006636903
4.729,-0.008303072,0.006647902
4.73,-0.008296413,0.006658902
4.731,-0.008289744,0.006668901
4.732,-0.008283064,0.006679901
4.733,-0.008276374,0.0066899
4.734,-0.008269673,0.0067009
4.735,-0.008262963,0.006709899
4.736,-0.008256242,0.006720899
4.737,-0.008249512,0.006729898
4.738,-0.008242772,0.006739898
4.739,-0.008236023,0.006748898
4.74,-0.008229265,0.006757897
4.741,-0.008222497,0.006767897
4.742,-0.008215721,0.006775896
4.743,-0.008208936,0.006784896
4.744,-0.008202142,0.006793895
4.745,-0.008195339,0.006802895
4.746,-0.008188528,0.006810895
4.747,-0.008181709,0.006818894
4.748,-0.008174881,0.006827894
4.749,-0.008168046,0.006834894
4.75,-0.008161202,0.006843893
4.751,-0.008154351,0.006850893
4.752,-0.008147493,0.006857892
4.753,-0.008140626,0.006866892
4.754,-0.008133753,0.006872892
4.755,-0.008126872,0.006880891
4.756,-0.008119984,0.006887891
4.757,-0.008113089,0.006894891
4.758,-0.008106188,0.00690089
4.759,-0.00809928,0.00690789
4.76,-0.008092365,0.00691489
4.761,-0.008085443,0.006921889
4.762,-0.008078516,0.006926889
4.763,-0.008071582,0.006933889
4.764,-0.008064642,0.006939889
4.765,-0.008057696,0.006945888
4.766,-0.008050744,0.006951888
4.767,-0.008043786,0.006957888
4.768,-0.008036823,0.006962887
4.769,-0.008029855,0.006967887
4.77,-0.008022881,0.006973887
4.771,-0.008015901,0.006979887
4.772,-0.008008917,0.006983886
4.773,-0.008001927,0.006989886
4.774,-0.007994933,0.006993886
4.775,-0.007987934,0.006998886
4.776,-0.00798093,0.007003885
4.777,-0.007973921,0.007008885
4.778,-0.007966908,0.007012885
4.779,-0.007959891,0.007016885
4.78,-0.007952869,0.007021885
4.781,-0.007945843,0.007025884
4.782,-0.007938813,0.007029884
4.783,-0.007931779,0.007033884
4.784,-0.007924742,0.007036884
4.785,-0.0079177,0.007041884
4.786,-0.007910655,0.007044883
4.787,-0.007903606,0.007048883
4.788,-0.007896554,0.007051883
4.789,-0.007889499,0.007054883
4.79,-0.00788244,0.007058883
4.791,-0.007875378,0.007061883
4.792,-0.007868313,0.007064882
4.793,-0.007861245,0.007067882
4.794,-0.007854174,0.007070882
4.795,-0.007847101,0.007072882
4.796,-0.007840024,0.007076882
4.797,-0.007832946,0.007077882
4.798,-0.007825864,0.007081882
4.799,-0.00781878,0.007083882
4.8,-0.007811694,0.007085881
4.801,-0.007804606,0.007087881
4.802,-0.007797516,0.007089881
4.803,-0.007790423,0.007092881
4.804,-0.007783329,0.007093881
4.805,-0.007776232,0.007096881
4.806,-0.007769134,0.007097881
4.807,-0.007762034,0.007099881
4.808,-0.007754933,0.007100881
4.809,-0.00774783,0.007102881
4.81,-0.007740725,0.00710488
4.811,-0.00773362,0.00710488
4.812,-0.007726513,0.00710688
4.813,-0.007719404,0.00710888
4.814,-0.007712295,0.00710888
4.815,-0.007705184,0.00711088
4.816,-0.007698073,0.00711088
4.817,-0.007690961,0.00711188
4.818,-0.007683847,0.00711388
4.819,-0.007676733,0.00711388
4.82,-0.007669619,0.00711388
4.821,-0.007662504,0.00711488
4.822,-0.007655388,0.00711588
4.823,-0.007648272,0.00711588
4.824,-0.007641156,0.00711588
4.825,-0.007634039,0.00711688
4.826,-0.007626922,0.00711688
4.827,-0.007619805,0.00711688
4.828,-0.007612688,0.00711688
4.829,-0.00760557,0.00711788
4.83,-0.007598453,0.00711688
4.831,-0.007591336,0.00711688
4.832,-0.007584219,0.00711688
4.833,-0.007577103,0.00711588
4.834,-0.007569987,0.00711588
4.835,-0.007562871,0.00711588
4.836,-0.007555756,0.00711488
4.837,-0.007548641,0.00711488
4.838,-0.007541527,0.00711388
4.839,-0.007534413,0.00711388
4.84,-0.007527301,0.00711188
4.841,-0.007520189,0.00711188
4.842,-0.007513078,0.00711088
4.843,-0.007505967,0.00711088
4.844,-0.007498858,0.00710888
4.845,-0.00749175,0.00710788
4.846,-0.007484643,0.00710688
4.847,-0.007477537,0.00710588
4.848,-0.007470433,0.00710388
4.849,-0.007463329,0.00710388
4.85,-0.007456227,0.007101881
4.851,-0.007449126,0.007100881
4.852,-0.007442027,0.007098881
4.853,-0.00743493,0.007096881
4.854,-0.007427834,0.007095881
4.855,-0.007420739,0.007094881
4.856,-0.007413646,0.007092881
4.857,-0.007406555,0.007090881
4.858,-0.007399466,0.007088881
4.859,-0.007392379,0.007086881
4.86,-0.007385293,0.007085881
4.861,-0.007378209,0.007083882
4.862,-0.007371128,0.007080882
4.863,-0.007364048,0.007079882
4.864,-0.007356971,0.007076882
4.865,-0.007349896,0.007074882
4.866,-0.007342823,0.007072882
4.867,-0.007335752,0.007070882
4.868,-0.007328683,0.007068882
4.869,-0.007321617,0.007065882
4.87,-0.007314553,0.007063883
4.871,-0.007307492,0.007060883
4.872,-0.007300433,0.007058883
4.873,-0.007293377,0.007055883
4.874,-0.007286323,0.007053883
4.875,-0.007279272,0.007050883
4.876,-0.007272224,0.007047883
4.877,-0.007265178,0.007045883
4.878,-0.007258135,0.007042884
4.879,-0.007251095,0.007039884
4.88,-0.007244058,0.007036884
4.881,-0.007237024,0.007033884
4.882,-0.007229993,0.007030884
4.883,-0.007222964,0.007028884
4.884,-0.007215939,0.007024884
4.885,-0.007208917,0.007021885
4.886,-0.007201898,0.007018885
4.887,-0.007194882,0.007015885
4.888,-0.007187869,0.007012885
4.889,-0.007180859,0.007009885
4.89,-0.007173853,0.007005885
4.891,-0.00716685,0.007002886
4.892,-0.007159851,0.006998886
4.893,-0.007152854,0.006996886
4.894,-0.007145862,0.006991886
4.895,-0.007138872,0.006989886
4.896,-0.007131887,0.006984886
4.897,-0.007124904,0.006982887
4.898,-0.007117926,0.006977887
4.899,-0.007110951,0.006974887
4.9,-0.007103979,0.006971887
4.901,-0.007097012,0.006966887
4.902,-0.007090048,0.006963887
4.903,-0.007083088,0.006959888
4.904,-0.007076131,0.006956888
4.905,-0.007069179,0.006951888
4.906,-0.00706223,0.006948888
4.907,-0.007055285,0.006944888
4.908,-0.007048344,0.006940889
4.909,-0.007041407,0.006936889
4.91,-0.007034474,0.006932889
4.911,-0.007027545,0.006928889
4.912,-0.007020621,0.006923889
4.913,-0.0070137,0.006920889
4.914,-0.007006783,0.00691689
4.915,-0.006999871,0.00691189
4.916,-0.006992962,0.00690889
4.917,-0.006986058,0.00690389
4.918,-0.006979158,0.006899891
4.919,-0.006972263,0.006894891
4.92,-0.006965372,0.006890891
4.921,-0.006958485,0.006886891
4.922,-0.006951602,0.006882891
4.923,-0.006944724,0.006877892
4.924,-0.00693785,0.006873892
4.925,-0.006930981,0.006868892
4.926,-0.006924116,0.006864892
4.927,-0.006917255,0.006860892
4.928,-0.0069104,0.006854893
4.929,-0.006903548,0.006851893
4.93,-0.006896701,0.006846893
4.931,-0.006889859,0.006841893
4.932,-0.006883022,0.006836893
4.933,-0.006876189,0.006832894
4.934,-0.006869361,0.006827894
4.935,-0.006862537,0.006823894
4.936,-0.006855718,0.006818894
4.937,-0.006848904,0.006813895
4.938,-0.006842095,0.006808895
4.939,-0.006835291,0.006803895
4.94,-0.006828491,0.006799895
4.941,-0.006821696,0.006794895
4.942,-0.006814906,0.006789896
4.943,-0.006808121,0.006784896
4.944,-0.006801341,0.006779896
4.945,-0.006794566,0.006774896
4.946,-0.006787795,0.006770897
4.947,-0.00678103,0.006764897
4.948,-0.00677427,0.006759897
4.949,-0.006767515,0.006754897
4.95,-0.006760764,0.006750897
4.951,-0.006754019,0.006744898
4.952,-0.006747279,0.006739898
4.953,-0.006740544,0.006734898
4.954,-0.006733814,0.006729898
4.955,-0.006727089,0.006724899
4.956,-0.00672037,0.006718899
4.957,-0.006713655,0.006714899
4.958,-0.006706946,0.006708899
4.959,-0.006700242,0.0067039
4.96,-0.006693543,0.0066989
4.961,-0.006686849,0.0066939
4.962,-0.006680161,0.0066879
4.963,-0.006673478,0.006682901
4.964,-0.0066668,0.006677901
4.965,-0.006660128,0.006671901
4.966,-0.00665346,0.006667901
4.967,-0.006646799,0.006660901
4.968,-0.006640142,0.006656902
4.969,-0.006633491,0.006650902
4.97,-0.006626845,0.006645902
4.971,-0.006620205,0.006639902
4.972,-0.00661357,0.006634903
4.973,-0.006606941,0.006628903
4.974,-0.006600317,0.006623903
4.975,-0.006593699,0.006617903
4.976,-0.006587086,0.006612904
4.977,-0.006580478,0.006607904
4.978,-0.006573876,0.006601904
4.979,-0.00656728,0.006595904
4.98,-0.006560689,0.006590905
4.981,-0.006554103,0.006585905
4.982,-0.006547524,0.006578905
4.983,-0.006540949,0.006574905
4.984,-0.006534381,0.006567906
4.985,-0.006527818,0.006562906
4.986,-0.00652126,0.006557906
4.987,-0.006514709,0.006550906
4.988,-0.006508163,0.006545907
4.989,-0.006501622,0.006540907
4.99,-0.006495087,0.006534907
4.991,-0.006488558,0.006528907
4.992,-0.006482035,0.006522907
4.993,-0.006475517,0.006517908
4.994,-0.006469005,0.006511908
4.995,-0.006462499,0.006505908
4.996,-0.006455998,0.006500908
4.997,-0.006449503,0.006494909
4.998,-0.006443014,0.006488909
4.999,-0.006436531,0.006482909
5,-0.006430053,0.006477909
5.001,-0.006423582,0.00647091
5.002,-0.006417116,0.00646591
5.003,-0.006410656,0.00645991
5.004,-0.006404201,0.00645491
5.005,-0.006397753,0.006447911
5.006,-0.00639131,0.006442911
5.007,-0.006384873,0.006436911
5.008,-0.006378442,0.006430911
5.009,-0.006372017,0.006424912
5.01,-0.006365598,0.006418912
5.011,-0.006359184,0.006413912
5.012,-0.006352777,0.006406912
5.013,-0.006346375,0.006401913
5.014,-0.00633998,0.006394913
5.015,-0.00633359,0.006389913
5.016,-0.006327206,0.006383913
5.017,-0.006320828,0.006377914
5.018,-0.006314456,0.006371914
5.019,-0.00630809,0.006365914
5.02,-0.006301729,0.006360914
5.021,-0.006295375,0.006353914
5.022,-0.006289027,0.006347915
5.023,-0.006282684,0.006342915
5.024,-0.006276348,0.006335915
5.025,-0.006270018,0.006329915
5.026,-0.006263693,0.006324916
5.027,-0.006257375,0.006317916
5.028,-0.006251062,0.006312916
5.029,-0.006244756,0.006305916
5.03,-0.006238456,0.006299917
5.031,-0.006232161,0.006294917
5.032,-0.006225873,0.006287917
5.033,-0.00621959,0.006282917
5.034,-0.006213314,0.006275918
5.035,-0.006207043,0.006270918
5.036,-0.006200779,0.006263918
5.037,-0.006194521,0.006257918
5.038,-0.006188269,0.006251919
5.039,-0.006182022,0.006246919
5.04,-0.006175782,0.006239919
5.041,-0.006169548,0.006233919
5.042,-0.00616332,0.006227919
5.043,-0.006157098,0.00622192
5.044,-0.006150882,0.00621592
5.045,-0.006144672,0.00620992
5.046,-0.006138468,0.00620392
5.047,-0.006132271,0.006196921
5.048,-0.006126079,0.006191921
5.049,-0.006119893,0.006185921
5.05,-0.006113714,0.006178921
5.051,-0.006107541,0.006172922
5.052,-0.006101373,0.006167922
5.053,-0.006095212,0.006160922
5.054,-0.006089057,0.006154922
5.055,-0.006082908,0.006148923
5.056,-0.006076765,0.006142923
5.057,-0.006070628,0.006136923
5.058,-0.006064498,0.006129923
5.059,-0.006058373,0.006124923
5.06,-0.006052255,0.006117924
5.061,-0.006046142,0.006112924
5.062,-0.006040036,0.006105924
5.063,-0.006033936,0.006099924
5.064,-0.006027842,0.006093925
5.065,-0.006021754,0.006087925
5.066,-0.006015672,0.006081925
5.067,-0.006009596,0.006075925
5.068,-0.006003527,0.006068925
5.069,-0.005997463,0.006063926
5.07,-0.005991406,0.006056926
5.071,-0.005985355,0.006050926
5.072,-0.00597931,0.006044926
5.073,-0.005973271,0.006038927
5.074,-0.005967238,0.006032927
5.075,-0.005961211,0.006026927
5.076,-0.005955191,0.006019927
5.077,-0.005949176,0.006014927
5.078,-0.005943168,0.006007928
5.079,-0.005937166,0.006001928
5.08,-0.00593117,0.005995928
5.081,-0.00592518,0.005989928
5.082,-0.005919196,0.005983929
5.083,-0.005913219,0.005976929
5.084,-0.005907247,0.005971929
5.085,-0.005901282,0.005964929
5.086,-0.005895322,0.005959929
5.087,-0.005889369,0.00595293
5.088,-0.005883422,0.00594693
5.089,-0.005877481,0.00594093
5.09,-0.005871547,0.00593393
5.091,-0.005865618,0.005928931
5.092,-0.005859695,0.005922931
5.093,-0.005853779,0.005915931
5.094,-0.005847869,0.005909931
5.095,-0.005841965,0.005903931
5.096,-0.005836067,0.005897932
5.097,-0.005830175,0.005891932
5.098,-0.005824289,0.005885932
5.099,-0.005818409,0.005879932
5.1,-0.005812536,0.005872932
5.101,-0.005806668,0.005867933
5.102,-0.005800807,0.005860933
5.103,-0.005794952,0.005854933
5.104,-0.005789102,0.005849933
5.105,-0.005783259,0.005842934
5.106,-0.005777422,0.005836934
5.107,-0.005771592,0.005829934
5.108,-0.005765767,0.005824934
5.109,-0.005759948,0.005818934
