X,Y,Yaw
0,3.8,1.3258177
0.001,3.804,1.325817664
0.002,3.80796,1.323442371
0.003,3.811833437,1.318144422
0.004,3.815615977,1.312336903
0.005,3.819305098,1.306089997
0.006,3.822899199,1.299426268
0.007,3.826397217,1.292347005
0.008,3.829798437,1.284841987
0.009,3.833102381,1.276893106
0.01,3.836308741,1.268476272
0.011,3.839417336,1.259562261
0.012,3.842428086,1.250117316
0.013,3.845340989,1.240102628
0.014,3.848156112,1.229474976
0.015,3.850873576,1.218185392
0.016,3.853493551,1.206179472
0.017,3.856016246,1.193395977
0.018,3.858441911,1.179767505
0.019,3.860770825,1.165217683
0.02,3.863003298,1.149662025
0.021,3.865139667,1.133005987
0.022,3.867180291,1.115143434
0.023,3.869125553,1.095956519
0.024,3.870975853,1.07531248
0.025,3.872731612,1.053064304
0.026,3.874393265,1.029046738
0.027,3.875961264,1.003077048
0.028,3.877436073,0.974951628
0.029,3.87881817,0.944446953
0.03,3.880108043,0.911317519
0.031,3.881306191,0.875298342
0.032,3.882413124,0.836107572
0.033,3.883429358,0.793449634
0.034,3.884355418,0.747027755
0.035,3.885191838,0.696557152
0.036,3.885939157,0.64178306
0.037,3.886597918,0.582509462
0.038,3.887168674,0.518638952
0.039,3.887651977,0.450201007
0.04,3.888048389,0.377409452
0.041,3.888358473,0.300682304
0.042,3.888582795,0.220669019
0.043,3.888721925,0.138242564
0.044,3.888776436,0.054457104
0.045,3.888746904,-0.029523419
0.046,3.888633905,-0.112521699
0.047,3.888438018,-0.193437642
0.048,3.888159826,-0.271331359
0.049,3.887799908,-0.345482987
0.05,3.88735885,-0.415392923
0.051,3.886837235,-0.480789705
0.052,3.886235647,-0.541586329
0.053,3.885554673,-0.597842385
0.054,3.884794898,-0.649727812
0.055,3.883956909,-0.697479599
0.056,3.883041291,-0.741377129
0.057,3.882048631,-0.781714662
0.058,3.880979515,-0.818789385
0.059,3.879834529,-0.852888487
0.06,3.878614259,-0.884283245
0.061,3.877319288,-0.913226631
0.062,3.875950202,-0.939948347
0.063,3.874507585,-0.964659064
0.064,3.872992019,-0.987549062
0.065,3.871404088,-1.008788367
0.066,3.869744371,-1.028531553
0.067,3.86801345,-1.046914961
0.068,3.866211905,-1.06406197
0.069,3.864340313,-1.080083218
0.07,3.862399252,-1.09507689
0.071,3.860389299,-1.109131422
0.072,3.858311027,-1.122326711
0.073,3.856165011,-1.134733389
0.074,3.853951822,-1.146416055
0.075,3.851672033,-1.157431879
0.076,3.849326212,-1.167833558
0.077,3.846914928,-1.177667776
0.078,3.844438746,-1.186977515
0.079,3.841898233,-1.195800905
0.08,3.839293952,-1.204173378
0.081,3.836626464,-1.212126889
0.082,3.83389633,-1.219690313
0.083,3.831104109,-1.226890236
0.084,3.828250358,-1.233750957
0.085,3.825335632,-1.240294719
0.086,3.822360484,-1.24654191
0.087,3.819325466,-1.252511153
0.088,3.816231129,-1.258219579
0.089,3.813078019,-1.263683332
0.09,3.809866684,-1.268916666
0.091,3.806597668,-1.273933277
0.092,3.803271514,-1.27874557
0.093,3.799888761,-1.283365276
0.094,3.796449949,-1.287802874
0.095,3.792955614,-1.29206848
0.096,3.789406291,-1.296171266
0.097,3.785802512,-1.300119915
0.098,3.782144808,-1.30392237
0.099,3.778433707,-1.30758618
0.1,3.774669737,-1.311118189
0.101,3.77085342,-1.314525185
0.102,3.76698528,-1.317813007
0.103,3.763065837,-1.3209875
0.104,3.759095608,-1.324054076
0.105,3.755075109,-1.327017698
0.106,3.751004853,-1.329883141
0.107,3.746885353,-1.332654724
0.108,3.742717117,-1.335336786
0.109,3.738500651,-1.337933249
0.11,3.734236462,-1.340447653
0.111,3.72992505,-1.342883748
0.112,3.725566917,-1.345244617
0.113,3.721162559,-1.347533571
0.114,3.716712472,-1.349753446
0.115,3.71221715,-1.351907021
0.116,3.707677083,-1.353997021
0.117,3.703092759,-1.356025933
0.118,3.698464665,-1.357996072
0.119,3.693793284,-1.359909765
0.12,3.689079098,-1.36176909
0.121,3.684322584,-1.363576194
0.122,3.679524221,-1.36533282
0.123,3.674684481,-1.367041001
0.124,3.669803837,-1.368702342
0.125,3.664882757,-1.370318614
0.126,3.659921709,-1.371891307
0.127,3.654921156,-1.373422034
0.128,3.649881561,-1.374912142
0.129,3.644803381,-1.376363143
0.13,3.639687076,-1.377776146
0.131,3.634533098,-1.379152614
0.132,3.629341899,-1.380493653
0.133,3.624113929,-1.381800395
0.134,3.618849635,-1.383073956
0.135,3.613549461,-1.384315406
0.136,3.608213848,-1.385525767
0.137,3.602843236,-1.386705952
0.138,3.597438062,-1.387856902
0.139,3.591998759,-1.388979552
0.14,3.58652576,-1.39007467
0.141,3.581019494,-1.391143118
0.142,3.575480386,-1.392185727
0.143,3.569908861,-1.393203169
0.144,3.564305341,-1.394196181
0.145,3.558670244,-1.395165502
0.146,3.553003987,-1.396111754
0.147,3.547306983,-1.397035623
0.148,3.541579644,-1.397937681
0.149,3.535822378,-1.398818565
0.15,3.530035591,-1.399678832
0.151,3.524219688,-1.40051899
0.152,3.518375068,-1.401339669
0.153,3.512502131,-1.40214128
0.154,3.506601273,-1.40292436
0.155,3.500672886,-1.403689425
0.156,3.494717361,-1.404436891
0.157,3.488735087,-1.405167187
0.158,3.482726449,-1.405880782
0.159,3.476691831,-1.406578048
0.16,3.470631613,-1.407259422
0.161,3.464546173,-1.407925278
0.162,3.458435887,-1.408575973
0.163,3.452301127,-1.409211907
0.164,3.446142264,-1.409833388
0.165,3.439959667,-1.410440741
0.166,3.433753699,-1.41103438
0.167,3.427524725,-1.411614507
0.168,3.421273105,-1.412181491
0.169,3.414999196,-1.412735639
0.17,3.408703354,-1.413277201
0.171,3.402385932,-1.413806466
0.172,3.39604728,-1.414323717
0.173,3.389687746,-1.414829201
0.174,3.383307675,-1.415323184
0.175,3.37690741,-1.4158059
0.176,3.370487293,-1.416277551
0.177,3.36404766,-1.416738451
0.178,3.357588847,-1.417188767
0.179,3.351111188,-1.417628703
0.18,3.344615013,-1.418058508
0.181,3.33810065,-1.418478376
0.182,3.331568426,-1.418888471
0.183,3.325018662,-1.419289069
0.184,3.318451682,-1.419680234
0.185,3.311867802,-1.420062274
0.186,3.305267339,-1.420435289
0.187,3.298650608,-1.420799442
0.188,3.292017918,-1.421154981
0.189,3.28536958,-1.421501972
0.19,3.278705901,-1.421840607
0.191,3.272027183,-1.422171099
0.192,3.26533373,-1.422493502
0.193,3.25862584,-1.422808041
0.194,3.251903812,-1.423114785
0.195,3.245167941,-1.423413907
0.196,3.238418518,-1.423705578
0.197,3.231655834,-1.423989879
0.198,3.224880178,-1.424266931
0.199,3.218091835,-1.424536893
0.2,3.211291089,-1.424799859
0.201,3.20447822,-1.425055983
0.202,3.197653509,-1.42530531
0.203,3.190817232,-1.425548009
0.204,3.183969662,-1.425784206
0.205,3.177111074,-1.426013917
0.206,3.170241736,-1.426237345
0.207,3.163361917,-1.426454523
0.208,3.156471882,-1.426665588
0.209,3.149571896,-1.426870589
0.21,3.142662218,-1.427069699
0.211,3.135743109,-1.427262922
0.212,3.128814826,-1.427450386
0.213,3.121877623,-1.427632193
0.214,3.114931753,-1.427808406
0.215,3.107977468,-1.427979083
0.216,3.101015014,-1.428144384
0.217,3.09404464,-1.428304284
0.218,3.087066589,-1.428458939
0.219,3.080081103,-1.428608401
0.22,3.073088424,-1.428752702
0.221,3.066088788,-1.428891992
0.222,3.059082432,-1.429026279
0.223,3.052069591,-1.429155631
0.224,3.045050496,-1.429280154
0.225,3.038025377,-1.429399892
0.226,3.030994462,-1.429514908
0.227,3.023957978,-1.429625244
0.228,3.016916149,-1.429730981
0.229,3.009869196,-1.429832199
0.23,3.00281734,-1.429928917
0.231,2.995760799,-1.430021211
0.232,2.988699789,-1.430109138
0.233,2.981634524,-1.430192753
0.234,2.974565218,-1.430272071
0.235,2.967492081,-1.430347186
0.236,2.96041532,-1.430418168
0.237,2.953335144,-1.430484992
0.238,2.946251756,-1.430547785
0.239,2.93916536,-1.43060654
0.24,2.932076158,-1.430661306
0.241,2.924984348,-1.430712168
0.242,2.917890127,-1.430759156
0.243,2.910793693,-1.430802258
0.244,2.903695238,-1.430841597
0.245,2.896594954,-1.43087718
0.246,2.889493032,-1.430909032
0.247,2.882389661,-1.430937197
0.248,2.875285027,-1.430961737
0.249,2.868179316,-1.430982656
0.25,2.86107271,-1.431000035
0.251,2.853965391,-1.431013878
0.252,2.846857539,-1.431024224
0.253,2.839749332,-1.431031114
0.254,2.832640947,-1.431034568
0.255,2.825532558,-1.431034646
0.256,2.818424339,-1.431031347
0.257,2.81131646,-1.431024748
0.258,2.804209092,-1.431014829
0.259,2.797102402,-1.431001666
0.26,2.789996558,-1.430985239
0.261,2.782891723,-1.430965641
0.262,2.775788062,-1.430942832
0.263,2.768685736,-1.430916886
0.264,2.761584905,-1.430887819
0.265,2.754485727,-1.430855665
0.266,2.747388359,-1.430820441
0.267,2.740292958,-1.430782142
0.268,2.733199675,-1.430740879
0.269,2.726108665,-1.43069657
0.27,2.719020076,-1.430649345
0.271,2.71193406,-1.430599121
0.272,2.704850762,-1.430546027
0.273,2.697770331,-1.430489979
0.274,2.690692909,-1.430431107
0.275,2.683618641,-1.430369346
0.276,2.676547668,-1.430304766
0.277,2.66948013,-1.430237379
0.278,2.662416167,-1.430167178
0.279,2.655355916,-1.430094212
0.28,2.648299513,-1.430018494
0.281,2.641247092,-1.429940054
0.282,2.634198786,-1.429858902
0.283,2.627154727,-1.42977505
0.284,2.620115047,-1.429688488
0.285,2.613079872,-1.429599325
0.286,2.606049332,-1.429507472
0.287,2.599023553,-1.429412998
0.288,2.592002659,-1.429315933
0.289,2.584986773,-1.429216287
0.29,2.577976019,-1.429114029
0.291,2.570970517,-1.429009227
0.292,2.563970387,-1.428901872
0.293,2.556975746,-1.428792012
0.294,2.549986713,-1.428679595
0.295,2.543003402,-1.428564711
0.296,2.536025928,-1.428447327
0.297,2.529054404,-1.428327473
0.298,2.522088943,-1.428205136
0.299,2.515129654,-1.428080385
0.3,2.508176648,-1.427953168
0.301,2.501230032,-1.427823553
0.302,2.494289913,-1.427691528
0.303,2.487356398,-1.42755708
0.304,2.48042959,-1.427420278
0.305,2.473509593,-1.427281089
0.306,2.466596509,-1.427139541
0.307,2.459690439,-1.426995641
0.308,2.452791483,-1.426849397
0.309,2.44589974,-1.426700816
0.31,2.439015307,-1.426549925
0.311,2.43213828,-1.426396733
0.312,2.425268755,-1.426241225
0.313,2.418406826,-1.426083429
0.314,2.411552586,-1.425923353
0.315,2.404706126,-1.425761024
0.316,2.397867537,-1.425596428
0.317,2.391036909,-1.425429572
0.318,2.384214331,-1.425260463
0.319,2.37739989,-1.425089129
0.32,2.370593672,-1.424915577
0.321,2.363795764,-1.424739771
0.322,2.357006248,-1.424561803
0.323,2.350225209,-1.424381595
0.324,2.343452729,-1.424199195
0.325,2.336688888,-1.424014633
0.326,2.329933767,-1.423827871
0.327,2.323187446,-1.423638917
0.328,2.316450002,-1.423447821
0.329,2.309721513,-1.423254545
0.33,2.303002054,-1.42305914
0.331,2.296291701,-1.42286157
0.332,2.289590529,-1.422661841
0.333,2.282898609,-1.422460025
0.334,2.276216015,-1.422256041
0.335,2.269542818,-1.422049941
0.336,2.262879089,-1.421841708
0.337,2.256224896,-1.421631394
0.338,2.249580308,-1.421418962
0.339,2.242945394,-1.421204395
0.34,2.236320218,-1.420987791
0.341,2.229704848,-1.420769044
0.342,2.223099348,-1.420548227
0.343,2.216503782,-1.420325327
0.344,2.209918214,-1.420100327
0.345,2.203342704,-1.419873302
0.346,2.196777315,-1.419644169
0.347,2.190222108,-1.419412956
0.348,2.18367714,-1.419179741
0.349,2.177142472,-1.418944416
0.35,2.170618162,-1.418707033
0.351,2.164104265,-1.418467647
0.352,2.157600839,-1.418226172
0.353,2.151107939,-1.417982661
0.354,2.14462562,-1.4177371
0.355,2.138153934,-1.417489542
0.356,2.131692935,-1.417239925
0.357,2.125242676,-1.416988256
0.358,2.118803207,-1.41673459
0.359,2.112374579,-1.416478887
0.36,2.105956842,-1.416221156
0.361,2.099550045,-1.415961405
0.362,2.093154235,-1.415699664
0.363,2.086769461,-1.415435871
0.364,2.080395769,-1.415170081
0.365,2.074033205,-1.414902278
0.366,2.067681815,-1.414632448
0.367,2.061341642,-1.414360645
0.368,2.05501273,-1.414086831
0.369,2.048695123,-1.413810988
0.37,2.042388862,-1.413533176
0.371,2.03609399,-1.413253328
0.372,2.029810546,-1.412971527
0.373,2.023538572,-1.412687684
0.374,2.017278107,-1.412401856
0.375,2.011029188,-1.412114077
0.376,2.004791855,-1.411824258
0.377,1.998566145,-1.411532456
0.378,1.992352094,-1.411238681
0.379,1.986149739,-1.410942892
0.38,1.979959114,-1.41064515
0.381,1.973780255,-1.410345387
0.382,1.967613196,-1.410043638
0.383,1.961457969,-1.409739939
0.384,1.955314608,-1.409434223
0.385,1.949183145,-1.409126525
0.386,1.943063611,-1.408816856
0.387,1.936956038,-1.408505172
0.388,1.930860454,-1.408191564
0.389,1.924776891,-1.40787591
0.39,1.918705377,-1.4075583
0.391,1.91264594,-1.407238718
0.392,1.906598608,-1.406917148
0.393,1.900563408,-1.406593601
0.394,1.894540368,-1.406268034
0.395,1.888529512,-1.405940539
0.396,1.882530867,-1.40561102
0.397,1.876544456,-1.405279568
0.398,1.870570306,-1.40494606
0.399,1.864608438,-1.404610643
0.4,1.858658877,-1.404273192
0.401,1.852721644,-1.403933801
0.402,1.846796763,-1.403592373
0.403,1.840884254,-1.403249001
0.404,1.834984138,-1.402903643
0.405,1.829096436,-1.402556283
0.406,1.823221167,-1.402206961
0.407,1.817358352,-1.401855606
0.408,1.811508008,-1.401502315
0.409,1.805670154,-1.401147015
0.41,1.799844808,-1.400789721
0.411,1.794031987,-1.400430444
0.412,1.788231707,-1.400069198
0.413,1.782443985,-1.399705939
0.414,1.776668837,-1.399340681
0.415,1.770906278,-1.398973437
0.416,1.765156322,-1.398604221
0.417,1.759418985,-1.398232958
0.418,1.753694279,-1.397859752
0.419,1.747982217,-1.397484558
0.42,1.742282814,-1.3971073
0.421,1.73659608,-1.396728114
0.422,1.730922028,-1.396346893
0.423,1.72526067,-1.395963653
0.424,1.719612015,-1.395578469
0.425,1.713976076,-1.395191205
0.426,1.708352861,-1.394801998
0.427,1.70274238,-1.394410772
0.428,1.697144643,-1.394017511
0.429,1.691559657,-1.393622294
0.43,1.685987433,-1.393224982
0.431,1.680427976,-1.392825745
0.432,1.674881294,-1.392424477
0.433,1.669347396,-1.392021129
0.434,1.663826286,-1.391615846
0.435,1.658317971,-1.391208518
0.436,1.652822457,-1.390799162
0.437,1.647339749,-1.390387794
0.438,1.641869852,-1.3899744
0.439,1.63641277,-1.389558999
0.44,1.630968508,-1.389141543
0.441,1.625537069,-1.388722081
0.442,1.620118456,-1.388300602
0.443,1.614712672,-1.387877088
0.444,1.60931972,-1.387451527
0.445,1.603939601,-1.38702397
0.446,1.598572318,-1.386594337
0.447,1.593217872,-1.386162679
0.448,1.587876263,-1.385729016
0.449,1.582547493,-1.385293267
0.45,1.577231561,-1.38485552
0.451,1.571928467,-1.384415725
0.452,1.566638211,-1.383973869
0.453,1.561360792,-1.383529972
0.454,1.556096208,-1.383084056
0.455,1.550844458,-1.382636071
0.456,1.545605539,-1.382186073
0.457,1.540379451,-1.381733944
0.458,1.535166189,-1.381279846
0.459,1.52996575,-1.380823694
0.46,1.524778132,-1.380365439
0.461,1.519603331,-1.379905139
0.462,1.514441342,-1.379442817
0.463,1.509292161,-1.378978423
0.464,1.504155784,-1.378511943
0.465,1.499032205,-1.378043437
0.466,1.493921419,-1.377572856
0.467,1.488823419,-1.377100259
0.468,1.483738201,-1.376625523
0.469,1.478665758,-1.376148746
0.47,1.473606082,-1.375669952
0.471,1.468559168,-1.375189016
0.472,1.463525007,-1.374706076
0.473,1.458503591,-1.374221081
0.474,1.453494914,-1.373733942
0.475,1.448498966,-1.373244799
0.476,1.443515739,-1.372753564
0.477,1.438545224,-1.372260262
0.478,1.433587412,-1.371764881
0.479,1.428642294,-1.371267408
0.48,1.423709859,-1.37076791
0.481,1.418790097,-1.370266335
0.482,1.413882998,-1.369762671
0.483,1.408988551,-1.369256945
0.484,1.404106745,-1.368749147
0.485,1.39923757,-1.368239223
0.486,1.394381012,-1.367727324
0.487,1.389537061,-1.367213276
0.488,1.384705703,-1.36669723
0.489,1.379886928,-1.366179011
0.49,1.375080721,-1.365658813
0.491,1.37028707,-1.365136501
0.492,1.365505961,-1.364612147
0.493,1.360737381,-1.364085699
0.494,1.355981316,-1.363557187
0.495,1.351237752,-1.3630266
0.496,1.346506673,-1.362494013
0.497,1.341788066,-1.361959287
0.498,1.337081915,-1.36142254
0.499,1.332388205,-1.360883719
0.5,1.327706921,-1.360342814
0.501,1.323038046,-1.359799901
0.502,1.318381564,-1.359254927
0.503,1.313737458,-1.358707926
0.504,1.309105713,-1.3581588
0.505,1.304486311,-1.357607672
0.506,1.299879234,-1.357054534
0.507,1.295284465,-1.356499331
0.508,1.290701986,-1.355942098
0.509,1.28613178,-1.355382782
0.51,1.281573827,-1.354821511
0.511,1.277028109,-1.354258184
0.512,1.272494606,-1.353692885
0.513,1.267973301,-1.353125466
0.514,1.263464172,-1.352556152
0.515,1.2589672,-1.351984795
0.516,1.254482365,-1.351411435
0.517,1.250009647,-1.350836062
0.518,1.245549024,-1.350258766
0.519,1.241100477,-1.349679395
0.52,1.236663982,-1.349098182
0.521,1.23223952,-1.34851488
0.522,1.227827067,-1.347929724
0.523,1.223426602,-1.347342562
0.524,1.219038102,-1.346753485
0.525,1.214661544,-1.346162488
0.526,1.210296906,-1.345569515
0.527,1.205944163,-1.34497471
0.528,1.201603292,-1.344377968
0.529,1.197274269,-1.343779335
0.53,1.192957069,-1.343178855
0.531,1.188651668,-1.342576474
0.532,1.184358041,-1.341972239
0.533,1.180076162,-1.341366197
0.534,1.175806005,-1.340758345
0.535,1.171547544,-1.34014868
0.536,1.167300753,-1.339537198
0.537,1.163065605,-1.33892395
0.538,1.158842073,-1.338308933
0.539,1.154630129,-1.337692199
0.54,1.150429745,-1.337073745
0.541,1.146240893,-1.336453571
0.542,1.142063544,-1.33583173
0.543,1.137897669,-1.335208222
0.544,1.133743238,-1.3345831
0.545,1.129600222,-1.333956312
0.546,1.125468589,-1.333328021
0.547,1.121348309,-1.332698121
0.548,1.117239351,-1.332066668
0.549,1.113141683,-1.331433719
0.55,1.109055271,-1.330799391
0.551,1.104980085,-1.330163461
0.552,1.100916089,-1.329526273
0.553,1.096863251,-1.328887605
0.554,1.092821535,-1.328247689
0.555,1.088790907,-1.327606418
0.556,1.084771332,-1.326963855
0.557,1.080762772,-1.326320181
0.558,1.07676519,-1.325675347
0.559,1.07277855,-1.325029303
0.56,1.068802814,-1.324382175
0.561,1.064837941,-1.323734152
0.562,1.060883892,-1.323085126
0.563,1.056940627,-1.322435169
0.564,1.053008105,-1.321784353
0.565,1.049086283,-1.321132814
0.566,1.045175118,-1.320480567
0.567,1.041274566,-1.319827689
0.568,1.037384582,-1.319174257
0.569,1.033505119,-1.318520416
0.57,1.029636132,-1.317866058
0.571,1.025777571,-1.317211517
0.572,1.021929386,-1.316556816
0.573,1.018091528,-1.315901915
0.574,1.014263943,-1.315247156
0.575,1.010446578,-1.314592501
0.576,1.006639378,-1.313938108
0.577,1.002842286,-1.313284135
0.578,0.999055243,-1.312630743
0.579,0.995278188,-1.311978098
0.58,0.99151106,-1.311326235
0.581,0.987753792,-1.310675586
0.582,0.984006319,-1.310026062
0.583,0.980268571,-1.309378036
0.584,0.976540475,-1.308731755
0.585,0.972821956,-1.308087403
0.586,0.969112936,-1.307445234
0.587,0.965413332,-1.306805643
0.588,0.96172306,-1.306168758
0.589,0.958042027,-1.305535256
0.59,0.954370141,-1.304905138
0.591,0.950707301,-1.304279097
0.592,0.947053401,-1.303657558
0.593,0.943408329,-1.303041023
0.594,0.939771967,-1.302430001
0.595,0.936144185,-1.301825432
0.596,0.932524847,-1.301227845
0.597,0.928913806,-1.300638133
0.598,0.9253109,-1.300057487
0.599,0.921715954,-1.29948697
0.6,0.918128775,-1.29892802
0.601,0.914549148,-1.298382386
0.602,0.910976832,-1.297852125
0.603,0.907411533,-1.297341292
0.604,0.903852907,-1.296853769
0.605,0.90030056,-1.296393482
0.606,0.896754045,-1.295964609
0.607,0.893212854,-1.295571952
0.608,0.889676417,-1.295220408
0.609,0.886144075,-1.294916892
0.61,0.882615062,-1.294669671
0.611,0.879088445,-1.29449147
0.612,0.875563006,-1.294403775
0.613,0.872036771,-1.294463038
0.614,0.868513076,-1.294273844
0.615,0.864995962,-1.293782477
0.616,0.861489646,-1.292972553
0.617,0.857998362,-1.291837339
0.618,0.854526267,-1.290374994
0.619,0.851077334,-1.288589874
0.62,0.847655227,-1.286494524
0.621,0.844263168,-1.284111278
0.622,0.840903841,-1.281470549
0.623,0.837579346,-1.278607982
0.624,0.834291238,-1.275558282
0.625,0.831040607,-1.272351959
0.626,0.827828184,-1.269012812
0.627,0.824654443,-1.265557656
0.628,0.821519676,-1.261998057
0.629,0.818424048,-1.258341614
0.63,0.815367638,-1.254592841
0.631,0.812350459,-1.250754863
0.632,0.809372474,-1.24682964
0.633,0.806433609,-1.242818133
0.634,0.803533754,-1.238721449
0.635,0.800672773,-1.234539869
0.636,0.797850503,-1.230273966
0.637,0.795066761,-1.225923728
0.638,0.792321345,-1.221489176
0.639,0.789614033,-1.216970606
0.64,0.786944589,-1.212367755
0.641,0.784312761,-1.20768074
0.642,0.781718284,-1.202909447
0.643,0.77916088,-1.1980539
0.644,0.776640263,-1.193113592
0.645,0.774156133,-1.188088943
0.646,0.771708182,-1.182979701
0.647,0.769296094,-1.17778573
0.648,0.766919544,-1.172507164
0.649,0.7645782,-1.167143979
0.65,0.762271724,-1.161696124
0.651,0.759999773,-1.156163506
0.652,0.757761995,-1.150546814
0.653,0.755558036,-1.144845735
0.654,0.753387537,-1.139060566
0.655,0.751250134,-1.133191748
0.656,0.74914546,-1.127239508
0.657,0.747073144,-1.121204385
0.658,0.745032814,-1.115086496
0.659,0.743024093,-1.108886853
0.66,0.741046602,-1.102606048
0.661,0.739099963,-1.09624419
0.662,0.737183793,-1.089802755
0.663,0.735297709,-1.083282339
0.664,0.733441326,-1.07668411
0.665,0.73161426,-1.070008714
0.666,0.729816125,-1.063257615
0.667,0.728046534,-1.056432219
0.668,0.726305101,-1.049533605
0.669,0.724591441,-1.042562975
0.67,0.722905165,-1.035522966
0.671,0.72124589,-1.02841381
0.672,0.719613229,-1.021238479
0.673,0.718006797,-1.013998543
0.674,0.716426212,-1.006695409
0.675,0.71487109,-0.999332042
0.676,0.713341049,-0.991910448
0.677,0.71183571,-0.984432453
0.678,0.710354692,-0.976901555
0.679,0.708897619,-0.969319253
0.68,0.707464115,-0.961688732
0.681,0.706053804,-0.954013367
0.682,0.704666315,-0.946295018
0.683,0.703301277,-0.938537332
0.684,0.701958321,-0.930743437
0.685,0.700637081,-0.922916227
0.686,0.699337192,-0.915059434
0.687,0.698058291,-0.907176572
0.688,0.69680002,-0.899270111
0.689,0.695562019,-0.891345314
0.69,0.694343934,-0.883404462
0.691,0.693145411,-0.875452283
0.692,0.6919661,-0.867492001
0.693,0.690805654,-0.859527302
0.694,0.689663726,-0.851563239
0.695,0.688539974,-0.843602803
0.696,0.687434059,-0.835649874
0.697,0.686345642,-0.827709747
0.698,0.685274389,-0.819785519
0.699,0.684219968,-0.811881672
0.7,0.683182049,-0.804002742
0.701,0.682160308,-0.796151352
0.702,0.68115442,-0.788333513
0.703,0.680164064,-0.780552837
0.704,0.679188923,-0.772812891
0.705,0.678228682,-0.765118234
0.706,0.677283029,-0.7574729
0.707,0.676351655,-0.749880889
0.708,0.675434254,-0.742346156
0.709,0.674530524,-0.734872057
0.71,0.673640163,-0.727464092
0.711,0.672762875,-0.72012439
0.712,0.671898365,-0.712857784
0.713,0.671046343,-0.705666769
0.714,0.67020652,-0.69855604
0.715,0.669378611,-0.691528478
0.716,0.668562333,-0.68458804
0.717,0.667757408,-0.677736785
0.718,0.66696356,-0.670978449
0.719,0.666180515,-0.664316686
0.72,0.665408002,-0.657754428
0.721,0.664645756,-0.651292591
0.722,0.663893511,-0.644936361
0.723,0.663151006,-0.638687027
0.724,0.662417984,-0.632546348
0.725,0.661694188,-0.626518556
0.726,0.660979367,-0.620603842
0.727,0.660273271,-0.614805533
0.728,0.659575654,-0.609124844
0.729,0.658886273,-0.603563509
0.73,0.658204886,-0.598124487
0.731,0.657531258,-0.592806516
0.732,0.656865152,-0.587614349
0.733,0.656206338,-0.582546421
0.734,0.655554587,-0.577605167
0.735,0.654909673,-0.572791512
0.736,0.654271373,-0.568106244
0.737,0.653639467,-0.563550021
0.738,0.653013737,-0.559124087
0.739,0.65239397,-0.554827406
0.74,0.651779955,-0.550660963
0.741,0.651171481,-0.546627095
0.742,0.650568345,-0.542722193
0.743,0.649970342,-0.538949824
0.744,0.649377273,-0.53530759
0.745,0.64878894,-0.531796653
0.746,0.648205149,-0.528415852
0.747,0.647625708,-0.525165404
0.748,0.647050427,-0.522045433
0.749,0.64647912,-0.519054463
0.75,0.645911605,-0.51619091
0.751,0.645347699,-0.513456878
0.752,0.644787224,-0.51084985
0.753,0.644230006,-0.508367966
0.754,0.643675871,-0.506012331
0.755,0.643124648,-0.50378169
0.756,0.642576171,-0.501673169
0.757,0.642030274,-0.499687658
0.758,0.641486795,-0.497822903
0.759,0.640945575,-0.496077347
0.76,0.640406455,-0.494451687
0.761,0.639869281,-0.492942695
0.762,0.639333902,-0.49154862
0.763,0.638800167,-0.49026999
0.764,0.63826793,-0.489103391
0.765,0.637737045,-0.488049247
0.766,0.637207371,-0.487104037
0.767,0.636678769,-0.486266528
0.768,0.6361511,-0.48553701
0.769,0.635624231,-0.484911039
0.77,0.635098028,-0.484389602
0.771,0.634572362,-0.483968955
0.772,0.634047106,-0.483647666
0.773,0.633522133,-0.483425835
0.774,0.632997322,-0.483298827
0.775,0.632472551,-0.483267465
0.776,0.631947703,-0.483327837
0.777,0.631422661,-0.483479926
0.778,0.630897312,-0.483720554
0.779,0.630371544,-0.484048869
0.78,0.629845249,-0.484461649
0.781,0.629318318,-0.484959566
0.782,0.628790649,-0.48553701
0.783,0.628262137,-0.486196181
0.784,0.627732683,-0.48693222
0.785,0.627202188,-0.487744947
0.786,0.626670556,-0.488631823
0.787,0.626137693,-0.489591078
0.788,0.625603508,-0.490620154
0.789,0.62506791,-0.491718817
0.79,0.624530812,-0.492883712
0.791,0.623992128,-0.494113812
0.792,0.623451774,-0.495407302
0.793,0.622909668,-0.496762363
0.794,0.622365731,-0.498176402
0.795,0.621819885,-0.499648366
0.796,0.621272054,-0.501176427
0.797,0.620722165,-0.502757986
0.798,0.620170145,-0.504392752
0.799,0.619615923,-0.50607889
0.8,0.619059433,-0.507812278
0.801,0.618500607,-0.509594147
0.802,0.61793938,-0.511421908
0.803,0.617375691,-0.513292218
0.804,0.616809478,-0.515205543
0.805,0.616240681,-0.517160065
0.806,0.615669244,-0.519152468
0.807,0.61509511,-0.521183214
0.808,0.614518225,-0.523249753
0.809,0.613938538,-0.52534955
0.81,0.613355997,-0.527483074
0.811,0.612770553,-0.5296478
0.812,0.612182159,-0.531841967
0.813,0.611590769,-0.534064564
0.814,0.610996338,-0.536314585
0.815,0.610398824,-0.538589554
0.816,0.609798187,-0.540887751
0.817,0.609194385,-0.5432104
0.818,0.608587381,-0.545553591
0.819,0.607977139,-0.547916367
0.82,0.607363623,-0.550298504
0.821,0.6067468,-0.552697605
0.822,0.606126637,-0.555113459
0.823,0.605503103,-0.557544418
0.824,0.604876168,-0.559989566
0.825,0.604245806,-0.562445847
0.826,0.603611988,-0.564915234
0.827,0.602974689,-0.567394694
0.828,0.602333885,-0.569883357
0.829,0.601689553,-0.572380361
0.83,0.601041672,-0.574884147
0.831,0.600390221,-0.57739458
0.832,0.599735181,-0.579910123
0.833,0.599076533,-0.582430655
0.834,0.598414262,-0.584953273
0.835,0.597748351,-0.587479267
0.836,0.597078786,-0.590006459
0.837,0.596405554,-0.592534072
0.838,0.595728642,-0.595062027
0.839,0.59504804,-0.597588195
0.84,0.594363736,-0.600113879
0.841,0.593675723,-0.602635613
0.842,0.592983991,-0.605155391
0.843,0.592288535,-0.607669785
0.844,0.591589348,-0.610180118
0.845,0.590886425,-0.612685017
0.846,0.590179762,-0.615183793
0.847,0.589469356,-0.617675769
0.848,0.588755205,-0.620160278
0.849,0.588037307,-0.622637321
0.85,0.587315662,-0.625105585
0.851,0.586590271,-0.627564433
0.852,0.585861135,-0.630013888
0.853,0.585128256,-0.632453323
0.854,0.584391638,-0.634881474
0.855,0.583651283,-0.637299678
0.856,0.582907197,-0.639705392
0.857,0.582159385,-0.642099317
0.858,0.581407853,-0.644480868
0.859,0.580652608,-0.646849466
0.86,0.579893657,-0.649205179
0.861,0.579131009,-0.651546808
0.862,0.578364674,-0.653873804
0.863,0.577594659,-0.656188135
0.864,0.576820977,-0.658486114
0.865,0.576043637,-0.660770342
0.866,0.575262652,-0.663038411
0.867,0.574478033,-0.665291666
0.868,0.573689794,-0.667528346
0.869,0.572897948,-0.669749177
0.87,0.572102509,-0.67195365
0.871,0.571303492,-0.674141264
0.872,0.570500911,-0.676312742
0.873,0.569694782,-0.67846698
0.874,0.568885122,-0.680603493
0.875,0.568071946,-0.682723611
0.876,0.567255274,-0.684824445
0.877,0.56643512,-0.686909726
0.878,0.565611505,-0.688975386
0.879,0.564784447,-0.691023353
0.88,0.563953964,-0.693053752
0.881,0.563120076,-0.695065531
0.882,0.562282803,-0.697058825
0.883,0.561442165,-0.699033769
0.884,0.560598183,-0.700989913
0.885,0.559750878,-0.702927396
0.886,0.558900271,-0.704846353
0.887,0.558046385,-0.706745766
0.888,0.55718924,-0.708627507
0.889,0.55632886,-0.710489407
0.89,0.555465268,-0.712332187
0.891,0.554598486,-0.714156558
0.892,0.553728538,-0.715961516
0.893,0.552855448,-0.717747205
0.894,0.55197924,-0.719513767
0.895,0.551099938,-0.721261342
0.896,0.550217567,-0.722989507
0.897,0.549332151,-0.724698964
0.898,0.548443715,-0.726389291
0.899,0.547552286,-0.728059511
0.9,0.546657888,-0.729711439
0.901,0.545760547,-0.731344097
0.902,0.544860289,-0.732957625
0.903,0.54395714,-0.734552159
0.904,0.543051128,-0.736126737
0.905,0.542142278,-0.737683144
0.906,0.541230616,-0.739220961
0.907,0.540316171,-0.740738686
0.908,0.539398969,-0.742238089
0.909,0.538479037,-0.743718755
0.91,0.537556403,-0.745180273
0.911,0.536631095,-0.746622777
0.912,0.535703139,-0.748047469
0.913,0.534772565,-0.749452328
0.914,0.533839399,-0.750839625
0.915,0.53290367,-0.752207878
0.916,0.531965406,-0.753557746
0.917,0.531024635,-0.754889349
0.918,0.530081385,-0.756202808
0.919,0.529135686,-0.757497183
0.92,0.528187566,-0.758773653
0.921,0.527237052,-0.760032856
0.922,0.526284174,-0.761273329
0.923,0.525328961,-0.762495713
0.924,0.524371442,-0.76370012
0.925,0.523411644,-0.764887701
0.926,0.522449598,-0.766056483
0.927,0.521485331,-0.767208651
0.928,0.520518874,-0.768342236
0.929,0.519550254,-0.769459413
0.93,0.518579502,-0.770558218
0.931,0.517606646,-0.771640298
0.932,0.516631715,-0.772705237
0.933,0.515654738,-0.773753132
0.934,0.514675744,-0.774784078
0.935,0.513694763,-0.77579766
0.936,0.512711824,-0.77679448
0.937,0.511726955,-0.777775138
0.938,0.510740186,-0.778738706
0.939,0.509751545,-0.779686285
0.94,0.508761062,-0.780616948
0.941,0.507768766,-0.781531287
0.942,0.506774686,-0.782429385
0.943,0.505778851,-0.783311321
0.944,0.504781289,-0.784177676
0.945,0.503782029,-0.785028026
0.946,0.502781102,-0.785861449
0.947,0.501778534,-0.786680516
0.948,0.500774355,-0.787483303
0.949,0.499768594,-0.788270382
0.95,0.498761279,-0.789042319
0.951,0.49775244,-0.789798189
0.952,0.496742103,-0.790540042
0.953,0.495730299,-0.791265467
0.954,0.494717055,-0.791976506
0.955,0.493702399,-0.792672726
0.956,0.49268636,-0.793353695
0.957,0.491668967,-0.794019473
0.958,0.490650247,-0.7946711
0.959,0.489630227,-0.795308632
0.96,0.488608938,-0.795930162
0.961,0.487586405,-0.796538683
0.962,0.486562657,-0.797132287
0.963,0.485537721,-0.797712004
0.964,0.484511625,-0.798277394
0.965,0.483484397,-0.798828504
0.966,0.482456064,-0.799365869
0.967,0.481426654,-0.799889046
0.968,0.480396193,-0.80039905
0.969,0.479364708,-0.800895437
0.97,0.478332227,-0.801377764
0.971,0.477298777,-0.801846556
0.972,0.476264383,-0.802302816
0.973,0.475229074,-0.802744649
0.974,0.474192875,-0.803174023
0.975,0.473155814,-0.803589524
0.976,0.472117915,-0.803993114
0.977,0.471079206,-0.804382898
0.978,0.470039713,-0.80475987
0.979,0.468999461,-0.80512454
0.98,0.467958477,-0.805475975
0.981,0.466916787,-0.805814685
0.982,0.465874415,-0.806141653
0.983,0.464831387,-0.806455946
0.984,0.463787729,-0.806757589
0.985,0.462743466,-0.807047083
0.986,0.461698624,-0.807323972
0.987,0.460653226,-0.807589711
0.988,0.459607299,-0.807842409
0.989,0.458560866,-0.808083995
0.99,0.457513952,-0.808313532
0.991,0.456466583,-0.808530559
0.992,0.455418781,-0.808737002
0.993,0.454370572,-0.808930967
0.994,0.45332198,-0.809113422
0.995,0.452273027,-0.809285333
0.996,0.451223739,-0.809444808
0.997,0.450174139,-0.809593285
0.998,0.44912425,-0.809730775
0.999,0.448074096,-0.809856813
1,0.4470237,-0.809971883
1.001,0.445973085,-0.810075992
1.002,0.444922294,-0.810159643
1.003,0.443871384,-0.810216194
1.004,0.442820421,-0.810241379
1.005,0.441769479,-0.8102314
1.006,0.440718636,-0.810184355
1.007,0.439667971,-0.810099758
1.008,0.438617565,-0.809976637
1.009,0.437567499,-0.809814963
1.01,0.436517852,-0.809615648
1.011,0.435468701,-0.809379596
1.012,0.434420123,-0.809106754
1.013,0.43337219,-0.808799442
1.014,0.432324973,-0.808458069
1.015,0.431278539,-0.808084472
1.016,0.430232956,-0.807678099
1.017,0.429188284,-0.807242691
1.018,0.428144586,-0.806776734
1.019,0.427101918,-0.806283494
1.02,0.426060335,-0.805763366
1.021,0.425019892,-0.805216264
1.022,0.423980639,-0.804644502
1.023,0.422942624,-0.804048955
1.024,0.421905894,-0.803430018
1.025,0.420870495,-0.802788086
1.026,0.41983647,-0.80212452
1.027,0.418803858,-0.801441167
1.028,0.417772701,-0.800736494
1.029,0.416743036,-0.800012835
1.03,0.415714899,-0.799270597
1.031,0.414688326,-0.798509696
1.032,0.41366335,-0.797731511
1.033,0.412640004,-0.796935965
1.034,0.411618319,-0.796123953
1.035,0.410598324,-0.795296379
1.036,0.409580048,-0.794453169
1.037,0.40856352,-0.793594246
1.038,0.407548764,-0.792721996
1.039,0.406535808,-0.79183438
1.04,0.405524675,-0.790933792
1.041,0.404515389,-0.790019673
1.042,0.403507972,-0.789092944
1.043,0.402502447,-0.788153046
1.044,0.401498834,-0.787201404
1.045,0.400497154,-0.786237458
1.046,0.399497425,-0.785262645
1.047,0.398499666,-0.784276407
1.048,0.397503895,-0.783279186
1.049,0.396510128,-0.782271931
1.05,0.395518383,-0.78125358
1.051,0.394528674,-0.780226096
1.052,0.393541017,-0.779188419
1.053,0.392555426,-0.778141509
1.054,0.391571915,-0.777085318
1.055,0.390590497,-0.776020306
1.056,0.389611184,-0.774946938
1.057,0.388633988,-0.77386517
1.058,0.387658921,-0.772774958
1.059,0.386685994,-0.771676773
1.06,0.385715216,-0.770571603
1.061,0.384746599,-0.769457865
1.062,0.383780151,-0.768337583
1.063,0.382815881,-0.767210205
1.064,0.381853797,-0.766076217
1.065,0.380893909,-0.764934545
1.066,0.379936223,-0.763787235
1.067,0.378980746,-0.762633739
1.068,0.378027486,-0.761473503
1.069,0.377076449,-0.760307545
1.07,0.37612764,-0.759136364
1.071,0.375181066,-0.757958882
1.072,0.374236732,-0.756776127
1.073,0.373294642,-0.755588605
1.074,0.372354802,-0.754395233
1.075,0.371417216,-0.75319705
1.076,0.370481888,-0.751994036
1.077,0.369548821,-0.750786704
1.078,0.368618019,-0.749574503
1.079,0.367689486,-0.748357412
1.08,0.366763223,-0.747137025
1.081,0.365839234,-0.745911716
1.082,0.364917521,-0.744682544
1.083,0.363998087,-0.743448955
1.084,0.363080932,-0.742212562
1.085,0.362166059,-0.740971725
1.086,0.361253469,-0.739727519
1.087,0.360343163,-0.738479934
1.088,0.359435143,-0.737228413
1.089,0.358529409,-0.73597404
1.09,0.357625961,-0.734716811
1.091,0.3567248,-0.733456168
1.092,0.355825927,-0.732192101
1.093,0.354929341,-0.730925709
1.094,0.354035043,-0.729655879
1.095,0.353143031,-0.728384272
1.096,0.352253306,-0.727109216
1.097,0.351365867,-0.725831819
1.098,0.350480713,-0.724552081
1.099,0.349597843,-0.723269999
1.1,0.348717256,-0.721985571
1.101,0.347838952,-0.72069823
1.102,0.346962928,-0.71940967
1.103,0.346089183,-0.718118761
1.104,0.345217716,-0.716825502
1.105,0.344348526,-0.71552989
1.106,0.343481609,-0.714233638
1.107,0.342616965,-0.712934466
1.108,0.341754592,-0.711633515
1.109,0.340894486,-0.710331938
1.11,0.340036647,-0.70902744
1.111,0.339181072,-0.707721748
1.112,0.338327758,-0.706414868
1.113,0.337476703,-0.705106227
1.114,0.336627904,-0.703796409
1.115,0.335781359,-0.702484836
1.116,0.334937065,-0.701172096
1.117,0.33409502,-0.699857609
1.118,0.333255219,-0.698543139
1.119,0.332417662,-0.69722576
1.12,0.331582343,-0.695909001
1.121,0.330749261,-0.69458993
1.122,0.329918411,-0.693270911
1.123,0.329089792,-0.691949588
1.124,0.3282634,-0.690627742
1.125,0.32743923,-0.68930598
1.126,0.326617281,-0.687981928
1.127,0.325797548,-0.686657978
1.128,0.324980028,-0.685332947
1.129,0.324164718,-0.68400684
1.13,0.323351613,-0.682680871
1.131,0.322540711,-0.681353242
1.132,0.321732007,-0.680025771
1.133,0.320925498,-0.678697262
1.134,0.32012118,-0.677368329
1.135,0.31931905,-0.676038374
1.136,0.318519103,-0.674708624
1.137,0.317721335,-0.673378484
1.138,0.316925743,-0.672047352
1.139,0.316132323,-0.670715849
1.14,0.315341071,-0.669383987
1.141,0.314551982,-0.668052393
1.142,0.313765053,-0.666719848
1.143,0.31298028,-0.665386977
1.144,0.312197658,-0.664054414
1.145,0.311417184,-0.662720929
1.146,0.310638853,-0.661387776
1.147,0.309862661,-0.660054348
1.148,0.309088604,-0.658720654
1.149,0.308316677,-0.657387335
1.15,0.307546877,-0.656053149
1.151,0.3067792,-0.654718733
1.152,0.30601364,-0.653385361
1.153,0.305250194,-0.652051156
1.154,0.304488857,-0.650717394
1.155,0.303729625,-0.649383454
1.156,0.302972494,-0.648049349
1.157,0.302217459,-0.646715729
1.158,0.301464516,-0.64538197
1.159,0.300713661,-0.644048084
1.16,0.299964888,-0.642715366
1.161,0.299218195,-0.641381267
1.162,0.298473576,-0.640048364
1.163,0.297731026,-0.638716034
1.164,0.296990542,-0.637382999
1.165,0.296252119,-0.636050564
1.166,0.295515753,-0.634718094
1.167,0.294781438,-0.633386903
1.168,0.294049171,-0.632055057
1.169,0.293318947,-0.63072387
1.17,0.292590761,-0.629393357
1.171,0.29186461,-0.628062225
1.172,0.291140488,-0.62673245
1.173,0.290418391,-0.625402739
1.174,0.289698314,-0.624073762
1.175,0.288980253,-0.622744876
1.176,0.288264204,-0.621416094
1.177,0.287550161,-0.620088751
1.178,0.286838121,-0.618760879
1.179,0.286128078,-0.61743448
1.18,0.285420029,-0.616107576
1.181,0.284713968,-0.614782177
1.182,0.284009892,-0.6134563
1.183,0.283307794,-0.612132631
1.184,0.282607672,-0.610807839
1.185,0.28190952,-0.609484619
1.186,0.281213334,-0.608161644
1.187,0.280519109,-0.606839601
1.188,0.279826841,-0.605517831
1.189,0.279136525,-0.604197024
1.19,0.278448157,-0.602876518
1.191,0.277761731,-0.601557686
1.192,0.277077244,-0.600238504
1.193,0.27639469,-0.598921029
1.194,0.275714066,-0.59760323
1.195,0.275035366,-0.596287171
1.196,0.274358587,-0.594970814
1.197,0.273683723,-0.59365623
1.198,0.27301077,-0.592342063
1.199,0.272339723,-0.591029014
1.2,0.271670579,-0.58971572
1.201,0.271003331,-0.588404957
1.202,0.270337976,-0.587093977
1.203,0.269674509,-0.585784177
1.204,0.269012926,-0.584474879
1.205,0.268353222,-0.583166793
1.206,0.267695393,-0.581859238
1.207,0.267039433,-0.580553624
1.208,0.266385339,-0.57924787
1.209,0.265733105,-0.577944092
1.21,0.265082728,-0.576640201
1.211,0.264434203,-0.575337615
1.212,0.263787525,-0.574036349
1.213,0.263142689,-0.572736422
1.214,0.262499692,-0.571436434
1.215,0.261858528,-0.570138521
1.216,0.261219194,-0.568840574
1.217,0.260581684,-0.567544735
1.218,0.259945994,-0.566249601
1.219,0.25931212,-0.564955184
1.22,0.258680057,-0.563662212
1.221,0.258049801,-0.562369986
1.222,0.257421347,-0.561079236
1.223,0.25679469,-0.559789979
1.224,0.256169826,-0.558501512
1.225,0.255546752,-0.557213128
1.226,0.254925461,-0.555927722
1.227,0.25430595,-0.554642428
1.228,0.253688214,-0.553358703
1.229,0.25307225,-0.552075114
1.23,0.252458051,-0.550794575
1.231,0.251845614,-0.549514199
1.232,0.251234935,-0.548234726
1.233,0.250626009,-0.546956898
1.234,0.250018832,-0.545680001
1.235,0.249413398,-0.544405511
1.236,0.248809705,-0.543130518
1.237,0.248207746,-0.541858697
1.238,0.247607519,-0.540586395
1.239,0.247009018,-0.539316565
1.24,0.246412239,-0.538047752
1.241,0.245817178,-0.536779968
1.242,0.24522383,-0.535513967
1.243,0.244632191,-0.534249023
1.244,0.244042256,-0.532985893
1.245,0.243454022,-0.531723106
1.246,0.242867484,-0.53046216
1.247,0.242282637,-0.529203072
1.248,0.241699477,-0.527945112
1.249,0.241118,-0.526688293
1.25,0.240538201,-0.525433376
1.251,0.239960077,-0.524178879
1.252,0.239383622,-0.522927063
1.253,0.238808832,-0.521676445
1.254,0.238235704,-0.520426284
1.255,0.237664233,-0.519178098
1.256,0.237094414,-0.517931904
1.257,0.236526243,-0.516686961
1.258,0.235959716,-0.515443282
1.259,0.235394829,-0.514200881
1.26,0.234831577,-0.512960529
1.261,0.234269956,-0.511721483
1.262,0.233709962,-0.510483754
1.263,0.233151591,-0.509247357
1.264,0.232594838,-0.508013068
1.265,0.232039699,-0.506780137
1.266,0.23148617,-0.505548578
1.267,0.230934246,-0.50431917
1.268,0.230383924,-0.503090394
1.269,0.229835199,-0.501863797
1.27,0.229288066,-0.500639395
1.271,0.228742523,-0.499414891
1.272,0.228198564,-0.498193379
1.273,0.227656185,-0.496973333
1.274,0.227115383,-0.495753991
1.275,0.226576153,-0.494536912
1.276,0.22603849,-0.493322112
1.277,0.225502391,-0.492108054
1.278,0.224967852,-0.490895524
1.279,0.224434867,-0.489686093
1.28,0.223903435,-0.488475881
1.281,0.223373549,-0.487269575
1.282,0.222845206,-0.486064071
1.283,0.222318402,-0.48486016
1.284,0.221793132,-0.483658639
1.285,0.221269393,-0.482457954
1.286,0.220747181,-0.481258899
1.287,0.220226491,-0.480062275
1.288,0.219707319,-0.478867308
1.289,0.219189662,-0.477673223
1.29,0.218673514,-0.476482397
1.291,0.218158873,-0.475291687
1.292,0.217645734,-0.474103474
1.293,0.217134093,-0.47291698
1.294,0.216623945,-0.471733012
1.295,0.216115288,-0.4705492
1.296,0.215608116,-0.469368734
1.297,0.215102427,-0.468188445
1.298,0.214598215,-0.467011529
1.299,0.214095477,-0.465835609
1.3,0.213594208,-0.464662294
1.301,0.213094406,-0.463489196
1.302,0.212596065,-0.462319528
1.303,0.212099182,-0.461150901
1.304,0.211603754,-0.459983324
1.305,0.211109774,-0.458820022
1.306,0.210617241,-0.457656185
1.307,0.21012615,-0.456495042
1.308,0.209636497,-0.455335799
1.309,0.209148278,-0.454178468
1.31,0.20866149,-0.453022254
1.311,0.208176127,-0.451869593
1.312,0.207692187,-0.45071726
1.313,0.207209665,-0.449567698
1.314,0.206728558,-0.448419294
1.315,0.206248862,-0.447272872
1.316,0.205770572,-0.446129256
1.317,0.205293685,-0.444986833
1.318,0.204818197,-0.443846425
1.319,0.204344104,-0.442708046
1.32,0.203871403,-0.441570888
1.321,0.203400089,-0.440436598
1.322,0.202930159,-0.439303551
1.323,0.202461608,-0.438173396
1.324,0.201994433,-0.437044505
1.325,0.201528631,-0.435916888
1.326,0.201064197,-0.434792198
1.327,0.200601127,-0.433669625
1.328,0.200139418,-0.432548357
1.329,0.199679066,-0.431429227
1.33,0.199220067,-0.430312247
1.331,0.198762417,-0.429197427
1.332,0.198306113,-0.428083952
1.333,0.197851151,-0.426972658
1.334,0.197397527,-0.425863557
1.335,0.196945237,-0.424756659
1.336,0.196494278,-0.423651145
1.337,0.196044646,-0.422547855
1.338,0.195596337,-0.4214468
1.339,0.195149347,-0.42034799
1.34,0.194703673,-0.419250603
1.341,0.194259311,-0.418155482
1.342,0.193816257,-0.417062638
1.343,0.193374508,-0.415971244
1.344,0.19293406,-0.414882148
1.345,0.19249491,-0.41379452
1.346,0.192057052,-0.412710887
1.347,0.191620485,-0.411627065
1.348,0.191185204,-0.41054642
1.349,0.190751206,-0.409467282
1.35,0.190318487,-0.408390501
1.351,0.189887043,-0.407316088
1.352,0.189456871,-0.406243209
1.353,0.189027968,-0.405171873
1.354,0.188600329,-0.404103779
1.355,0.18817395,-0.403038093
1.356,0.18774883,-0.401972284
1.357,0.187324963,-0.400910595
1.358,0.186902346,-0.399850495
1.359,0.186480976,-0.398791992
1.36,0.186060849,-0.397735943
1.361,0.185641962,-0.396681509
1.362,0.185224311,-0.395629548
1.363,0.184807892,-0.394580072
1.364,0.184392702,-0.393532236
1.365,0.183978738,-0.392486048
1.366,0.183565995,-0.391443226
1.367,0.183154471,-0.390401216
1.368,0.182744162,-0.389361735
1.369,0.182335064,-0.388324792
1.37,0.181927174,-0.387289542
1.371,0.181520489,-0.386255991
1.372,0.181115005,-0.385225005
1.373,0.180710718,-0.384196595
1.374,0.180307625,-0.383169909
1.375,0.179905723,-0.382144956
1.376,0.179505008,-0.381122604
1.377,0.179105477,-0.380102001
1.378,0.178707127,-0.379083155
1.379,0.178309953,-0.378067799
1.38,0.177913952,-0.377054217
1.381,0.177519122,-0.37604155
1.382,0.177125459,-0.375031537
1.383,0.176732959,-0.374024186
1.384,0.176341618,-0.373019507
1.385,0.175951435,-0.372014904
1.386,0.175562404,-0.371014725
1.387,0.175174524,-0.370014636
1.388,0.17478779,-0.369018121
1.389,0.174402199,-0.368023448
1.39,0.174017748,-0.367030625
1.391,0.173634433,-0.366040531
1.392,0.173252252,-0.365051431
1.393,0.1728712,-0.364065948
1.394,0.172491275,-0.363081472
1.395,0.172112474,-0.362098882
1.396,0.171734792,-0.361119937
1.397,0.171358227,-0.360142019
1.398,0.170982775,-0.359166885
1.399,0.170608434,-0.358192792
1.4,0.170235199,-0.357222376
1.401,0.169863069,-0.356252135
1.402,0.169492038,-0.355286467
1.403,0.169122105,-0.354320986
1.404,0.168753265,-0.353359216
1.405,0.168385517,-0.352397644
1.406,0.168018855,-0.35144068
1.407,0.167653278,-0.350483927
1.408,0.167288782,-0.349530035
1.409,0.166925364,-0.348578129
1.41,0.166563021,-0.347628216
1.411,0.166201749,-0.346681186
1.412,0.165841546,-0.345735279
1.413,0.165482408,-0.344792269
1.414,0.165124331,-0.343852166
1.415,0.164767314,-0.342912316
1.416,0.164411353,-0.341975385
1.417,0.164056444,-0.341041382
1.418,0.163702584,-0.340109425
1.419,0.163349771,-0.339178631
1.42,0.162998001,-0.338250786
1.421,0.162647271,-0.337325005
1.422,0.162297578,-0.336401297
1.423,0.161948919,-0.335479665
1.424,0.161601291,-0.334560118
1.425,0.161254691,-0.333642661
1.426,0.160909116,-0.3327273
1.427,0.160564562,-0.331814935
1.428,0.160221027,-0.330903785
1.429,0.159878507,-0.329995644
1.43,0.159537,-0.329088728
1.431,0.159196502,-0.328184836
1.432,0.158857011,-0.327282179
1.433,0.158518523,-0.326382558
1.434,0.158181036,-0.325484185
1.435,0.157844546,-0.324588859
1.436,0.157509051,-0.323694791
1.437,0.157174547,-0.322803784
1.438,0.156841031,-0.321914945
1.439,0.156508501,-0.32102738
1.44,0.156176953,-0.320142895
1.441,0.155846385,-0.319259693
1.442,0.155516794,-0.318378682
1.443,0.155188176,-0.317500768
1.444,0.154860529,-0.316624154
1.445,0.15453385,-0.315749747
1.446,0.154208136,-0.314877552
1.447,0.153883384,-0.314007575
1.448,0.15355959,-0.313140727
1.449,0.153236753,-0.312274297
1.45,0.152914869,-0.311411007
1.451,0.152593936,-0.31054905
1.452,0.15227395,-0.309690245
1.453,0.151954908,-0.30883369
1.454,0.151636808,-0.307978483
1.455,0.151319647,-0.307125536
1.456,0.151003423,-0.306273946
1.457,0.150688131,-0.305426444
1.458,0.15037377,-0.3045794
1.459,0.150060336,-0.303735546
1.46,0.149747827,-0.302893068
1.461,0.14943624,-0.30205288
1.462,0.149125572,-0.301214988
1.463,0.14881582,-0.300379397
1.464,0.148506981,-0.299546113
1.465,0.148199054,-0.298713312
1.466,0.147892034,-0.297884653
1.467,0.147585919,-0.297057402
1.468,0.147280707,-0.29623156
1.469,0.146976394,-0.295408963
1.47,0.146672978,-0.294587785
1.471,0.146370457,-0.293768031
1.472,0.146068826,-0.292952452
1.473,0.145768084,-0.292137389
1.474,0.145468229,-0.291323762
1.475,0.145169256,-0.290514327
1.476,0.144871164,-0.289705418
1.477,0.144573949,-0.288899794
1.478,0.14427761,-0.288094704
1.479,0.143982143,-0.287292908
1.48,0.143687546,-0.286492572
1.481,0.143393815,-0.285695541
1.482,0.143100949,-0.284899058
1.483,0.142808945,-0.284104967
1.484,0.1425178,-0.283313274
1.485,0.142227511,-0.282523982
1.486,0.141938076,-0.281736174
1.487,0.141649492,-0.280950775
1.488,0.141361757,-0.280166868
1.489,0.141074867,-0.279386302
1.49,0.140788821,-0.278606311
1.491,0.140503615,-0.277829671
1.492,0.140219248,-0.277053612
1.493,0.139935715,-0.276281839
1.494,0.139653016,-0.275509727
1.495,0.139371147,-0.274740984
1.496,0.139090106,-0.273973761
1.497,0.138809889,-0.273209916
1.498,0.138530496,-0.272445744
1.499,0.138251922,-0.271685885
1.5,0.137974166,-0.270926632
1.501,0.137697225,-0.270169846
1.502,0.137421275,-0.269249204
1.503,0.137146463,-0.26819142
1.504,0.136872913,-0.267017658
1.505,0.136600726,-0.265749111
1.506,0.136329986,-0.264401425
1.507,0.136060762,-0.26298842
1.508,0.135793113,-0.261519283
1.509,0.135527084,-0.260006965
1.51,0.135262712,-0.258458847
1.511,0.135000029,-0.256879526
1.512,0.134739057,-0.255278296
1.513,0.134479815,-0.253657924
1.514,0.134222316,-0.252023997
1.515,0.133966571,-0.25037837
1.516,0.133712586,-0.24872572
1.517,0.133460363,-0.247069802
1.518,0.133209906,-0.245408735
1.519,0.132961213,-0.243748168
1.52,0.132714282,-0.242088113
1.521,0.13246911,-0.240429527
1.522,0.13222569,-0.238776198
1.523,0.131984017,-0.237126263
1.524,0.131744085,-0.235480683
1.525,0.131505884,-0.233843266
1.526,0.131269408,-0.232210254
1.527,0.131034647,-0.230585456
1.528,0.130801592,-0.228967955
1.529,0.130570233,-0.227358725
1.53,0.130340559,-0.225758745
1.531,0.130112562,-0.224165193
1.532,0.129886229,-0.222582848
1.533,0.129661551,-0.221007937
1.534,0.129438516,-0.219443342
1.535,0.129217113,-0.21788814
1.536,0.128997332,-0.216341406
1.537,0.12877916,-0.214806028
1.538,0.128562587,-0.213279174
1.539,0.128347602,-0.211761823
1.54,0.128134192,-0.210255915
1.541,0.127922347,-0.208758609
1.542,0.127712056,-0.207270887
1.543,0.127503306,-0.20579469
1.544,0.127296086,-0.204328131
1.545,0.127090386,-0.202870273
1.546,0.126886194,-0.201423061
1.547,0.126683499,-0.199985558
1.548,0.126482288,-0.198559711
1.549,0.126282552,-0.197141701
1.55,0.12608428,-0.195733471
1.551,0.125887459,-0.194336969
1.552,0.125692079,-0.192949331
1.553,0.125498129,-0.191571542
1.554,0.125305598,-0.190203623
1.555,0.125114475,-0.188845595
1.556,0.12492475,-0.187496515
1.557,0.124736412,-0.186157367
1.558,0.124549449,-0.184829137
1.559,0.124363852,-0.183508948
1.56,0.12417961,-0.182198751
1.561,0.123996713,-0.180897597
1.562,0.123815149,-0.179607441
1.563,0.123634909,-0.178325397
1.564,0.123455983,-0.177052449
1.565,0.12327836,-0.175789586
1.566,0.12310203,-0.174535853
1.567,0.122926983,-0.173291269
1.568,0.12275321,-0.172054879
1.569,0.1225807,-0.17082864
1.57,0.122409443,-0.169611596
1.571,0.12223943,-0.168402792
1.572,0.122070651,-0.167203214
1.573,0.121903097,-0.166011904
1.574,0.121736757,-0.164830823
1.575,0.121571623,-0.163657065
1.576,0.121407685,-0.162492589
1.577,0.121244933,-0.161337412
1.578,0.121083359,-0.160189596
1.579,0.120922953,-0.159051103
1.58,0.120763705,-0.157921947
1.581,0.120605608,-0.156799214
1.582,0.120448652,-0.155685842
1.583,0.120292828,-0.154580867
1.584,0.120138127,-0.153484302
1.585,0.119984541,-0.15239518
1.586,0.11983206,-0.151315466
1.587,0.119680677,-0.15024224
1.588,0.119530381,-0.149179422
1.589,0.119381166,-0.148122133
1.59,0.119233022,-0.147074296
1.591,0.119085941,-0.146033965
1.592,0.118939915,-0.145001148
1.593,0.118794935,-0.143976833
1.594,0.118650993,-0.142960053
1.595,0.118508081,-0.141950814
1.596,0.118366192,-0.140948146
1.597,0.118225316,-0.139954998
1.598,0.118085446,-0.138968438
1.599,0.117946574,-0.137989454
1.6,0.117808692,-0.137018055
1.601,0.117671793,-0.136053267
1.602,0.117535868,-0.13509706
1.603,0.117400911,-0.134146497
1.604,0.117266912,-0.133205514
1.605,0.117133866,-0.132269207
1.606,0.117001763,-0.131342495
1.607,0.116870598,-0.130420472
1.608,0.116740362,-0.129507075
1.609,0.116611048,-0.128600346
1.61,0.116482649,-0.12770029
1.611,0.116355158,-0.126806915
1.612,0.116228567,-0.12592121
1.613,0.116102869,-0.125042197
1.614,0.115978058,-0.124168898
1.615,0.115854126,-0.123303287
1.616,0.115731066,-0.122444387
1.617,0.115608872,-0.121591216
1.618,0.115487536,-0.120745752
1.619,0.115367052,-0.119906028
1.62,0.115247413,-0.119073035
1.621,0.115128612,-0.118246779
1.622,0.115010643,-0.117426279
1.623,0.114893498,-0.116613511
1.624,0.114777173,-0.115804535
1.625,0.114661659,-0.115004288
1.626,0.114546951,-0.114208829
1.627,0.114433042,-0.113420134
1.628,0.114319926,-0.112637222
1.629,0.114207596,-0.111861084
1.63,0.114096046,-0.111090737
1.631,0.113985271,-0.110325197
1.632,0.113875263,-0.109567431
1.633,0.113766017,-0.10881448
1.634,0.113657526,-0.108068324
1.635,0.113549785,-0.107326989
1.636,0.113442788,-0.106591469
1.637,0.113336528,-0.105862754
1.638,0.113231,-0.105138871
1.639,0.113126198,-0.104420813
1.64,0.113022116,-0.103708582
1.641,0.112918748,-0.103002182
1.642,0.112816088,-0.102301616
1.643,0.112714132,-0.101604909
1.644,0.112612873,-0.100915031
1.645,0.112512305,-0.100230997
1.646,0.112412424,-0.099550829
1.647,0.112313223,-0.098877501
1.648,0.112214697,-0.098209035
1.649,0.112116841,-0.097545433
1.65,0.112019649,-0.096887688
1.651,0.111923116,-0.096234814
1.652,0.111827236,-0.095587803
1.653,0.111732005,-0.094944675
1.654,0.111637417,-0.094307415
1.655,0.111543467,-0.093675035
1.656,0.111450149,-0.093048528
1.657,0.111357459,-0.092425913
1.658,0.111265391,-0.091809176
1.659,0.111173941,-0.091196336
1.66,0.111083103,-0.090589379
1.661,0.110992873,-0.089986321
1.662,0.110903245,-0.089389151
1.663,0.110814215,-0.088795885
1.664,0.110725777,-0.08820851
1.665,0.110637927,-0.087625043
1.666,0.110550661,-0.087045486
1.667,0.110463973,-0.086471826
1.668,0.110377858,-0.085903072
1.669,0.110292312,-0.085338233
1.67,0.110207331,-0.084777311
1.671,0.110122909,-0.084222293
1.672,0.110039042,-0.083671195
1.673,0.109955726,-0.083124018
1.674,0.109872956,-0.082581758
1.675,0.109790727,-0.082044415
1.676,0.109709036,-0.081510005
1.677,0.109627877,-0.080981509
1.678,0.109547246,-0.080456941
1.679,0.109467139,-0.079936304
1.68,0.109387551,-0.079420592
1.681,0.109308479,-0.078907819
1.682,0.109229918,-0.078399974
1.683,0.109151864,-0.077896064
1.684,0.109074312,-0.077397085
1.685,0.108997259,-0.076901049
1.686,0.1089207,-0.076409946
1.687,0.108844631,-0.075922783
1.688,0.108769048,-0.075439561
1.689,0.108693947,-0.074960282
1.69,0.108619324,-0.074484946
1.691,0.108545176,-0.07401256
1.692,0.108471497,-0.073546108
1.693,0.108398284,-0.073082608
1.694,0.108325534,-0.072622061
1.695,0.108253242,-0.072166458
1.696,0.108181404,-0.071714803
1.697,0.108110018,-0.071265109
1.698,0.108039078,-0.070821357
1.699,0.107968581,-0.070380561
1.7,0.107898524,-0.069942723
1.701,0.107828902,-0.069509835
1.702,0.107759713,-0.069078911
1.703,0.107690951,-0.068653933
1.704,0.107622615,-0.068229925
1.705,0.1075547,-0.06781087
1.706,0.107487202,-0.067395773
1.707,0.107420119,-0.066982643
1.708,0.107353445,-0.066575465
1.709,0.107287179,-0.066169259
1.71,0.107221317,-0.065767015
1.711,0.107155855,-0.065368732
1.712,0.107090789,-0.064974412
1.713,0.107026116,-0.064583059
1.714,0.106961834,-0.064193677
1.715,0.106897938,-0.063809256
1.716,0.106834426,-0.063426808
1.717,0.106771293,-0.063049322
1.718,0.106708537,-0.06267381
1.719,0.106646155,-0.062301268
1.72,0.106584143,-0.061932694
1.721,0.106522498,-0.061567092
1.722,0.106461216,-0.061205458
1.723,0.106400296,-0.060844804
1.724,0.106339733,-0.060489117
1.725,0.106279524,-0.060136403
1.726,0.106219667,-0.059785667
1.727,0.106160159,-0.059437906
1.728,0.106100995,-0.059095112
1.729,0.106042174,-0.058753302
1.73,0.105983693,-0.058414468
1.731,0.105925547,-0.058080603
1.732,0.105867735,-0.057747722
1.733,0.105810253,-0.057418815
1.734,0.105753099,-0.057091889
1.735,0.10569627,-0.056767941
1.736,0.105639762,-0.056447969
1.737,0.105583574,-0.056128982
1.738,0.105527701,-0.055814967
1.739,0.105472142,-0.055501939
1.74,0.105416894,-0.055191891
1.741,0.105361953,-0.05488582
1.742,0.105307317,-0.054581733
1.743,0.105252984,-0.054279629
1.744,0.10519895,-0.053981505
1.745,0.105145213,-0.053685365
1.746,0.105091771,-0.053391209
1.747,0.10503862,-0.053101034
1.748,0.104985758,-0.052812843
1.749,0.104933183,-0.052526639
1.75,0.104880891,-0.052244415
1.751,0.104828881,-0.05196318
1.752,0.10477715,-0.051684928
1.753,0.104725694,-0.051410658
1.754,0.104674513,-0.051136381
1.755,0.104623603,-0.050866085
1.756,0.104572961,-0.050598774
1.757,0.104522586,-0.050332454
1.758,0.104472475,-0.050069118
1.759,0.104422626,-0.049807771
1.76,0.104373035,-0.049550407
1.761,0.104323701,-0.049294035
1.762,0.104274621,-0.049040648
1.763,0.104225794,-0.048788253
1.764,0.104177216,-0.048539842
1.765,0.104128886,-0.048292423
1.766,0.1040808,-0.048048989
1.767,0.104032957,-0.047806547
1.768,0.103985355,-0.047566094
1.769,0.103937992,-0.047327632
1.77,0.103890864,-0.047093155
1.771,0.10384397,-0.046859671
1.772,0.103797308,-0.046628178
1.773,0.103750875,-0.046399673
1.774,0.10370467,-0.046172161
1.775,0.10365869,-0.045947638
1.776,0.103612933,-0.045725106
1.777,0.103567397,-0.045504566
1.778,0.10352208,-0.045286017
1.779,0.10347698,-0.045069459
1.78,0.103432095,-0.044854894
1.781,0.103387422,-0.044643318
1.782,0.10334296,-0.044432736
1.783,0.103298706,-0.044225145
1.784,0.103254659,-0.044018547
1.785,0.103210817,-0.043813942
1.786,0.103167178,-0.04361133
1.787,0.103123739,-0.043411709
1.788,0.103080499,-0.043213082
1.789,0.103037456,-0.043016448
1.79,0.102994608,-0.042821807
1.791,0.102951953,-0.042629159
1.792,0.102909489,-0.042438504
1.793,0.102867214,-0.042249843
1.794,0.102825127,-0.042062177
1.795,0.102783226,-0.041876504
1.796,0.102741508,-0.041693823
1.797,0.102699972,-0.041512138
1.798,0.102658617,-0.041331449
1.799,0.102617439,-0.041154749
1.8,0.102576439,-0.040977049
1.801,0.102535613,-0.04080334
1.802,0.10249496,-0.040630627
1.803,0.102454479,-0.040458909
1.804,0.102414168,-0.040289186
1.805,0.102374024,-0.040122456
1.806,0.102334047,-0.039955724
1.807,0.102294234,-0.039791984
1.808,0.102254584,-0.039629241
1.809,0.102215095,-0.039468493
1.81,0.102175766,-0.039308741
1.811,0.102136595,-0.039150984
1.812,0.10209758,-0.038995222
1.813,0.10205872,-0.038840457
1.814,0.102020013,-0.038687687
1.815,0.101981458,-0.038535913
1.816,0.101943053,-0.038386135
1.817,0.101904796,-0.038238352
1.818,0.101866687,-0.038090568
1.819,0.101828722,-0.037946776
1.82,0.101790902,-0.037801983
1.821,0.101753223,-0.037661184
1.822,0.101715686,-0.037519385
1.823,0.101678288,-0.03738058
1.824,0.101641028,-0.037242772
1.825,0.101603904,-0.037106959
1.826,0.101566916,-0.036971146
1.827,0.101530061,-0.036838327
1.828,0.101493338,-0.036706505
1.829,0.101456746,-0.036575681
1.83,0.101420283,-0.036446853
1.831,0.101383948,-0.036319022
1.832,0.101347739,-0.036193188
1.833,0.101311656,-0.036067352
1.834,0.101275696,-0.035944512
1.835,0.101239859,-0.03582167
1.836,0.101204143,-0.035700825
1.837,0.101168547,-0.035580977
1.838,0.101133069,-0.035463126
1.839,0.101097708,-0.035346273
1.84,0.101062463,-0.035230417
1.841,0.101027333,-0.035115559
1.842,0.100992316,-0.035002698
1.843,0.10095741,-0.034891834
1.844,0.100922616,-0.034779969
1.845,0.100887931,-0.034671101
1.846,0.100853354,-0.03456323
1.847,0.100818884,-0.034456358
1.848,0.10078452,-0.034350483
1.849,0.100750261,-0.034245606
1.85,0.100716105,-0.034142727
1.851,0.100682051,-0.034040845
1.852,0.100648098,-0.033939962
1.853,0.100614245,-0.033840077
1.854,0.100580491,-0.03374119
1.855,0.100546834,-0.0336443
1.856,0.100513273,-0.033548408
1.857,0.100479808,-0.033452516
1.858,0.100446437,-0.033358621
1.859,0.100413159,-0.033265724
1.86,0.100379972,-0.033174824
1.861,0.100346877,-0.033082925
1.862,0.100313871,-0.032994022
1.863,0.100280953,-0.032906118
1.864,0.100248124,-0.032817214
1.865,0.10021538,-0.032732305
1.866,0.100182722,-0.032646397
1.867,0.100150149,-0.032561487
1.868,0.100117658,-0.032479574
1.869,0.10008525,-0.032396661
1.87,0.100052923,-0.032315746
1.871,0.100020677,-0.03223483
1.872,0.099988509,-0.032156911
1.873,0.09995642,-0.032077993
1.874,0.099924408,-0.032001072
1.875,0.099892473,-0.03192415
1.876,0.099860613,-0.031849227
1.877,0.099828827,-0.031775301
1.878,0.099797114,-0.031702375
1.879,0.099765474,-0.031629448
1.88,0.099733905,-0.031558519
1.881,0.099702407,-0.03148759
1.882,0.099670978,-0.031418658
1.883,0.099639618,-0.031349726
1.884,0.099608326,-0.031281792
1.885,0.099577101,-0.031214858
1.886,0.099545941,-0.031149921
1.887,0.099514847,-0.031083985
1.888,0.099483817,-0.031020047
1.889,0.09945285,-0.030957107
1.89,0.099421946,-0.030894167
1.891,0.099391103,-0.030833225
1.892,0.099360321,-0.030772283
1.893,0.099329599,-0.03071234
1.894,0.099298936,-0.030653395
1.895,0.099268332,-0.030594451
1.896,0.099237784,-0.030538503
1.897,0.099207293,-0.030481556
1.898,0.099176858,-0.030425608
1.899,0.099146478,-0.030370659
1.9,0.099116152,-0.030316709
1.901,0.09908588,-0.030262758
1.902,0.09905566,-0.030210806
1.903,0.099025492,-0.030158853
1.904,0.098995375,-0.030107899
1.905,0.098965308,-0.030057944
1.906,0.098935291,-0.03000799
1.907,0.098905322,-0.029960033
1.908,0.098875402,-0.029911077
1.909,0.098845529,-0.029864119
1.91,0.098815702,-0.02981816
1.911,0.098785921,-0.0297722
1.912,0.098756185,-0.02972724
1.913,0.098726494,-0.02968228
1.914,0.098696846,-0.029639318
1.915,0.098667242,-0.029595356
1.916,0.098637679,-0.029554392
1.917,0.098608158,-0.029512429
1.918,0.098578678,-0.029471464
1.919,0.098549239,-0.0294305
1.92,0.098519839,-0.029391534
1.921,0.098490477,-0.029353566
1.922,0.098461154,-0.0293146
1.923,0.098431869,-0.029276633
1.924,0.098402621,-0.029239664
1.925,0.098373408,-0.029204694
1.926,0.098344232,-0.029167726
1.927,0.09831509,-0.029133755
1.928,0.098285983,-0.029098784
1.929,0.09825691,-0.029064813
1.93,0.098227869,-0.02903284
1.931,0.098198862,-0.028998869
1.932,0.098169886,-0.028967895
1.933,0.098140942,-0.028935921
1.934,0.098112028,-0.028905946
1.935,0.098083144,-0.028875972
1.936,0.09805429,-0.028845996
1.937,0.098025465,-0.028817021
1.938,0.097996669,-0.028788045
1.939,0.0979679,-0.028761067
1.94,0.097939159,-0.02873309
1.941,0.097910444,-0.028707112
1.942,0.097881756,-0.028680134
1.943,0.097853093,-0.028655154
1.944,0.097824455,-0.028630175
1.945,0.097795842,-0.028605195
1.946,0.097767253,-0.028581215
1.947,0.097738687,-0.028558234
1.948,0.097710144,-0.028535252
1.949,0.097681624,-0.028512271
1.95,0.097653125,-0.028491288
1.951,0.097624648,-0.028469306
1.952,0.097596192,-0.028448323
1.953,0.097567757,-0.02842734
1.954,0.097539341,-0.028408355
1.955,0.097510945,-0.028388371
1.956,0.097482568,-0.028369387
1.957,0.097454209,-0.028351401
1.958,0.097425868,-0.028333416
1.959,0.097397545,-0.02831543
1.96,0.097369238,-0.028299443
1.961,0.097340949,-0.028281457
1.962,0.097312675,-0.028266469
1.963,0.097284417,-0.028250482
1.964,0.097256174,-0.028235494
1.965,0.097227947,-0.028219507
1.966,0.097199733,-0.028206517
1.967,0.097171533,-0.028192528
1.968,0.097143347,-0.028178539
1.969,0.097115174,-0.02816555
1.97,0.097087013,-0.028153559
1.971,0.097058865,-0.02814057
1.972,0.097030728,-0.028129578
1.973,0.097002603,-0.028117588
1.974,0.096974489,-0.028106596
1.975,0.096946385,-0.028096604
1.976,0.096918291,-0.028086612
1.977,0.096890208,-0.028075621
1.978,0.096862133,-0.028067627
1.979,0.096834067,-0.028058634
1.98,0.09680601,-0.028049641
1.981,0.096777962,-0.028040648
1.982,0.096749921,-0.028033654
1.983,0.096721887,-0.028026659
1.984,0.09669386,-0.028019665
1.985,0.096665841,-0.028011671
1.986,0.096637827,-0.028006675
1.987,0.09660982,-0.027999681
1.988,0.096581818,-0.027994685
1.989,0.096553821,-0.027989688
1.99,0.096525829,-0.027984692
1.991,0.096497842,-0.027979696
1.992,0.096469859,-0.027975699
1.993,0.09644188,-0.027971703
1.994,0.096413905,-0.027967706
1.995,0.096385932,-0.027965707
1.996,0.096357963,-0.02796171
1.997,0.096329996,-0.027959712
1.998,0.096302032,-0.027956714
1.999,0.096274069,-0.027955715
2,0.096246108,-0.027953717
2.001,0.096217919,-0.028181537
2.002,0.096189321,-0.028590208
2.003,0.096160171,-0.029141748
2.004,0.096130357,-0.029805171
2.005,0.096099794,-0.030553489
2.006,0.096068417,-0.031366709
2.007,0.096036177,-0.032228837
2.008,0.09600304,-0.033124879
2.009,0.095968982,-0.034044841
2.01,0.095933989,-0.034978727
2.011,0.095898053,-0.035920543
2.012,0.095861172,-0.036864292
2.013,0.095823349,-0.037804979
2.014,0.095784592,-0.038737612
2.015,0.095744908,-0.039663188
2.016,0.095704311,-0.040574719
2.017,0.095662814,-0.041473205
2.018,0.095620431,-0.04235765
2.019,0.095577179,-0.043225059
2.02,0.095533075,-0.044075437
2.021,0.095488135,-0.044909783
2.022,0.095442377,-0.045726104
2.023,0.09539582,-0.046523405
2.024,0.09534848,-0.047304683
2.025,0.095300375,-0.048067945
2.026,0.095251524,-0.048812196
2.027,0.095201943,-0.049540432
2.028,0.095151651,-0.050249663
2.029,0.095100663,-0.050943883
2.03,0.095048997,-0.051620102
2.031,0.094996669,-0.052280316
2.032,0.094943696,-0.052923533
2.033,0.094890092,-0.053552747
2.034,0.094835873,-0.054165964
2.035,0.094781055,-0.054763189
2.036,0.094725652,-0.055346418
2.037,0.094669679,-0.055914656
2.038,0.094613148,-0.056470895
2.039,0.094556075,-0.057011152
2.04,0.094498472,-0.057539416
2.041,0.094440352,-0.05805469
2.042,0.094381728,-0.058556979
2.043,0.094322612,-0.05904728
2.044,0.094263016,-0.059525595
2.045,0.094202952,-0.059991925
2.046,0.09414243,-0.060448266
2.047,0.094081463,-0.06089163
2.048,0.09402006,-0.061326004
2.049,0.093958233,-0.061748401
2.05,0.093895991,-0.06216181
2.051,0.093833344,-0.062565237
2.052,0.093770302,-0.062958683
2.053,0.093706875,-0.063342149
2.054,0.09364307,-0.063718626
2.055,0.093578898,-0.064084129
2.056,0.093514367,-0.064441649
2.057,0.093449485,-0.064791185
2.058,0.09338426,-0.06513274
2.059,0.093318701,-0.065465318
2.06,0.093252816,-0.065789916
2.061,0.09318661,-0.066109521
2.062,0.093120094,-0.066418162
2.063,0.093053272,-0.066722808
2.064,0.092986153,-0.067018482
2.065,0.092918742,-0.067309167
2.066,0.092851048,-0.067590881
2.067,0.092783076,-0.067867608
2.068,0.092714832,-0.068138352
2.069,0.092646323,-0.068402119
2.07,0.092577554,-0.0686609
2.071,0.092508532,-0.068912704
2.072,0.092439262,-0.069159524
2.073,0.092369749,-0.06940136
2.074,0.0923,-0.069636221
2.075,0.092230019,-0.069867094
2.076,0.092159811,-0.070092984
2.077,0.092089382,-0.070312897
2.078,0.092018737,-0.070527828
2.079,0.091947879,-0.070739767
2.08,0.091876814,-0.07094573
2.081,0.091805547,-0.071146712
2.082,0.091734081,-0.071344703
2.083,0.091662422,-0.07153672
2.084,0.091590573,-0.071725747
2.085,0.091518539,-0.071909794
2.086,0.091446323,-0.072090852
2.087,0.09137393,-0.072266932
2.088,0.091301363,-0.072440022
2.089,0.091228626,-0.07260913
2.09,0.091155723,-0.072774254
2.091,0.091082658,-0.072935396
2.092,0.091009434,-0.07309355
2.093,0.090936054,-0.073248716
2.094,0.090862523,-0.073398906
2.095,0.090788842,-0.073548097
2.096,0.090715016,-0.073692313
2.097,0.090641047,-0.073834536
2.098,0.090566939,-0.073972778
2.099,0.090492695,-0.074108034
2.1,0.090418318,-0.074240304
2.101,0.09034381,-0.074370582
2.102,0.090269175,-0.074496879
2.103,0.090194415,-0.074621186
2.104,0.090119533,-0.074742507
2.105,0.090044532,-0.074860842
2.106,0.089969414,-0.074977187
2.107,0.089894182,-0.075090546
2.108,0.089818838,-0.075201915
2.109,0.089743386,-0.075309304
2.11,0.089667827,-0.075415698
2.111,0.089592163,-0.075520101
2.112,0.089516398,-0.075620525
2.113,0.089440533,-0.075719954
2.114,0.089364571,-0.075816398
2.115,0.089288514,-0.075910852
2.116,0.089212364,-0.076003317
2.117,0.089136123,-0.076093791
2.118,0.089059794,-0.076181282
2.119,0.088983378,-0.076267778
2.12,0.088906877,-0.076352284
2.121,0.088830294,-0.076433806
2.122,0.08875363,-0.076514333
2.123,0.088676888,-0.076591877
2.124,0.088600069,-0.076668426
2.125,0.088523175,-0.076742985
2.126,0.088446208,-0.076815556
2.127,0.088369169,-0.076887131
2.128,0.088292061,-0.076955724
2.129,0.088214886,-0.077022328
2.13,0.088137644,-0.077088931
2.131,0.088060338,-0.077152551
2.132,0.087982969,-0.077215176
2.133,0.08790554,-0.077274819
2.134,0.087828051,-0.077334461
2.135,0.087750504,-0.077392115
2.136,0.087672901,-0.07744778
2.137,0.087595243,-0.07750245
2.138,0.087517532,-0.077555132
2.139,0.087439769,-0.07760682
2.14,0.087361956,-0.077656519
2.141,0.087284095,-0.07770423
2.142,0.087206186,-0.077751941
2.143,0.087128231,-0.077797663
2.144,0.087050231,-0.077842391
2.145,0.086972189,-0.077884137
2.146,0.086894104,-0.077926876
2.147,0.08681598,-0.07796564
2.148,0.086737816,-0.078005397
2.149,0.086659614,-0.078043166
2.15,0.086581376,-0.078078947
2.151,0.086503102,-0.078114728
2.152,0.086424795,-0.078147527
2.153,0.086346454,-0.07818132
2.154,0.086268082,-0.078212131
2.155,0.08618968,-0.078241947
2.156,0.086111249,-0.07827077
2.157,0.086032789,-0.078299593
2.158,0.085954303,-0.078325434
2.159,0.085875791,-0.078351275
2.16,0.085797254,-0.078376121
2.161,0.085718694,-0.07839898
2.162,0.085640112,-0.078420845
2.163,0.085561508,-0.07844271
2.164,0.085482885,-0.078461594
2.165,0.085404242,-0.078481471
2.166,0.08532558,-0.078500354
2.167,0.085246902,-0.078516255
2.168,0.085168208,-0.078532157
2.169,0.085089499,-0.078547065
2.17,0.085010776,-0.078560978
2.171,0.08493204,-0.078573898
2.172,0.084853291,-0.078586818
2.173,0.084774532,-0.078596757
2.174,0.084695763,-0.078606695
2.175,0.084616984,-0.078616633
2.176,0.084538197,-0.078624584
2.177,0.084459403,-0.078631541
2.178,0.084380602,-0.078638498
2.179,0.084301796,-0.078643467
2.18,0.084222986,-0.078647442
2.181,0.084144171,-0.078652411
2.182,0.084065354,-0.078654399
2.183,0.083986535,-0.078656386
2.184,0.083907715,-0.07865738
2.185,0.083828894,-0.078658374
2.186,0.083750074,-0.07865738
2.187,0.083671255,-0.078656386
2.188,0.083592439,-0.078653405
2.189,0.083513625,-0.078651417
2.19,0.083434816,-0.078646448
2.191,0.083356011,-0.078642473
2.192,0.083277211,-0.078637504
2.193,0.083198418,-0.078630547
2.194,0.083119631,-0.078624584
2.195,0.083040853,-0.078615639
2.196,0.082962082,-0.078608683
2.197,0.082883321,-0.078598744
2.198,0.08280457,-0.078588806
2.199,0.08272583,-0.078577874
2.2,0.082647101,-0.078566941
2.201,0.082568384,-0.078555015
2.202,0.08248968,-0.078542095
2.203,0.082410989,-0.078529175
2.204,0.082332313,-0.078514268
2.205,0.082253652,-0.07849936
2.206,0.082175006,-0.078484452
2.207,0.082096376,-0.078468551
2.208,0.082017764,-0.078450661
2.209,0.081939169,-0.078433765
2.21,0.081860592,-0.078415876
2.211,0.081782034,-0.078396993
2.212,0.081703496,-0.078377115
2.213,0.081624978,-0.078357238
2.214,0.081546481,-0.078336366
2.215,0.081468005,-0.078315495
2.216,0.081389551,-0.07829363
2.217,0.08131112,-0.07827077
2.218,0.081232712,-0.078247911
2.219,0.081154328,-0.078224057
2.22,0.081075968,-0.078200204
2.221,0.080997634,-0.078174363
2.222,0.080919325,-0.078149515
2.223,0.080841042,-0.078123673
2.224,0.080762786,-0.078096838
2.225,0.080684558,-0.078069008
2.226,0.080606357,-0.078042172
2.227,0.080528185,-0.078013349
2.228,0.080450041,-0.077985519
2.229,0.080371928,-0.077954707
2.23,0.080293844,-0.077925882
2.231,0.080215791,-0.07789507
2.232,0.080137769,-0.077864258
2.233,0.080059779,-0.077832451
2.234,0.07998182,-0.077801639
2.235,0.079903895,-0.077767844
2.236,0.079826003,-0.077735043
2.237,0.079748144,-0.077702242
2.238,0.07967032,-0.077667453
2.239,0.07959253,-0.077633657
2.24,0.079514775,-0.077598868
2.241,0.079437056,-0.077563084
2.242,0.079359373,-0.0775273
2.243,0.079281727,-0.077490522
2.244,0.079204118,-0.077453744
2.245,0.079126546,-0.077416965
2.246,0.079049012,-0.077379192
2.247,0.078971517,-0.077340425
2.248,0.078894061,-0.077301658
2.249,0.078816644,-0.07726289
2.25,0.078739266,-0.077224123
2.251,0.078661929,-0.077183366
2.252,0.078584633,-0.07714261
2.253,0.078507377,-0.077102848
2.254,0.078430163,-0.077061097
2.255,0.078352991,-0.077019345
2.256,0.078275862,-0.0769766
2.257,0.078198775,-0.076934848
2.258,0.078121731,-0.076892102
2.259,0.078044731,-0.076848361
2.26,0.077967774,-0.076805615
2.261,0.077890862,-0.076760879
2.262,0.077813995,-0.076716144
2.263,0.077737173,-0.076671408
2.264,0.077660396,-0.076626672
2.265,0.077583665,-0.076580941
2.266,0.077506981,-0.076534216
2.267,0.077430343,-0.076488485
2.268,0.077353752,-0.076441759
2.269,0.077277208,-0.076395033
2.27,0.077200712,-0.076347313
2.271,0.077124265,-0.076298598
2.272,0.077047865,-0.076251871
2.273,0.076971515,-0.07620216
2.274,0.076895213,-0.076154438
2.275,0.076818961,-0.076104728
2.276,0.076742759,-0.076055017
2.277,0.076666607,-0.076005305
2.278,0.076590505,-0.075955593
2.279,0.076514455,-0.075903892
2.28,0.076438455,-0.07585418
2.281,0.076362507,-0.075802478
2.282,0.07628661,-0.07575177
2.283,0.076210766,-0.075699074
2.284,0.076134974,-0.075647371
2.285,0.076059234,-0.075595668
2.286,0.075983548,-0.075541976
2.287,0.075907915,-0.075489277
2.288,0.075832335,-0.075436578
2.289,0.07575681,-0.075381891
2.29,0.075681338,-0.075329191
2.291,0.075605921,-0.075274502
2.292,0.075530559,-0.075219813
2.293,0.075455252,-0.075165123
2.294,0.07538,-0.075110433
2.295,0.075304804,-0.075054749
2.296,0.075229663,-0.075000058
2.297,0.075154579,-0.074943377
2.298,0.075079551,-0.074887691
2.299,0.07500458,-0.07483101
2.3,0.074929666,-0.074774328
2.301,0.074854809,-0.074717646
2.302,0.074780009,-0.074660963
2.303,0.074705267,-0.074603286
2.304,0.074630583,-0.074545608
2.305,0.074555957,-0.074487929
2.306,0.07448139,-0.074429256
2.307,0.074406881,-0.074371576
2.308,0.074332431,-0.074312902
2.309,0.074258041,-0.074253232
2.31,0.074183709,-0.074195551
2.311,0.074109438,-0.074134886
2.312,0.074035226,-0.07407621
2.313,0.073961074,-0.074016538
2.314,0.073886982,-0.073956866
2.315,0.073812951,-0.073896199
2.316,0.073738981,-0.073835531
2.317,0.073665072,-0.073774862
2.318,0.073591223,-0.073715188
2.319,0.073517436,-0.073653524
2.32,0.073443711,-0.07359186
2.321,0.073370047,-0.073531189
2.322,0.073296446,-0.073468529
2.323,0.073222906,-0.073407857
2.324,0.073149429,-0.073345196
2.325,0.073076015,-0.073282534
2.326,0.073002663,-0.073220866
2.327,0.072929374,-0.073158203
2.328,0.072856148,-0.073095539
2.329,0.072782986,-0.07303188
2.33,0.072709887,-0.072969215
2.331,0.072636851,-0.07290655
2.332,0.07256388,-0.072841894
2.333,0.072490972,-0.072779228
2.334,0.072418129,-0.072714571
2.335,0.07234535,-0.072650909
2.336,0.072272636,-0.072586251
2.337,0.072199986,-0.072522587
2.338,0.072127401,-0.072457928
2.339,0.072054881,-0.072393268
2.34,0.071982427,-0.072327613
2.341,0.071910038,-0.072262953
2.342,0.071837714,-0.072198291
2.343,0.071765456,-0.072132634
2.344,0.071693263,-0.072067972
2.345,0.071621137,-0.072001319
2.346,0.071549076,-0.071936655
2.347,0.071477082,-0.07187
2.348,0.071405155,-0.071803346
2.349,0.071333293,-0.07173868
2.35,0.071261499,-0.071671029
2.351,0.071189771,-0.071605367
2.352,0.07111811,-0.07153871
2.353,0.071046516,-0.071472052
2.354,0.07097499,-0.071404398
2.355,0.07090353,-0.071338734
2.356,0.070832139,-0.071270084
2.357,0.070760814,-0.071204418
2.358,0.070689558,-0.071135767
2.359,0.070618369,-0.071069105
2.36,0.070547248,-0.071001448
2.361,0.070476195,-0.07093379
2.362,0.070405211,-0.070865136
2.363,0.070334294,-0.070798472
2.364,0.070263447,-0.070728822
2.365,0.070192667,-0.070662156
2.366,0.070121956,-0.0705935
2.367,0.070051314,-0.070524843
2.368,0.069980741,-0.070456185
2.369,0.069910236,-0.070388521
2.37,0.069839801,-0.070318867
2.371,0.069769435,-0.070250208
2.372,0.069699138,-0.070181547
2.373,0.06962891,-0.070112886
2.374,0.069558752,-0.070043229
2.375,0.069488663,-0.069974567
2.376,0.069418644,-0.069904909
2.377,0.069348694,-0.069836245
2.378,0.069278814,-0.069766586
2.379,0.069209004,-0.069696926
2.38,0.069139264,-0.069627265
2.381,0.069069594,-0.069557603
2.382,0.068999995,-0.069486946
2.383,0.068930465,-0.069418278
2.384,0.068861006,-0.069347619
2.385,0.068791616,-0.06927895
2.386,0.068722298,-0.069207295
2.387,0.06865305,-0.069137629
2.388,0.068583872,-0.069067963
2.389,0.068514765,-0.068997301
2.39,0.068445729,-0.068926638
2.391,0.068376763,-0.06885697
2.392,0.068307868,-0.068786306
2.393,0.068239044,-0.068715641
2.394,0.068170292,-0.06864398
2.395,0.06810161,-0.068574309
2.396,0.068032999,-0.068503642
2.397,0.067964459,-0.068432974
2.398,0.067895991,-0.06836131
2.399,0.067827594,-0.068290641
2.4,0.067759268,-0.068219972
2.401,0.067691013,-0.068149301
2.402,0.067622865,-0.068042796
2.403,0.067554854,-0.067906429
2.404,0.067487004,-0.067746168
2.405,0.067419336,-0.067565
2.406,0.067351868,-0.067365909
2.407,0.067284613,-0.067153871
2.408,0.067217586,-0.066926894
2.409,0.067150794,-0.066692941
2.41,0.067084248,-0.06644803
2.411,0.067017953,-0.066198133
2.412,0.066951915,-0.065942253
2.413,0.066886138,-0.065682382
2.414,0.066820627,-0.065417523
2.415,0.066755384,-0.065150664
2.416,0.066690411,-0.064881803
2.417,0.066625711,-0.064609946
2.418,0.066561283,-0.064339075
2.419,0.066497129,-0.064066203
2.42,0.06643325,-0.063792325
2.421,0.066369645,-0.063519434
2.422,0.066306314,-0.063246534
2.423,0.066243258,-0.062972627
2.424,0.066180475,-0.062700704
2.425,0.066117965,-0.062428771
2.426,0.066055727,-0.062157825
2.427,0.06599376,-0.061887866
2.428,0.065932064,-0.061617898
2.429,0.065870636,-0.06135091
2.43,0.065809477,-0.061082917
2.431,0.065748585,-0.060816908
2.432,0.065687958,-0.060552883
2.433,0.065627596,-0.060288849
2.434,0.065567496,-0.060027796
2.435,0.065507658,-0.059766735
2.436,0.06544808,-0.059507658
2.437,0.065388761,-0.05924957
2.438,0.0653297,-0.058992471
2.439,0.065270894,-0.058738354
2.44,0.065212342,-0.058485225
2.441,0.065154044,-0.058232089
2.442,0.065095996,-0.057982933
2.443,0.065038199,-0.057732772
2.444,0.06498065,-0.057485594
2.445,0.064923348,-0.057239406
2.446,0.064866291,-0.056995204
2.447,0.064809479,-0.056750996
2.448,0.064752908,-0.056510768
2.449,0.064696579,-0.056269537
2.45,0.064640488,-0.056032286
2.451,0.064584636,-0.055794033
2.452,0.06452902,-0.055558764
2.453,0.064473638,-0.055325482
2.454,0.06441849,-0.055092195
2.455,0.064363574,-0.054860895
2.456,0.064308888,-0.054631584
2.457,0.064254431,-0.054403264
2.458,0.064200201,-0.054176932
2.459,0.064146198,-0.053950595
2.46,0.064092418,-0.053728241
2.461,0.064038862,-0.053504884
2.462,0.063985526,-0.053285511
2.463,0.063932411,-0.053065135
2.464,0.063879515,-0.052846749
2.465,0.063826835,-0.052631349
2.466,0.063774372,-0.052414947
2.467,0.063722122,-0.052202529
2.468,0.063670086,-0.051989109
2.469,0.063618261,-0.051778677
2.47,0.063566645,-0.051570234
2.471,0.063515239,-0.05136079
2.472,0.06346404,-0.051154334
2.473,0.063413046,-0.050949867
2.474,0.063362257,-0.050745397
2.475,0.063311671,-0.050542917
2.476,0.063261287,-0.050341431
2.477,0.063211104,-0.050140938
2.478,0.063161119,-0.049943433
2.479,0.063111332,-0.049745925
2.48,0.063061742,-0.04954941
2.481,0.063012346,-0.049355884
2.482,0.062963145,-0.049161357
2.483,0.062914136,-0.048969819
2.484,0.062865318,-0.048779274
2.485,0.062816689,-0.048590722
2.486,0.06276825,-0.048401169
2.487,0.062719998,-0.048214605
2.488,0.062671931,-0.048030033
2.489,0.06262405,-0.04784446
2.49,0.062576352,-0.047661877
2.491,0.062528837,-0.047479291
2.492,0.062481502,-0.047299694
2.493,0.062434347,-0.047120095
2.494,0.062387371,-0.046941491
2.495,0.062340573,-0.046763881
2.496,0.06229395,-0.046589262
2.497,0.062247503,-0.046413643
2.498,0.062201229,-0.046241014
2.499,0.062155128,-0.046068382
2.5,0.062109199,-0.045896745
2.501,0.06206344,-0.045727102
2.502,0.062017849,-0.045559452
2.503,0.061972427,-0.045390801
2.504,0.061927172,-0.045224144
2.505,0.061882083,-0.045058482
2.506,0.061837158,-0.044894813
2.507,0.061792396,-0.04473214
2.508,0.061747797,-0.044569465
2.509,0.061703359,-0.044408784
2.51,0.061659081,-0.044249098
2.511,0.061614963,-0.04408941
2.512,0.061571002,-0.043932714
2.513,0.061527198,-0.043776015
2.514,0.06148355,-0.043620313
2.515,0.061440057,-0.043465607
2.516,0.061396717,-0.043312895
2.517,0.06135353,-0.04316018
2.518,0.061310495,-0.043008462
2.519,0.06126761,-0.042858739
2.52,0.061224875,-0.042709013
2.521,0.061182289,-0.042560284
2.522,0.061139849,-0.042414547
2.523,0.061097557,-0.042266812
2.524,0.06105541,-0.04212207
2.525,0.061013407,-0.041978325
2.526,0.060971548,-0.041834578
2.527,0.060929832,-0.041691827
2.528,0.060888257,-0.041551071
2.529,0.060846823,-0.041410313
2.53,0.060805528,-0.041271551
2.531,0.060764372,-0.041132787
2.532,0.060723354,-0.040995019
2.533,0.060682473,-0.040858249
2.534,0.060641727,-0.040723473
2.535,0.060601117,-0.040587698
2.536,0.060560641,-0.040453918
2.537,0.060520297,-0.040322133
2.538,0.060480086,-0.040189348
2.539,0.060440007,-0.040057561
2.54,0.060400057,-0.039928767
2.541,0.060360237,-0.039798973
2.542,0.060320546,-0.039670177
2.543,0.060280983,-0.039542378
2.544,0.060241547,-0.039415575
2.545,0.060202236,-0.039290769
2.546,0.060163051,-0.039164963
2.547,0.06012399,-0.039041152
2.548,0.060085053,-0.038917341
2.549,0.060046238,-0.038795525
2.55,0.060007545,-0.038673708
2.551,0.059968973,-0.038552888
2.552,0.059930521,-0.038433066
2.553,0.059892189,-0.038313242
2.554,0.059853975,-0.038195415
2.555,0.059815879,-0.038077586
2.556,0.059777899,-0.037961754
2.557,0.059740036,-0.037844922
2.558,0.059702288,-0.037730086
2.559,0.059664655,-0.037615249
2.56,0.059627135,-0.037502409
2.561,0.059589729,-0.037388568
2.562,0.059552435,-0.037276724
2.563,0.059515252,-0.037165878
2.564,0.05947818,-0.037055031
2.565,0.059441218,-0.036945181
2.566,0.059404365,-0.03683633
2.567,0.05936762,-0.036728476
2.568,0.059330984,-0.036619622
2.569,0.059294454,-0.036513764
2.57,0.059258031,-0.036406906
2.571,0.059221713,-0.036302045
2.572,0.0591855,-0.036197183
2.573,0.059149391,-0.036093319
2.574,0.059113386,-0.035989454
2.575,0.059077484,-0.035886587
2.576,0.059041683,-0.035785716
2.577,0.059005984,-0.035683846
2.578,0.058970385,-0.035583973
2.579,0.058934887,-0.035483101
2.58,0.058899488,-0.035384225
2.581,0.058864187,-0.035286347
2.582,0.058828985,-0.03518747
2.583,0.05879388,-0.03509059
2.584,0.058758871,-0.034994708
2.585,0.058723959,-0.034897826
2.586,0.058689142,-0.034802942
2.587,0.058654419,-0.034709055
2.588,0.058619791,-0.034614169
2.589,0.058585256,-0.03452128
2.59,0.058550814,-0.034428391
2.591,0.058516464,-0.034336499
2.592,0.058482206,-0.034244608
2.593,0.058448039,-0.034153714
2.594,0.058413962,-0.034063819
2.595,0.058379975,-0.033973923
2.596,0.058346077,-0.033885025
2.597,0.058312268,-0.033796127
2.598,0.058278547,-0.033708227
2.599,0.058244913,-0.033621326
2.6,0.058211366,-0.033534424
2.601,0.058177905,-0.03344852
2.602,0.058144529,-0.033363615
2.603,0.058111239,-0.033277711
2.604,0.058078033,-0.033193803
2.605,0.058044912,-0.033108897
2.606,0.058011873,-0.033026986
2.607,0.057978918,-0.032943078
2.608,0.057946044,-0.032862165
2.609,0.057913253,-0.032779255
2.61,0.057880542,-0.03269934
2.611,0.057847913,-0.032617428
2.612,0.057815363,-0.032538512
2.613,0.057782893,-0.032458596
2.614,0.057750502,-0.032379679
2.615,0.057718189,-0.032301761
2.616,0.057685955,-0.032222843
2.617,0.057653798,-0.032145923
2.618,0.057621718,-0.032069002
2.619,0.057589714,-0.03199308
2.62,0.057557787,-0.031916159
2.621,0.057525934,-0.031842234
2.622,0.057494157,-0.031766311
2.623,0.057462455,-0.031691386
2.624,0.057430826,-0.031618459
2.625,0.057399271,-0.031544533
2.626,0.057367788,-0.031472604
2.627,0.057336379,-0.031398678
2.628,0.057305041,-0.031327747
2.629,0.057273775,-0.031255818
2.63,0.05724258,-0.031184887
2.631,0.057211456,-0.031113956
2.632,0.057180401,-0.031045022
2.633,0.057149417,-0.030974091
2.634,0.057118502,-0.030905157
2.635,0.057087655,-0.030837222
2.636,0.057056877,-0.030768287
2.637,0.057026167,-0.030700351
2.638,0.056995525,-0.030632415
2.639,0.056964949,-0.030566477
2.64,0.05693444,-0.030499539
2.641,0.056903997,-0.030433601
2.642,0.05687362,-0.030367662
2.643,0.056843308,-0.030302721
2.644,0.056813061,-0.030237781
2.645,0.056782879,-0.03017284
2.646,0.05675276,-0.030109897
2.647,0.056722706,-0.030044956
2.648,0.056692714,-0.029983012
2.649,0.056662785,-0.029920069
2.65,0.056632919,-0.029857125
2.651,0.056603115,-0.02979518
2.652,0.056573372,-0.029734234
2.653,0.05654369,-0.029673288
2.654,0.05651407,-0.029611342
2.655,0.056484509,-0.029552394
2.656,0.056455009,-0.029491447
2.657,0.056425568,-0.029432498
2.658,0.056396187,-0.02937255
2.659,0.056366865,-0.029313601
2.66,0.056337601,-0.029255651
2.661,0.056308395,-0.0291977
2.662,0.056279247,-0.029139749
2.663,0.056250156,-0.029082798
2.664,0.056221123,-0.029024847
2.665,0.056192146,-0.028968894
2.666,0.056163225,-0.028912941
2.667,0.05613436,-0.028856987
2.668,0.056105551,-0.028801034
2.669,0.056076797,-0.028746079
2.67,0.056048099,-0.028690126
2.671,0.056019454,-0.028637169
2.672,0.055990864,-0.028582214
2.673,0.055962328,-0.028528258
2.674,0.055933845,-0.028475301
2.675,0.055905415,-0.028422344
2.676,0.055877039,-0.028368388
2.677,0.055848714,-0.028317429
2.678,0.055820442,-0.028264471
2.679,0.055792222,-0.028212512
2.68,0.055764054,-0.028160554
2.681,0.055735936,-0.028110593
2.682,0.05570787,-0.028058634
2.683,0.055679854,-0.028008674
2.684,0.055651888,-0.027958713
2.685,0.055623973,-0.027907752
2.686,0.055596107,-0.027858791
2.687,0.05556829,-0.027809829
2.688,0.055540523,-0.027759867
2.689,0.055512804,-0.027711904
2.69,0.055485133,-0.027663941
2.691,0.055457511,-0.027614978
2.692,0.055429936,-0.027568014
2.693,0.055402409,-0.02752005
2.694,0.05537493,-0.027472087
2.695,0.055347497,-0.027426121
2.696,0.055320111,-0.027379157
2.697,0.055292771,-0.027333191
2.698,0.055265478,-0.027286226
2.699,0.05523823,-0.02724126
2.7,0.055211028,-0.027195294
2.701,0.055183871,-0.027150327
2.702,0.055156759,-0.02710536
2.703,0.055129692,-0.027060393
2.704,0.055102669,-0.027016425
2.705,0.05507569,-0.026972457
2.706,0.055048756,-0.02692749
2.707,0.055021865,-0.026884521
2.708,0.054995017,-0.026841552
2.709,0.054968212,-0.026798583
2.71,0.054941451,-0.026754614
2.711,0.054914732,-0.026712644
2.712,0.054888055,-0.026670674
2.713,0.05486142,-0.026628704
2.714,0.054834828,-0.026585735
2.715,0.054808276,-0.026545763
2.716,0.054781767,-0.026502793
2.717,0.054755298,-0.026462821
2.718,0.05472887,-0.02642185
2.719,0.054702483,-0.026380878
2.72,0.054676136,-0.026340906
2.721,0.054649829,-0.026300934
2.722,0.054623563,-0.026259962
2.723,0.054597335,-0.026221988
2.724,0.054571148,-0.026181016
2.725,0.054544999,-0.026143042
2.726,0.05451889,-0.02610307
2.727,0.054492819,-0.026065096
2.728,0.054466787,-0.026026122
2.729,0.054440793,-0.025988148
2.73,0.054414837,-0.025950173
2.731,0.054388919,-0.025912199
2.732,0.054363039,-0.025874224
2.733,0.054337196,-0.025837249
2.734,0.05431139,-0.025800274
2.735,0.054285621,-0.025763298
2.736,0.05425989,-0.025725324
2.737,0.054234194,-0.025690347
2.738,0.054208535,-0.025653371
2.739,0.054182912,-0.025617395
2.74,0.054157325,-0.025581418
2.741,0.054131774,-0.025545442
2.742,0.054106259,-0.025509465
2.743,0.054080778,-0.025475487
2.744,0.054055333,-0.025439511
2.745,0.054029923,-0.025404533
2.746,0.054004547,-0.025370555
2.747,0.053979206,-0.025335578
2.748,0.0539539,-0.0253006
2.749,0.053928627,-0.025267621
2.75,0.053903389,-0.025232644
2.751,0.053878184,-0.025199665
2.752,0.053853013,-0.025165686
2.753,0.053827875,-0.025132707
2.754,0.053802771,-0.025098728
2.755,0.053777699,-0.025066749
2.756,0.053752661,-0.02503277
2.757,0.053727655,-0.02500079
2.758,0.053702681,-0.02496881
2.759,0.05367774,-0.02493583
2.76,0.053652831,-0.02490385
2.761,0.053627954,-0.02487187
2.762,0.053603109,-0.02483989
2.763,0.053578295,-0.024808909
2.764,0.053553513,-0.024776929
2.765,0.053528762,-0.024745948
2.766,0.053504042,-0.024714967
2.767,0.053479353,-0.024683985
2.768,0.053454695,-0.024653004
2.769,0.053430067,-0.024623023
2.77,0.05340547,-0.024592041
2.771,0.053380903,-0.024562059
2.772,0.053356367,-0.024531078
2.773,0.05333186,-0.024502096
2.774,0.053307383,-0.024472114
2.775,0.053282935,-0.024443131
2.776,0.053258518,-0.024412149
2.777,0.053234129,-0.024384166
2.778,0.05320977,-0.024354184
2.779,0.053185439,-0.0243262
2.78,0.053161138,-0.024296218
2.781,0.053136865,-0.024268235
2.782,0.053112621,-0.024239252
2.783,0.053088405,-0.024211268
2.784,0.053064217,-0.024183285
2.785,0.053040058,-0.024154301
2.786,0.053015926,-0.024127317
2.787,0.052991823,-0.024098334
2.788,0.052967747,-0.02407135
2.789,0.052943698,-0.024044365
2.79,0.052919677,-0.024016381
2.791,0.052895684,-0.023988398
2.792,0.052871717,-0.023962413
2.793,0.052847778,-0.023934429
2.794,0.052823865,-0.023908443
2.795,0.052799979,-0.023881459
2.796,0.052776119,-0.023855474
2.797,0.052752286,-0.023828489
2.798,0.05272848,-0.023801504
2.799,0.052704699,-0.023776519
2.8,0.052680945,-0.023749534
2.801,0.052657168,-0.023772521
2.802,0.052633331,-0.023832487
2.803,0.052609403,-0.023923435
2.804,0.052585361,-0.024037369
2.805,0.052561186,-0.024170292
2.806,0.052536865,-0.024316206
2.807,0.052512388,-0.024472114
2.808,0.052487746,-0.024637014
2.809,0.052462932,-0.024808909
2.81,0.052437945,-0.024981802
2.811,0.052412779,-0.025160689
2.812,0.052387434,-0.025339575
2.813,0.052361909,-0.025519459
2.814,0.052336204,-0.025699341
2.815,0.052310317,-0.02588122
2.816,0.052284252,-0.0260591
2.817,0.052258007,-0.026238977
2.818,0.052231585,-0.026415854
2.819,0.052204986,-0.02659273
2.82,0.052178213,-0.026766606
2.821,0.052151266,-0.02694048
2.822,0.052124148,-0.027111356
2.823,0.052096859,-0.027282229
2.824,0.052069403,-0.027449104
2.825,0.05204178,-0.027615977
2.826,0.052013991,-0.02778185
2.827,0.05198604,-0.027943724
2.828,0.051957927,-0.028105597
2.829,0.051929655,-0.028264471
2.83,0.051901224,-0.028423343
2.831,0.051872638,-0.028578217
2.832,0.051843896,-0.028734089
2.833,0.051815001,-0.028886962
2.834,0.051785955,-0.029037836
2.835,0.051756759,-0.029187709
2.836,0.051727415,-0.029335582
2.837,0.051697924,-0.029482455
2.838,0.051668288,-0.029627328
2.839,0.051638508,-0.029771201
2.84,0.051608586,-0.029913075
2.841,0.051578523,-0.030053948
2.842,0.051548322,-0.030191823
2.843,0.051517982,-0.030330696
2.844,0.051487507,-0.030465571
2.845,0.051456896,-0.030601444
2.846,0.051426152,-0.030734319
2.847,0.051395277,-0.030865195
2.848,0.05136427,-0.030997069
2.849,0.051333135,-0.031124945
2.85,0.051301871,-0.03125382
2.851,0.051270481,-0.031379696
2.852,0.051238966,-0.031504573
2.853,0.051207328,-0.03162745
2.854,0.051175567,-0.031750327
2.855,0.051143684,-0.031872203
2.856,0.051111682,-0.031991082
2.857,0.051079561,-0.03210996
2.858,0.051047323,-0.032226839
2.859,0.051014969,-0.032342718
2.86,0.050982501,-0.032456598
2.861,0.050949919,-0.032570478
2.862,0.050917224,-0.032683358
2.863,0.050884419,-0.03279324
2.864,0.050851504,-0.032903121
2.865,0.05081848,-0.033012003
2.866,0.050785349,-0.033118886
2.867,0.050752112,-0.033224769
2.868,0.05071877,-0.033329653
2.869,0.050685324,-0.033433537
2.87,0.050651776,-0.033535423
2.871,0.050618126,-0.033637308
2.872,0.050584376,-0.033737194
2.873,0.050550527,-0.033836081
2.874,0.05051658,-0.033933969
2.875,0.050482536,-0.034030857
2.876,0.050448396,-0.034126745
2.877,0.050414162,-0.034220636
2.878,0.050379834,-0.034314525
2.879,0.050345414,-0.034406417
2.88,0.050310902,-0.034498308
2.881,0.050276301,-0.034587201
2.882,0.05024161,-0.034677094
2.883,0.050206831,-0.034764988
2.884,0.050171965,-0.034851882
2.885,0.050137013,-0.034937777
2.886,0.050101976,-0.035022674
2.887,0.050066856,-0.035105572
2.888,0.050031652,-0.035189468
2.889,0.049996367,-0.035270367
2.89,0.049961001,-0.035351266
2.891,0.049925555,-0.035431166
2.892,0.04989003,-0.035510067
2.893,0.049854428,-0.03558697
2.894,0.049818748,-0.035664871
2.895,0.049782993,-0.035739775
2.896,0.049747163,-0.035814679
2.897,0.04971126,-0.035887585
2.898,0.049675283,-0.03596149
2.899,0.049639234,-0.036033397
2.9,0.049603114,-0.036104304
2.901,0.049566925,-0.036173214
2.902,0.049530666,-0.036243122
2.903,0.049494338,-0.036312032
2.904,0.049457944,-0.036377945
2.905,0.049421483,-0.036444856
2.906,0.049384956,-0.036510768
2.907,0.049348365,-0.036574683
2.908,0.049311711,-0.036637598
2.909,0.049274993,-0.036701512
2.91,0.049238214,-0.03676243
2.911,0.049201373,-0.036824346
2.912,0.049164472,-0.036884265
2.913,0.049127512,-0.036943184
2.914,0.049090493,-0.037002104
2.915,0.049053417,-0.037059025
2.916,0.049016284,-0.037115947
2.917,0.048979094,-0.037172868
2.918,0.04894185,-0.037226794
2.919,0.048904551,-0.037281717
2.92,0.048867199,-0.037334644
2.921,0.048829794,-0.03738757
2.922,0.048792337,-0.037439497
2.923,0.048754829,-0.037490425
2.924,0.048717271,-0.037540355
2.925,0.048679663,-0.037590285
2.926,0.048642007,-0.037638217
2.927,0.048604302,-0.037687147
2.928,0.04856655,-0.03773408
2.929,0.048528752,-0.037780015
2.93,0.048490908,-0.037825949
2.931,0.048453019,-0.037870885
2.932,0.048415086,-0.037914822
2.933,0.048377109,-0.037958758
2.934,0.048339089,-0.038001696
2.935,0.048301028,-0.038042637
2.936,0.048262925,-0.038084576
2.937,0.048224781,-0.038125517
2.938,0.048186598,-0.03816446
2.939,0.048148376,-0.038203403
2.94,0.048110114,-0.038243345
2.941,0.048071816,-0.038279292
2.942,0.04803348,-0.038317236
2.943,0.047995107,-0.038354182
2.944,0.047956699,-0.038389131
2.945,0.047918256,-0.038424079
2.946,0.047879778,-0.038459027
2.947,0.047841267,-0.038491978
2.948,0.047802723,-0.038524929
2.949,0.047764146,-0.03855788
2.95,0.047725537,-0.038589833
2.951,0.047686897,-0.038620787
2.952,0.047648227,-0.038650742
2.953,0.047609526,-0.038681696
2.954,0.047570797,-0.038709654
2.955,0.047532038,-0.038739609
2.956,0.047493252,-0.038766568
2.957,0.047454438,-0.038794526
2.958,0.047415598,-0.038820487
2.959,0.047376731,-0.038847446
2.96,0.047337839,-0.038872409
2.961,0.047298921,-0.038898369
2.962,0.047259979,-0.038922333
2.963,0.047221014,-0.038945298
2.964,0.047182025,-0.038969262
2.965,0.047143013,-0.038992227
2.966,0.047103979,-0.039014193
2.967,0.047064924,-0.039035161
2.968,0.047025847,-0.039057128
2.969,0.04698675,-0.039077097
2.97,0.046947633,-0.039097067
2.971,0.046908497,-0.039116038
2.972,0.046869342,-0.039135009
2.973,0.046830168,-0.03915398
2.974,0.046790977,-0.039170954
2.975,0.046751769,-0.039187927
2.976,0.046712544,-0.039204901
2.977,0.046673302,-0.039221875
2.978,0.046634045,-0.039236852
2.979,0.046594773,-0.039251829
2.98,0.046555486,-0.039266806
2.981,0.046516185,-0.039280784
2.982,0.04647687,-0.039294763
2.983,0.046437542,-0.039307743
2.984,0.046398202,-0.039319724
2.985,0.046358849,-0.039332704
2.986,0.046319484,-0.039344686
2.987,0.046280109,-0.03935467
2.988,0.046240722,-0.039366651
2.989,0.046201325,-0.039376636
2.99,0.046161919,-0.039385622
2.991,0.046122503,-0.039395606
2.992,0.046083078,-0.039404593
2.993,0.046043644,-0.039413579
2.994,0.046004203,-0.039420568
2.995,0.045964754,-0.039428555
2.996,0.045925298,-0.039435544
2.997,0.045885835,-0.039442534
2.998,0.045846366,-0.039448524
2.999,0.045806892,-0.039453516
3,0.045767412,-0.039459507
3.001,0.045727926,-0.039465498
3.002,0.045688437,-0.039468493
3.003,0.045648943,-0.039473485
3.004,0.045609446,-0.039476481
3.005,0.045569945,-0.039480474
3.006,0.045530441,-0.03948347
3.007,0.045490935,-0.039485467
3.008,0.045451427,-0.039487463
3.009,0.045411917,-0.03948946
3.01,0.045372406,-0.039490459
3.011,0.045332894,-0.039491457
3.012,0.045293381,-0.039492456
3.013,0.045253868,-0.039492456
3.014,0.045214356,-0.039491457
3.015,0.045174844,-0.039491457
3.016,0.045135333,-0.039490459
3.017,0.045095823,-0.03948946
3.018,0.045056316,-0.039486465
3.019,0.04501681,-0.039485467
3.02,0.044977307,-0.039482471
3.021,0.044937806,-0.039480474
3.022,0.044898309,-0.039476481
3.023,0.044858815,-0.039473485
3.024,0.044819325,-0.039469491
3.025,0.044779839,-0.039465498
3.026,0.044740358,-0.039460506
3.027,0.044700882,-0.039455513
3.028,0.044661411,-0.039450521
3.029,0.044621945,-0.039445529
3.03,0.044582486,-0.03943854
3.031,0.044543032,-0.039433547
3.032,0.044503586,-0.03942556
3.033,0.044464146,-0.039419569
3.034,0.044424713,-0.03941258
3.035,0.044385287,-0.039405591
3.036,0.04434587,-0.039396605
3.037,0.04430646,-0.039389616
3.038,0.044267059,-0.03938063
3.039,0.044227667,-0.039371644
3.04,0.044188284,-0.039362658
3.041,0.04414891,-0.039353672
3.042,0.044109546,-0.039343687
3.043,0.044070191,-0.039334701
3.044,0.044030847,-0.039323718
3.045,0.043991513,-0.039313733
3.046,0.04395219,-0.03930275
3.047,0.043912878,-0.039291767
3.048,0.043873578,-0.039279786
3.049,0.043834289,-0.039268803
3.05,0.043795012,-0.039256821
3.051,0.043755747,-0.03924484
3.052,0.043716494,-0.039232858
3.053,0.043677254,-0.039219878
3.054,0.043638027,-0.039206898
3.055,0.043598814,-0.03919292
3.056,0.043559614,-0.03917994
3.057,0.043520427,-0.03916696
3.058,0.043481255,-0.039151983
3.059,0.043442096,-0.039139003
3.06,0.043402953,-0.039123027
3.061,0.043363824,-0.039109048
3.062,0.04332471,-0.039094071
3.063,0.043285611,-0.039079094
3.064,0.043246528,-0.039063119
3.065,0.04320746,-0.039048142
3.066,0.043168408,-0.039032166
3.067,0.043129373,-0.039015192
3.068,0.043090354,-0.038999216
3.069,0.043051351,-0.03898324
3.07,0.043012366,-0.038965268
3.071,0.042973397,-0.038949292
3.072,0.042934446,-0.038931319
3.073,0.042895512,-0.038914345
3.074,0.042856597,-0.038895374
3.075,0.042817699,-0.0388784
3.076,0.042778819,-0.038860427
3.077,0.042739957,-0.038842454
3.078,0.042701115,-0.038822484
3.079,0.042662291,-0.038804511
3.08,0.042623486,-0.03878554
3.081,0.0425847,-0.038766568
3.082,0.042545934,-0.038746598
3.083,0.042507187,-0.038727627
3.084,0.04246846,-0.038707657
3.085,0.042429753,-0.038687687
3.086,0.042391066,-0.038667717
3.087,0.0423524,-0.038646748
3.088,0.042313754,-0.038626778
3.089,0.042275129,-0.038605809
3.09,0.042236525,-0.03858484
3.091,0.042197942,-0.038563872
3.092,0.042159381,-0.038541904
3.093,0.042120841,-0.038520935
3.094,0.042082322,-0.038499967
3.095,0.042043826,-0.038477001
3.096,0.042005351,-0.038456032
3.097,0.041966899,-0.038433066
3.098,0.041928469,-0.038411098
3.099,0.041890062,-0.038388132
3.1,0.041851677,-0.038366164
3.101,0.041813315,-0.038343198
3.102,0.041774976,-0.038320232
3.103,0.041736661,-0.038296267
3.104,0.041698368,-0.038274299
3.105,0.0416601,-0.038249336
3.106,0.041621855,-0.03822637
3.107,0.041583633,-0.038203403
3.108,0.041545436,-0.03817844
3.109,0.041507263,-0.038154475
3.11,0.041469114,-0.038130509
3.111,0.04143099,-0.038105546
3.112,0.04139289,-0.038081581
3.113,0.041354815,-0.038056617
3.114,0.041316765,-0.038031653
3.115,0.04127874,-0.038006689
3.116,0.041240739,-0.037982724
3.117,0.041202765,-0.037955763
3.118,0.041164815,-0.037931797
3.119,0.041126892,-0.037904836
3.12,0.041088993,-0.03788087
3.121,0.041051121,-0.037853909
3.122,0.041013275,-0.037827946
3.123,0.040975455,-0.037801983
3.124,0.040937661,-0.037776021
3.125,0.040899893,-0.037750058
3.126,0.040862152,-0.037723096
3.127,0.040824437,-0.037697133
3.128,0.040786749,-0.037670171
3.129,0.040749088,-0.03764321
3.13,0.040711454,-0.037616248
3.131,0.040673847,-0.037589286
3.132,0.040636267,-0.037562324
3.133,0.040598715,-0.037534364
3.134,0.04056119,-0.037507402
3.135,0.040523692,-0.03748044
3.136,0.040486222,-0.037452479
3.137,0.04044878,-0.037424518
3.138,0.040411366,-0.037396557
3.139,0.040373979,-0.037369595
3.14,0.040336621,-0.037340635
3.141,0.040299291,-0.037312674
3.142,0.040261989,-0.037284713
3.143,0.040224716,-0.037255754
3.144,0.040187471,-0.037227792
3.145,0.040150254,-0.037199831
3.146,0.040113067,-0.037169873
3.147,0.040075908,-0.037141911
3.148,0.040038778,-0.037112951
3.149,0.040001677,-0.037083991
3.15,0.039964605,-0.037055031
3.151,0.039927562,-0.037026071
3.152,0.039890548,-0.03699711
3.153,0.039853564,-0.036967151
3.154,0.039816609,-0.036938191
3.155,0.039779684,-0.036908232
3.156,0.039742788,-0.036879271
3.157,0.039705922,-0.036849312
3.158,0.039669086,-0.036819353
3.159,0.039632279,-0.036790392
3.16,0.039595503,-0.036759434
3.161,0.039558756,-0.036730473
3.162,0.03952204,-0.036699515
3.163,0.039485353,-0.036670554
3.164,0.039448697,-0.036639595
3.165,0.039412072,-0.036608637
3.166,0.039375476,-0.036579676
3.167,0.039338912,-0.036547719
3.168,0.039302377,-0.036518757
3.169,0.039265874,-0.0364868
3.17,0.039229401,-0.03645684
3.171,0.039192959,-0.036425881
3.172,0.039156547,-0.036395921
3.173,0.039120167,-0.036363963
3.174,0.039083817,-0.036334003
3.175,0.039047499,-0.036302045
3.176,0.039011211,-0.036272084
3.177,0.038974955,-0.036240126
3.178,0.03893873,-0.036209167
3.179,0.038902536,-0.036178208
3.18,0.038866374,-0.036146249
3.181,0.038830242,-0.036116289
3.182,0.038794143,-0.036083332
3.183,0.038758075,-0.036052372
3.184,0.038722038,-0.036021412
3.185,0.038686033,-0.035989454
3.186,0.03865006,-0.035957495
3.187,0.038614119,-0.035925536
3.188,0.038578209,-0.035894576
3.189,0.038542331,-0.035862617
3.19,0.038506485,-0.035830659
3.191,0.038470671,-0.0357987
3.192,0.038434889,-0.035766741
3.193,0.038399139,-0.035734781
3.194,0.038363422,-0.035701824
3.195,0.038327736,-0.035670863
3.196,0.038292082,-0.035638904
3.197,0.038256461,-0.035605945
3.198,0.038220872,-0.035573986
3.199,0.038185316,-0.035541028
3.2,0.038149791,-0.035510067
3.201,0.038114299,-0.035477108
3.202,0.03807884,-0.03544415
3.203,0.038043413,-0.03541219
3.204,0.038008018,-0.03538023
3.205,0.037972657,-0.035346273
3.206,0.037937327,-0.035315311
3.207,0.037902031,-0.035281354
3.208,0.037866767,-0.035249393
3.209,0.037831536,-0.035216434
3.21,0.037796337,-0.035184474
3.211,0.037761172,-0.035150516
3.212,0.037726039,-0.035118555
3.213,0.037690939,-0.035085596
3.214,0.037655872,-0.035052637
3.215,0.037620838,-0.035019677
3.216,0.037585836,-0.034987716
3.217,0.037550868,-0.034953758
3.218,0.037515933,-0.034920798
3.219,0.037481031,-0.034887838
3.22,0.037446162,-0.034854879
3.221,0.037411326,-0.034821919
3.222,0.037376523,-0.034788959
3.223,0.037341753,-0.034755998
3.224,0.037307017,-0.034722039
3.225,0.037272313,-0.034690078
3.226,0.037237643,-0.034656119
3.227,0.037203006,-0.034623158
3.228,0.037168403,-0.034589199
3.229,0.037133832,-0.034557237
3.23,0.037099295,-0.034523278
3.231,0.037064792,-0.034489318
3.232,0.037030321,-0.034457356
3.233,0.036995885,-0.034422398
3.234,0.036961481,-0.034390436
3.235,0.036927111,-0.034356476
3.236,0.036892774,-0.034323515
3.237,0.036858471,-0.034289555
3.238,0.036824201,-0.034256594
3.239,0.036789965,-0.034222633
3.24,0.036755762,-0.034189672
3.241,0.036721593,-0.034155712
3.242,0.036687457,-0.03412275
3.243,0.036653355,-0.03408879
3.244,0.036619287,-0.034054829
3.245,0.036585252,-0.034021867
3.246,0.03655125,-0.033988905
3.247,0.036517282,-0.033954945
3.248,0.036483348,-0.033920984
3.249,0.036449448,-0.033887023
3.25,0.036415581,-0.033854061
3.251,0.036381747,-0.033821098
3.252,0.036347948,-0.033786138
3.253,0.036314181,-0.033754175
3.254,0.036280449,-0.033719215
3.255,0.03624675,-0.033686252
3.256,0.036213085,-0.033652291
3.257,0.036179454,-0.033618329
3.258,0.036145856,-0.033585366
3.259,0.036112292,-0.033551405
3.26,0.036078762,-0.033517443
3.261,0.036045266,-0.033483481
3.262,0.036011803,-0.033450518
3.263,0.035978374,-0.033416556
3.264,0.035944978,-0.033383593
3.265,0.035911617,-0.033348632
3.266,0.035878289,-0.033315668
3.267,0.035844994,-0.033282705
3.268,0.035811734,-0.033247744
3.269,0.035778507,-0.03321478
3.27,0.035745314,-0.033180818
3.271,0.035712155,-0.033146855
3.272,0.035679029,-0.033113891
3.273,0.035645937,-0.033079928
3.274,0.035612879,-0.033045966
3.275,0.035579855,-0.033012003
3.276,0.035546864,-0.032979039
3.277,0.035513907,-0.032945076
3.278,0.035480984,-0.032911112
3.279,0.035448094,-0.032878148
3.28,0.035415238,-0.032844185
3.281,0.035382416,-0.032810221
3.282,0.035349628,-0.032776258
3.283,0.035316873,-0.032743293
3.284,0.035284152,-0.03270933
3.285,0.035251465,-0.032675366
3.286,0.035218811,-0.032642401
3.287,0.035186191,-0.032608437
3.288,0.035153605,-0.032574474
3.289,0.035121052,-0.032541509
3.29,0.035088533,-0.032507544
3.291,0.035056048,-0.03247358
3.292,0.035023596,-0.032440615
3.293,0.034991178,-0.032406651
3.294,0.034958794,-0.032372686
3.295,0.034926443,-0.032339721
3.296,0.034894125,-0.032306756
3.297,0.034861842,-0.032271792
3.298,0.034829592,-0.032238826
3.299,0.034797375,-0.032205861
3.3,0.034765192,-0.032171896
3.301,0.034733043,-0.032137931
3.302,0.034700927,-0.032104965
3.303,0.034668845,-0.032071
3.304,0.034636796,-0.032038034
3.305,0.03460478,-0.032005068
3.306,0.034572799,-0.031970103
3.307,0.03454085,-0.031938136
3.308,0.034508935,-0.031904171
3.309,0.034477054,-0.031870205
3.31,0.034445206,-0.031837239
3.311,0.034413391,-0.031804272
3.312,0.03438161,-0.031770307
3.313,0.034349862,-0.03173734
3.314,0.034318148,-0.031703374
3.315,0.034286467,-0.031670407
3.316,0.034254819,-0.03163744
3.317,0.034223205,-0.031603474
3.318,0.034191623,-0.031571506
3.319,0.034160076,-0.031536541
3.32,0.034128561,-0.031504573
3.321,0.03409708,-0.031470606
3.322,0.034065632,-0.031437639
3.323,0.034034217,-0.031404672
3.324,0.034002835,-0.031371704
3.325,0.033971487,-0.031337738
3.326,0.033940172,-0.03130477
3.327,0.03390889,-0.031271802
3.328,0.033877641,-0.031238834
3.329,0.033846425,-0.031205867
3.33,0.033815242,-0.031172899
3.331,0.033784092,-0.031139931
3.332,0.033752976,-0.031105964
3.333,0.033721892,-0.031073995
3.334,0.033690842,-0.031040027
3.335,0.033659824,-0.031008058
3.336,0.033628839,-0.03097509
3.337,0.033597888,-0.030941122
3.338,0.033566969,-0.030909153
3.339,0.033536083,-0.030876184
3.34,0.03350523,-0.030843216
3.341,0.03347441,-0.030810247
3.342,0.033443623,-0.030777278
3.343,0.033412869,-0.03074431
3.344,0.033382147,-0.03071234
3.345,0.033351458,-0.030679371
3.346,0.033320802,-0.030646402
3.347,0.033290179,-0.030613433
3.348,0.033259588,-0.030581463
3.349,0.03322903,-0.030548494
3.35,0.033198505,-0.030515524
3.351,0.033168012,-0.030483554
3.352,0.033137552,-0.030450585
3.353,0.033107124,-0.030418614
3.354,0.03307673,-0.030384646
3.355,0.033046367,-0.030353674
3.356,0.033016037,-0.030320705
3.357,0.03298574,-0.030287735
3.358,0.032955475,-0.030255764
3.359,0.032925243,-0.030222795
3.36,0.032895042,-0.030191823
3.361,0.032864875,-0.030157854
3.362,0.032834739,-0.030126882
3.363,0.032804636,-0.030093912
3.364,0.032774566,-0.030060942
3.365,0.032744527,-0.03002997
3.366,0.032714521,-0.029996999
3.367,0.032684547,-0.029965028
3.368,0.032654605,-0.029933057
3.369,0.032624696,-0.029900086
3.37,0.032594818,-0.029869114
3.371,0.032564973,-0.029836144
3.372,0.03253516,-0.029804172
3.373,0.032505379,-0.0297722
3.374,0.03247563,-0.029740229
3.375,0.032445912,-0.029709256
3.376,0.032416227,-0.029676285
3.377,0.032386574,-0.029644313
3.378,0.032356953,-0.029612341
3.379,0.032327363,-0.029581369
3.38,0.032297806,-0.029548397
3.381,0.03226828,-0.029517424
3.382,0.032238786,-0.029485452
3.383,0.032209324,-0.02945348
3.384,0.032179894,-0.029421508
3.385,0.032150495,-0.029390535
3.386,0.032121128,-0.029358562
3.387,0.032091793,-0.02932659
3.388,0.032062489,-0.029295616
3.389,0.032033217,-0.029263644
3.39,0.032003977,-0.029231671
3.391,0.031974768,-0.029200698
3.392,0.031945591,-0.029168725
3.393,0.031916445,-0.029137751
3.394,0.03188733,-0.029106777
3.395,0.031858247,-0.029074804
3.396,0.031829195,-0.029043831
3.397,0.031800175,-0.029011858
3.398,0.031771186,-0.028980884
3.399,0.031742228,-0.02894991
3.4,0.031713302,-0.028917936
3.401,0.031684407,-0.028886962
3.402,0.031655543,-0.028855988
3.403,0.03162671,-0.028825014
3.404,0.031597908,-0.02879404
3.405,0.031569138,-0.028762066
3.406,0.031540398,-0.028732091
3.407,0.03151169,-0.028700117
3.408,0.031483012,-0.028670142
3.409,0.031454366,-0.028638168
3.41,0.03142575,-0.028608193
3.411,0.031397166,-0.028576219
3.412,0.031368612,-0.028546243
3.413,0.031340089,-0.028515269
3.414,0.031311597,-0.028484294
3.415,0.031283136,-0.028453319
3.416,0.031254705,-0.028423343
3.417,0.031226306,-0.028391369
3.418,0.031197936,-0.028362392
3.419,0.031169598,-0.028330418
3.42,0.03114129,-0.028300442
3.421,0.031113013,-0.028269467
3.422,0.031084766,-0.028239491
3.423,0.03105655,-0.028208516
3.424,0.031028365,-0.02817754
3.425,0.031000209,-0.028148563
3.426,0.030972085,-0.028116589
3.427,0.03094399,-0.028087611
3.428,0.030915926,-0.028056636
3.429,0.030887893,-0.02802566
3.43,0.030859889,-0.027996683
3.431,0.030831916,-0.027965707
3.432,0.030803973,-0.027935731
3.433,0.030776061,-0.027904755
3.434,0.030748178,-0.027875777
3.435,0.030720326,-0.027844801
3.436,0.030692504,-0.027814825
3.437,0.030664711,-0.027785847
3.438,0.030636949,-0.027754871
3.439,0.030609217,-0.027724894
3.44,0.030581515,-0.027694917
3.441,0.030553842,-0.027665939
3.442,0.0305262,-0.027634963
3.443,0.030498587,-0.027605985
3.444,0.030471005,-0.027575009
3.445,0.030443452,-0.027546031
3.446,0.030415928,-0.027517053
3.447,0.030388435,-0.027486076
3.448,0.030360971,-0.027457098
3.449,0.030333537,-0.027427121
3.45,0.030306132,-0.027398142
3.451,0.030278757,-0.027368165
3.452,0.030251412,-0.027338187
3.453,0.030224096,-0.027309209
3.454,0.030196809,-0.027280231
3.455,0.030169552,-0.027250253
3.456,0.030142325,-0.027220275
3.457,0.030115127,-0.027191297
3.458,0.030087958,-0.027162318
3.459,0.030060818,-0.027133339
3.46,0.030033708,-0.027103361
3.461,0.030006627,-0.027074383
3.462,0.029979575,-0.027045404
3.463,0.029952552,-0.027016425
3.464,0.029925558,-0.026987446
3.465,0.029898594,-0.026957468
3.466,0.029871658,-0.026929488
3.467,0.029844752,-0.02689951
3.468,0.029817875,-0.026870531
3.469,0.029791026,-0.026842551
3.47,0.029764206,-0.026813572
3.471,0.029737416,-0.026783594
3.472,0.029710654,-0.026755614
3.473,0.029683921,-0.026726634
3.474,0.029657217,-0.026697655
3.475,0.029630541,-0.026669675
3.476,0.029603894,-0.026640696
3.477,0.029577276,-0.026611716
3.478,0.029550687,-0.026582737
3.479,0.029524126,-0.026554756
3.48,0.029497594,-0.026525777
3.481,0.02947109,-0.026497797
3.482,0.029444614,-0.026469816
3.483,0.029418168,-0.026439837
3.484,0.029391749,-0.026412856
3.485,0.029365359,-0.026383876
3.486,0.029338998,-0.026354896
3.487,0.029312664,-0.026327915
3.488,0.029286359,-0.026298935
3.489,0.029260082,-0.026270955
3.49,0.029233834,-0.026241975
3.491,0.029207613,-0.026214993
3.492,0.029181421,-0.026186013
3.493,0.029155257,-0.026158032
3.494,0.029129121,-0.026130051
3.495,0.029103013,-0.02610207
3.496,0.029076933,-0.026074089
3.497,0.029050881,-0.026046109
3.498,0.029024856,-0.026019127
3.499,0.02899886,-0.025990146
3.5,0.028972892,-0.025962165
3.501,0.028946951,-0.025935183
3.502,0.028921038,-0.025907202
3.503,0.028895153,-0.025879221
3.504,0.028869296,-0.02585124
3.505,0.028843466,-0.025824258
3.506,0.028817664,-0.025796276
3.507,0.02879189,-0.025768295
3.508,0.028766143,-0.025741313
3.509,0.028740424,-0.025713331
3.51,0.028714732,-0.025686349
3.511,0.028689068,-0.025658368
3.512,0.028663431,-0.025631386
3.513,0.028637821,-0.025604403
3.514,0.028612239,-0.025576422
3.515,0.028586685,-0.02554844
3.516,0.028561157,-0.025522457
3.517,0.028535657,-0.025494475
3.518,0.028510184,-0.025467493
3.519,0.028484738,-0.02544051
3.52,0.02845932,-0.025412528
3.521,0.028433928,-0.025386545
3.522,0.028408564,-0.025358563
3.523,0.028383226,-0.02533258
3.524,0.028357916,-0.025304598
3.525,0.028332632,-0.025278614
3.526,0.028307376,-0.025250632
3.527,0.028282146,-0.025224649
3.528,0.028256944,-0.025196666
3.529,0.028231768,-0.025170683
3.53,0.028206619,-0.0251437
3.531,0.028181496,-0.025117716
3.532,0.028156401,-0.025089734
3.533,0.028131332,-0.02506375
3.534,0.02810629,-0.025036767
3.535,0.028081274,-0.025010784
3.536,0.028056285,-0.0249838
3.537,0.028031323,-0.024956817
3.538,0.028006387,-0.024930833
3.539,0.027981477,-0.02490485
3.54,0.027956594,-0.024877866
3.541,0.027931738,-0.024850883
3.542,0.027906908,-0.024824899
3.543,0.027882104,-0.024798915
3.544,0.027857326,-0.024772931
3.545,0.027832575,-0.024745948
3.546,0.02780785,-0.024719964
3.547,0.027783151,-0.024693979
3.548,0.027758478,-0.024667995
3.549,0.027733832,-0.024641012
3.55,0.027709211,-0.024616027
3.551,0.027684617,-0.024589043
3.552,0.027660049,-0.024563059
3.553,0.027635506,-0.024538074
3.554,0.02761099,-0.02451109
3.555,0.0275865,-0.024485106
3.556,0.027562035,-0.024460121
3.557,0.027537596,-0.024434136
3.558,0.027513183,-0.024408152
3.559,0.027488796,-0.024382167
3.56,0.027464435,-0.024356183
3.561,0.027440099,-0.024331197
3.562,0.02741579,-0.024304213
3.563,0.027391505,-0.024280228
3.564,0.027367247,-0.024253243
3.565,0.027343014,-0.024228258
3.566,0.027318806,-0.024203273
3.567,0.027294624,-0.024177288
3.568,0.027270467,-0.024152303
3.569,0.027246336,-0.024126318
3.57,0.027222231,-0.024100333
3.571,0.02719815,-0.024076347
3.572,0.027174095,-0.024050362
3.573,0.027150066,-0.024024377
3.574,0.027126061,-0.024000391
3.575,0.027102082,-0.023974406
3.576,0.027078128,-0.02394942
3.577,0.027054199,-0.023924434
3.578,0.027030296,-0.023898449
3.579,0.027006417,-0.023874463
3.58,0.026982564,-0.023848478
3.581,0.026958735,-0.023824491
3.582,0.026934932,-0.023798506
3.583,0.026911154,-0.02377352
3.584,0.0268874,-0.023749534
3.585,0.026863671,-0.023724548
3.586,0.026839968,-0.023698562
3.587,0.026816289,-0.023674576
3.588,0.026792635,-0.02364959
3.589,0.026769005,-0.023625603
3.59,0.026745401,-0.023599618
3.591,0.026721821,-0.023575631
3.592,0.026698265,-0.023551644
3.593,0.026674735,-0.023525659
3.594,0.026651229,-0.023501672
3.595,0.026627747,-0.023477685
3.596,0.02660429,-0.023452699
3.597,0.026580858,-0.023427713
3.598,0.02655745,-0.023403726
3.599,0.026534066,-0.023379739
3.6,0.026510707,-0.023354753
3.601,0.026487372,-0.023330766
3.602,0.026464062,-0.023305779
3.603,0.026440776,-0.023281793
3.604,0.026417514,-0.023257806
3.605,0.026394276,-0.023233818
3.606,0.026371063,-0.023208832
3.607,0.026347874,-0.023184845
3.608,0.026324708,-0.023161857
3.609,0.026301567,-0.023136871
3.61,0.02627845,-0.023112883
3.611,0.026255357,-0.023088896
3.612,0.026232289,-0.02306391
3.613,0.026209244,-0.023040922
3.614,0.026186222,-0.023017934
3.615,0.026163225,-0.022992947
3.616,0.026140252,-0.02296896
3.617,0.026117303,-0.022944973
3.618,0.026094377,-0.022921985
3.619,0.026071475,-0.022897997
3.62,0.026048597,-0.02287401
3.621,0.026025743,-0.022850022
3.622,0.026002912,-0.022827034
3.623,0.025980105,-0.022803047
3.624,0.025957321,-0.022780059
3.625,0.025934562,-0.022755072
3.626,0.025911825,-0.022733083
3.627,0.025889112,-0.022709095
3.628,0.025866423,-0.022685108
3.629,0.025843757,-0.02266212
3.63,0.025821115,-0.022638132
3.631,0.025798496,-0.022615144
3.632,0.0257759,-0.022592155
3.633,0.025753327,-0.022569167
3.634,0.025730778,-0.022545179
3.635,0.025708252,-0.022522191
3.636,0.02568575,-0.022498203
3.637,0.02566327,-0.022476214
3.638,0.025640814,-0.022452226
3.639,0.025618381,-0.022429238
3.64,0.025595971,-0.02240625
3.641,0.025573584,-0.022383261
3.642,0.02555122,-0.022360273
3.643,0.025528879,-0.022337284
3.644,0.025506561,-0.022314296
3.645,0.025484266,-0.022291307
3.646,0.025461994,-0.022268318
3.647,0.025439745,-0.02224533
3.648,0.025417519,-0.022222341
3.649,0.025395315,-0.022200352
3.65,0.025373134,-0.022177363
3.651,0.025350976,-0.022154375
3.652,0.025328841,-0.022131386
3.653,0.025306728,-0.022109397
3.654,0.025284639,-0.022085408
3.655,0.025262571,-0.022064419
3.656,0.025240527,-0.02204043
3.657,0.025218505,-0.022018441
3.658,0.025196505,-0.021996452
3.659,0.025174528,-0.021973463
3.66,0.025152573,-0.021951473
3.661,0.025130641,-0.021928484
3.662,0.025108731,-0.021906495
3.663,0.025086844,-0.021883506
3.664,0.025064979,-0.021861517
3.665,0.025043137,-0.021838528
3.666,0.025021316,-0.021817538
3.667,0.024999518,-0.021794549
3.668,0.024977742,-0.021772559
3.669,0.024955989,-0.02174957
3.67,0.024934257,-0.02172858
3.671,0.024912548,-0.021705591
3.672,0.024890861,-0.021683601
3.673,0.024869195,-0.021662611
3.674,0.024847552,-0.021639622
3.675,0.024825931,-0.021617632
3.676,0.024804332,-0.021595642
3.677,0.024782755,-0.021573652
3.678,0.0247612,-0.021551663
3.679,0.024739667,-0.021529673
3.68,0.024718155,-0.021508683
3.681,0.024696666,-0.021485693
3.682,0.024675198,-0.021464703
3.683,0.024653752,-0.021442713
3.684,0.024632328,-0.021420723
3.685,0.024610925,-0.021399733
3.686,0.024589545,-0.021376743
3.687,0.024568186,-0.021355753
3.688,0.024546848,-0.021334762
3.689,0.024525532,-0.021312772
3.69,0.024504238,-0.021290782
3.691,0.024482965,-0.021269792
3.692,0.024461714,-0.021247802
3.693,0.024440484,-0.021226811
3.694,0.024419276,-0.021204821
3.695,0.024398089,-0.021183831
3.696,0.024376924,-0.021161841
3.697,0.02435578,-0.02114085
3.698,0.024334657,-0.021119859
3.699,0.024313556,-0.021097869
3.7,0.024292476,-0.021076878
3.701,0.024271417,-0.021055888
3.702,0.024250379,-0.021034897
3.703,0.024229363,-0.021012907
3.704,0.024208367,-0.020992916
3.705,0.024187393,-0.020970925
3.706,0.02416644,-0.020949934
3.707,0.024145508,-0.020928944
3.708,0.024124598,-0.020906953
3.709,0.024103708,-0.020886962
3.71,0.024082839,-0.020865971
3.711,0.024061991,-0.02084498
3.712,0.024041164,-0.020823989
3.713,0.024020358,-0.020802999
3.714,0.023999573,-0.020782008
3.715,0.023978809,-0.020761017
3.716,0.023958066,-0.020740026
3.717,0.023937343,-0.020720034
3.718,0.023916641,-0.020699043
3.719,0.02389596,-0.020678052
3.72,0.0238753,-0.020657061
3.721,0.02385466,-0.02063707
3.722,0.023834041,-0.020616079
3.723,0.023813443,-0.020595088
3.724,0.023792865,-0.020575096
3.725,0.023772308,-0.020554105
3.726,0.023751771,-0.020534113
3.727,0.023731255,-0.020513122
3.728,0.023710759,-0.020493131
3.729,0.023690284,-0.02047214
3.73,0.02366983,-0.020451148
3.731,0.023649395,-0.020432156
3.732,0.023628981,-0.020411165
3.733,0.023608588,-0.020390174
3.734,0.023588215,-0.020370182
3.735,0.023567862,-0.02035019
3.736,0.023547529,-0.020330199
3.737,0.023527217,-0.020309207
3.738,0.023506925,-0.020289216
3.739,0.023486653,-0.020269224
3.74,0.023466401,-0.020249232
3.741,0.023446169,-0.02022924
3.742,0.023425958,-0.020208249
3.743,0.023405766,-0.020189256
3.744,0.023385595,-0.020168265
3.745,0.023365444,-0.020148273
3.746,0.023345313,-0.020128281
3.747,0.023325201,-0.020109289
3.748,0.02330511,-0.020088297
3.749,0.023285038,-0.020069305
3.75,0.023264987,-0.020048314
3.751,0.023244955,-0.020029321
3.752,0.023224943,-0.020009329
3.753,0.023204951,-0.019989337
3.754,0.023184979,-0.019969345
3.755,0.023165027,-0.019949353
3.756,0.023145094,-0.019930361
3.757,0.023125181,-0.019910369
3.758,0.023105288,-0.019890377
3.759,0.023085414,-0.019871384
3.76,0.02306556,-0.019851392
3.761,0.023045726,-0.0198314
3.762,0.023025911,-0.019812407
3.763,0.023006116,-0.019792415
3.764,0.02298634,-0.019773423
3.765,0.022966584,-0.01975343
3.766,0.022946848,-0.019733438
3.767,0.02292713,-0.019715445
3.768,0.022907433,-0.019694453
3.769,0.022887754,-0.01967646
3.77,0.022868095,-0.019656468
3.771,0.022848456,-0.019636476
3.772,0.022828835,-0.019618483
3.773,0.022809234,-0.01959849
3.774,0.022789653,-0.019578498
3.775,0.02277009,-0.019560505
3.776,0.022750547,-0.019540513
3.777,0.022731023,-0.01952152
3.778,0.022711518,-0.019502527
3.779,0.022692033,-0.019482535
3.78,0.022672566,-0.019464541
3.781,0.022653118,-0.019445549
3.782,0.02263369,-0.019425556
3.783,0.022614281,-0.019406563
3.784,0.02259489,-0.01938857
3.785,0.022575519,-0.019368578
3.786,0.022556167,-0.019349585
3.787,0.022536833,-0.019331592
3.788,0.022517519,-0.019311599
3.789,0.022498224,-0.019292606
3.79,0.022478947,-0.019274613
3.791,0.022459689,-0.01925562
3.792,0.02244045,-0.019236627
3.793,0.02242123,-0.019217634
3.794,0.022402029,-0.019198641
3.795,0.022382846,-0.019180647
3.796,0.022363682,-0.019161654
3.797,0.022344537,-0.019142661
3.798,0.02232541,-0.019124668
3.799,0.022306302,-0.019105675
3.8,0.022287213,-0.019086682
3.801,0.022268143,-0.019067689
3.802,0.022249091,-0.019049695
3.803,0.022230057,-0.019031702
3.804,0.022211042,-0.019012709
3.805,0.022192046,-0.018993716
3.806,0.022173068,-0.018975722
3.807,0.022154108,-0.018957729
3.808,0.022135167,-0.018938735
3.809,0.022116245,-0.018919742
3.81,0.022097341,-0.018901749
3.811,0.022078455,-0.018883755
3.812,0.022059587,-0.018865761
3.813,0.022040738,-0.018846768
3.814,0.022021907,-0.018828775
3.815,0.022003095,-0.018809781
3.816,0.0219843,-0.018792787
3.817,0.021965524,-0.018773794
3.818,0.021946766,-0.0187558
3.819,0.021928026,-0.018737807
3.82,0.021909305,-0.018718813
3.821,0.021890601,-0.018701819
3.822,0.021871916,-0.018682826
3.823,0.021853249,-0.018664832
3.824,0.0218346,-0.018646839
3.825,0.021815968,-0.018629844
3.826,0.021797355,-0.018610851
3.827,0.02177876,-0.018592857
3.828,0.021760183,-0.018574863
3.829,0.021741624,-0.01855687
3.83,0.021723083,-0.018538876
3.831,0.021704559,-0.018521882
3.832,0.021686054,-0.018502888
3.833,0.021667566,-0.018485894
3.834,0.021649096,-0.0184679
3.835,0.021630644,-0.018449906
3.836,0.02161221,-0.018431912
3.837,0.021593794,-0.018413919
3.838,0.021575395,-0.018396924
3.839,0.021557014,-0.01837893
3.84,0.021538651,-0.018360936
3.841,0.021520305,-0.018343942
3.842,0.021501977,-0.018325948
3.843,0.021483667,-0.018307954
3.844,0.021465374,-0.01829096
3.845,0.021447099,-0.018272966
3.846,0.021428841,-0.018255972
3.847,0.021410601,-0.018237978
3.848,0.021392379,-0.018219984
3.849,0.021374174,-0.018202989
3.85,0.021355986,-0.018185995
3.851,0.021337816,-0.018168001
3.852,0.021319663,-0.018151006
3.853,0.021301528,-0.018133012
3.854,0.02128341,-0.018116018
3.855,0.02126531,-0.018098024
3.856,0.021247227,-0.018081029
3.857,0.021229161,-0.018064035
3.858,0.021211112,-0.01804704
3.859,0.021193081,-0.018029046
3.86,0.021175067,-0.018012052
3.861,0.02115707,-0.017995057
3.862,0.021139091,-0.017977063
3.863,0.021121128,-0.017961068
3.864,0.021103183,-0.017943074
3.865,0.021085255,-0.01792608
3.866,0.021067344,-0.017909085
3.867,0.02104945,-0.017892091
3.868,0.021031573,-0.017875096
3.869,0.021013714,-0.017857102
3.87,0.020995871,-0.017841107
3.871,0.020978046,-0.017823113
3.872,0.020960237,-0.017807118
3.873,0.020942445,-0.017790123
3.874,0.020924671,-0.017772129
3.875,0.020906913,-0.017756134
3.876,0.020889172,-0.017739139
3.877,0.020871448,-0.017722144
3.878,0.020853741,-0.01770515
3.879,0.020836051,-0.017688155
3.88,0.020818377,-0.01767216
3.881,0.020800721,-0.017654166
3.882,0.020783081,-0.017638171
3.883,0.020765458,-0.017621176
3.884,0.020747851,-0.017605181
3.885,0.020730262,-0.017587186
3.886,0.020712689,-0.017571191
3.887,0.020695133,-0.017554197
3.888,0.020677593,-0.017538202
3.889,0.02066007,-0.017521207
3.89,0.020642564,-0.017504212
3.891,0.020625074,-0.017488217
3.892,0.020607601,-0.017471222
3.893,0.020590145,-0.017454227
3.894,0.020572705,-0.017438232
3.895,0.020555281,-0.017422237
3.896,0.020537874,-0.017405242
3.897,0.020520484,-0.017388247
3.898,0.02050311,-0.017372252
3.899,0.020485752,-0.017356257
3.9,0.020468411,-0.017339262
3.901,0.020451086,-0.017323267
3.902,0.020433778,-0.017306272
3.903,0.020416486,-0.017290277
3.904,0.02039921,-0.017274282
3.905,0.02038195,-0.017258286
3.906,0.020364707,-0.017241291
3.907,0.02034748,-0.017225296
3.908,0.02033027,-0.017208301
3.909,0.020313076,-0.017192306
3.91,0.020295897,-0.01717731
3.911,0.020278735,-0.017160315
3.912,0.02026159,-0.01714332
3.913,0.02024446,-0.017128325
3.914,0.020227347,-0.01711133
3.915,0.020210249,-0.017096334
3.916,0.020193168,-0.017079339
3.917,0.020176103,-0.017063344
3.918,0.020159054,-0.017047348
3.919,0.020142021,-0.017031353
3.92,0.020125004,-0.017015358
3.921,0.020108003,-0.016999362
3.922,0.020091018,-0.016983367
3.923,0.020074048,-0.016968371
3.924,0.020057095,-0.016951376
3.925,0.020040158,-0.016935381
3.926,0.020023237,-0.016919385
3.927,0.020006331,-0.01690439
3.928,0.019989442,-0.016887394
3.929,0.019972568,-0.016872399
3.93,0.01995571,-0.016856403
3.931,0.019938868,-0.016840408
3.932,0.019922042,-0.016824412
3.933,0.019905231,-0.016809417
3.934,0.019888436,-0.016793421
3.935,0.019871657,-0.016777426
3.936,0.019854894,-0.01676143
3.937,0.019838146,-0.016746434
3.938,0.019821414,-0.016730439
3.939,0.019804698,-0.016714443
3.94,0.019787997,-0.016699447
3.941,0.019771312,-0.016683452
3.942,0.019754643,-0.016667456
3.943,0.019737989,-0.016652461
3.944,0.019721351,-0.016636465
3.945,0.019704728,-0.016621469
3.946,0.019688121,-0.016605474
3.947,0.019671529,-0.016590478
3.948,0.019654953,-0.016574482
3.949,0.019638392,-0.016559486
3.95,0.019621847,-0.016543491
3.951,0.019605317,-0.016528495
3.952,0.019588802,-0.016513499
3.953,0.019572303,-0.016497503
3.954,0.019555819,-0.016482507
3.955,0.019539351,-0.016466512
3.956,0.019522898,-0.016451516
3.957,0.019506461,-0.01643552
3.958,0.019490038,-0.016421524
3.959,0.019473631,-0.016405528
3.96,0.019457239,-0.016390532
3.961,0.019440863,-0.016374536
3.962,0.019424501,-0.01636054
3.963,0.019408155,-0.016344544
3.964,0.019391824,-0.016329548
3.965,0.019375509,-0.016313553
3.966,0.019359208,-0.016299556
3.967,0.019342923,-0.016283561
3.968,0.019326652,-0.016269564
3.969,0.019310397,-0.016253569
3.97,0.019294157,-0.016238573
3.971,0.019277932,-0.016223576
3.972,0.019261722,-0.01620858
3.973,0.019245527,-0.016193584
3.974,0.019229347,-0.016178588
3.975,0.019213182,-0.016163592
3.976,0.019197033,-0.016147596
3.977,0.019180898,-0.0161336
3.978,0.019164778,-0.016118604
3.979,0.019148673,-0.016103608
3.98,0.019132582,-0.016089611
3.981,0.019116507,-0.016073616
3.982,0.019100447,-0.016058619
3.983,0.019084401,-0.016044623
3.984,0.019068371,-0.016028627
3.985,0.019052355,-0.016014631
3.986,0.019036354,-0.015999635
3.987,0.019020367,-0.015985638
3.988,0.019004396,-0.015969642
3.989,0.018988439,-0.015955646
3.99,0.018972497,-0.01594065
3.991,0.01895657,-0.015925653
3.992,0.018940658,-0.015910657
3.993,0.01892476,-0.015896661
3.994,0.018908877,-0.015881665
3.995,0.018893008,-0.015867668
3.996,0.018877154,-0.015852672
3.997,0.018861315,-0.015837676
3.998,0.01884549,-0.015823679
3.999,0.01882968,-0.015808683
4,0.018813885,-0.015793687
4.001,0.018798104,-0.01577969
4.002,0.018782359,-0.015743699
4.003,0.018766671,-0.015686713
4.004,0.018751054,-0.015615731
4.005,0.018735524,-0.015528752
4.006,0.018720093,-0.015429775
4.007,0.01870477,-0.015321801
4.008,0.018689564,-0.015204828
4.009,0.018674485,-0.015077857
4.01,0.018659536,-0.014947887
4.011,0.018644725,-0.014809917
4.012,0.018630056,-0.014667948
4.013,0.018615532,-0.014522979
4.014,0.018601157,-0.01437401
4.015,0.018586933,-0.014223041
4.016,0.018572862,-0.014070071
4.017,0.018558946,-0.013915102
4.018,0.018545186,-0.013759132
4.019,0.018531582,-0.013603161
4.02,0.018518137,-0.01344419
4.021,0.018504849,-0.013287218
4.022,0.01849172,-0.013128246
4.023,0.018478748,-0.012971272
4.024,0.018465935,-0.012812299
4.025,0.018453279,-0.012655324
4.026,0.01844078,-0.012498349
4.027,0.018428438,-0.012341373
4.028,0.018416252,-0.012185397
4.029,0.018404221,-0.01203042
4.03,0.018392345,-0.011875442
4.031,0.018380622,-0.011722463
4.032,0.018369052,-0.011569484
4.033,0.018357634,-0.011417504
4.034,0.018346367,-0.011266523
4.035,0.01833525,-0.011116542
4.036,0.018324281,-0.01096856
4.037,0.018313461,-0.010819578
4.038,0.018302787,-0.010673595
4.039,0.018292259,-0.010527611
4.04,0.018281875,-0.010383627
4.041,0.018271635,-0.010239642
4.042,0.018261538,-0.010096657
4.043,0.018251582,-0.009955671
4.044,0.018241767,-0.009814685
4.045,0.01823209,-0.009676698
4.046,0.018222552,-0.009537711
4.047,0.018213151,-0.009400723
4.048,0.018203886,-0.009264735
4.049,0.018194756,-0.009129746
4.05,0.018185759,-0.008996757
4.051,0.018176895,-0.008863768
4.052,0.018168163,-0.008731778
4.053,0.018159561,-0.008601788
4.054,0.018151089,-0.008471797
4.055,0.018142745,-0.008343806
4.056,0.018134529,-0.008215815
4.057,0.018126438,-0.008090823
4.058,0.018118473,-0.007964832
4.059,0.018110633,-0.007839839
4.06,0.018102915,-0.007717847
4.061,0.01809532,-0.007594854
4.062,0.018087845,-0.007474861
4.063,0.018080491,-0.007353867
4.064,0.018073256,-0.007234874
4.065,0.018066139,-0.00711688
4.066,0.018059139,-0.006999886
4.067,0.018052255,-0.006883891
4.068,0.018045486,-0.006768897
4.069,0.018038832,-0.006653902
4.07,0.01803229,-0.006541907
4.071,0.018025861,-0.006428911
4.072,0.018019543,-0.006317916
4.073,0.018013335,-0.00620792
4.074,0.018007237,-0.006097924
4.075,0.018001247,-0.005989928
4.076,0.017995364,-0.005882932
4.077,0.017989589,-0.005774936
4.078,0.017983918,-0.005670939
4.079,0.017978353,-0.005564943
4.08,0.017972891,-0.005461946
4.081,0.017967532,-0.005358949
4.082,0.017962276,-0.005255952
4.083,0.01795712,-0.005155954
4.084,0.017952065,-0.005054957
4.085,0.017947109,-0.004955959
4.086,0.017942252,-0.004856962
4.087,0.017937492,-0.004759964
4.088,0.017932829,-0.004662966
4.089,0.017928262,-0.004566968
4.09,0.01792379,-0.00447197
4.091,0.017919413,-0.004376972
4.092,0.017915129,-0.004283974
4.093,0.017910937,-0.004191975
4.094,0.017906837,-0.004099977
4.095,0.017902829,-0.004007979
4.096,0.01789891,-0.00391898
4.097,0.017895081,-0.003828981
4.098,0.017891341,-0.003739983
4.099,0.017887688,-0.003652984
4.1,0.017884123,-0.003564985
4.101,0.017880643,-0.003479986
4.102,0.017877249,-0.003393987
4.103,0.01787394,-0.003308988
4.104,0.017870715,-0.003224989
4.105,0.017867572,-0.00314299
4.106,0.017864513,-0.00305899
4.107,0.017861535,-0.002977991
4.108,0.017858638,-0.002896992
4.109,0.017855821,-0.002816993
4.11,0.017853083,-0.002737993
4.111,0.017850425,-0.002657994
4.112,0.017847844,-0.002580994
4.113,0.017845341,-0.002502995
4.114,0.017842914,-0.002426995
4.115,0.017840563,-0.002350996
4.116,0.017838288,-0.002274996
4.117,0.017836086,-0.002201996
4.118,0.017833959,-0.002126997
4.119,0.017831905,-0.002053997
4.12,0.017829924,-0.001980997
4.121,0.017828014,-0.001909998
4.122,0.017826175,-0.001838998
4.123,0.017824407,-0.001767998
4.124,0.017822708,-0.001698998
4.125,0.017821079,-0.001628999
4.126,0.017819518,-0.001560999
4.127,0.017818025,-0.001492999
4.128,0.017816599,-0.001425999
4.129,0.01781524,-0.001358999
4.13,0.017813947,-0.001292999
4.131,0.017812719,-0.001227999
4.132,0.017811556,-0.001162999
4.133,0.017810457,-0.001099
4.134,0.017809421,-0.001036
4.135,0.017808448,-0.000973
4.136,0.017807538,-0.00091
4.137,0.017806689,-0.000849
4.138,0.017805901,-0.000788
4.139,0.017805174,-0.000727
4.14,0.017804507,-0.000667
4.141,0.017803899,-0.000608
4.142,0.017803349,-0.00055
4.143,0.017802858,-0.000491
4.144,0.017802425,-0.000433
4.145,0.017802048,-0.000377
4.146,0.017801728,-0.00032
4.147,0.017801464,-0.000264
4.148,0.017801255,-0.000209
4.149,0.017801101,-0.000154
4.15,0.017801002,-9.90E-05
4.151,0.017800956,-4.60E-05
4.152,0.017800963,7.00E-06
4.153,0.017801023,6.00E-05
4.154,0.017801135,0.000112
4.155,0.017801299,0.000164
4.156,0.017801514,0.000215
4.157,0.017801779,0.000265
4.158,0.017802095,0.000316
4.159,0.01780246,0.000365
4.16,0.017802874,0.000414
4.161,0.017803337,0.000463
4.162,0.017803848,0.000511
4.163,0.017804406,0.000558
4.164,0.017805012,0.000606
4.165,0.017805664,0.000652
4.166,0.017806362,0.000698
4.167,0.017807106,0.000744
4.168,0.017807895,0.000789
4.169,0.017808729,0.000834
4.17,0.017809607,0.000878
4.171,0.017810529,0.000922
4.172,0.017811494,0.000965
4.173,0.017812502,0.001008
4.174,0.017813552,0.00105
4.175,0.017814644,0.001092
4.176,0.017815778,0.001134
4.177,0.017816953,0.001174999
4.178,0.017818169,0.001215999
4.179,0.017819424,0.001254999
4.18,0.01782072,0.001295999
4.181,0.017822055,0.001334999
4.182,0.017823429,0.001373999
4.183,0.017824841,0.001411999
4.184,0.017826291,0.001449999
4.185,0.017827779,0.001487999
4.186,0.017829304,0.001524999
4.187,0.017830866,0.001561999
4.188,0.017832464,0.001597999
4.189,0.017834099,0.001634999
4.19,0.017835769,0.001669998
4.191,0.017837474,0.001704998
4.192,0.017839214,0.001739998
4.193,0.017840989,0.001774998
4.194,0.017842797,0.001807998
4.195,0.01784464,0.001842998
4.196,0.017846515,0.001874998
4.197,0.017848424,0.001908998
4.198,0.017850365,0.001940998
4.199,0.017852338,0.001972997
4.2,0.017854343,0.002004997
4.201,0.017856379,0.002035997
4.202,0.017858446,0.002066997
4.203,0.017860544,0.002097997
4.204,0.017862673,0.002128997
4.205,0.017864831,0.002157997
4.206,0.017867019,0.002187997
4.207,0.017869236,0.002216996
4.208,0.017871482,0.002245996
4.209,0.017873757,0.002274996
4.21,0.01787606,0.002302996
4.211,0.017878391,0.002330996
4.212,0.017880749,0.002357996
4.213,0.017883135,0.002385995
4.214,0.017885548,0.002412995
4.215,0.017887987,0.002438995
4.216,0.017890452,0.002464995
4.217,0.017892944,0.002491995
4.218,0.01789546,0.002515995
4.219,0.017898003,0.002542995
4.22,0.01790057,0.002566994
4.221,0.017903162,0.002591994
4.222,0.017905778,0.002615994
4.223,0.017908418,0.002639994
4.224,0.017911082,0.002663994
4.225,0.017913769,0.002686994
4.226,0.01791648,0.002710993
4.227,0.017919213,0.002732993
4.228,0.017921969,0.002755993
4.229,0.017924747,0.002777993
4.23,0.017927547,0.002799993
4.231,0.017930368,0.002820993
4.232,0.017933211,0.002842992
4.233,0.017936075,0.002863992
4.234,0.01793896,0.002884992
4.235,0.017941866,0.002905992
4.236,0.017944791,0.002924992
4.237,0.017947737,0.002945991
4.238,0.017950702,0.002964991
4.239,0.017953687,0.002984991
4.24,0.017956691,0.003003991
4.241,0.017959714,0.003022991
4.242,0.017962755,0.003040991
4.243,0.017965815,0.00305999
4.244,0.017968893,0.00307799
4.245,0.017971989,0.00309599
4.246,0.017975102,0.00311299
4.247,0.017978233,0.00313099
4.248,0.01798138,0.00314699
4.249,0.017984545,0.003164989
4.25,0.017987726,0.003180989
4.251,0.017990924,0.003197989
4.252,0.017994137,0.003212989
4.253,0.017997367,0.003229989
4.254,0.018000612,0.003244989
4.255,0.018003873,0.003260988
4.256,0.018007148,0.003274988
4.257,0.018010439,0.003290988
4.258,0.018013744,0.003304988
4.259,0.018017064,0.003319988
4.26,0.018020398,0.003333988
4.261,0.018023746,0.003347987
4.262,0.018027108,0.003361987
4.263,0.018030483,0.003374987
4.264,0.018033872,0.003388987
4.265,0.018037274,0.003401987
4.266,0.018040688,0.003413987
4.267,0.018044116,0.003427987
4.268,0.018047556,0.003439986
4.269,0.018051008,0.003451986
4.27,0.018054472,0.003463986
4.271,0.018057948,0.003475986
4.272,0.018061436,0.003487986
4.273,0.018064935,0.003498986
4.274,0.018068445,0.003509986
4.275,0.018071967,0.003521985
4.276,0.018075499,0.003531985
4.277,0.018079042,0.003542985
4.278,0.018082596,0.003553985
4.279,0.018086159,0.003562985
4.28,0.018089733,0.003573985
4.281,0.018093317,0.003583985
4.282,0.01809691,0.003592985
4.283,0.018100513,0.003602984
4.284,0.018104125,0.003611984
4.285,0.018107746,0.003620984
4.286,0.018111376,0.003629984
4.287,0.018115016,0.003639984
4.288,0.018118663,0.003646984
4.289,0.018122319,0.003655984
4.29,0.018125983,0.003663984
4.291,0.018129656,0.003672983
4.292,0.018133336,0.003679983
4.293,0.018137024,0.003687983
4.294,0.01814072,0.003695983
4.295,0.018144423,0.003702983
4.296,0.018148133,0.003709983
4.297,0.01815185,0.003716983
4.298,0.018155574,0.003723983
4.299,0.018159305,0.003730983
4.3,0.018163042,0.003736983
4.301,0.018166786,0.003743983
4.302,0.018170536,0.003749982
4.303,0.018174293,0.003756982
4.304,0.018178055,0.003761982
4.305,0.018181823,0.003767982
4.306,0.018185596,0.003772982
4.307,0.018189376,0.003779982
4.308,0.01819316,0.003783982
4.309,0.01819695,0.003789982
4.31,0.018200744,0.003793982
4.311,0.018204544,0.003799982
4.312,0.018208348,0.003803982
4.313,0.018212157,0.003808982
4.314,0.018215971,0.003813982
4.315,0.018219788,0.003816981
4.316,0.01822361,0.003821981
4.317,0.018227436,0.003825981
4.318,0.018231266,0.003829981
4.319,0.0182351,0.003833981
4.32,0.018238937,0.003836981
4.321,0.018242778,0.003840981
4.322,0.018246623,0.003844981
4.323,0.01825047,0.003846981
4.324,0.018254321,0.003850981
4.325,0.018258175,0.003853981
4.326,0.018262031,0.003855981
4.327,0.01826589,0.003858981
4.328,0.018269752,0.003861981
4.329,0.018273617,0.003864981
4.33,0.018277484,0.003866981
4.331,0.018281353,0.003868981
4.332,0.018285224,0.003870981
4.333,0.018289097,0.003872981
4.334,0.018292973,0.003875981
4.335,0.01829685,0.003876981
4.336,0.018300728,0.003877981
4.337,0.018304608,0.003879981
4.338,0.01830849,0.00388198
4.339,0.018312373,0.00388298
4.34,0.018316257,0.00388398
4.341,0.018320143,0.00388598
4.342,0.018324029,0.00388598
4.343,0.018327917,0.00388798
4.344,0.018331805,0.00388798
4.345,0.018335693,0.00388798
4.346,0.018339583,0.00388998
4.347,0.018343473,0.00388998
4.348,0.018347363,0.00388998
4.349,0.018351253,0.00388998
4.35,0.018355144,0.00389098
4.351,0.018359035,0.00389098
4.352,0.018362926,0.00389098
4.353,0.018366816,0.00388998
4.354,0.018370707,0.00389098
4.355,0.018374597,0.00388998
4.356,0.018378487,0.00388998
4.357,0.018382376,0.00388898
4.358,0.018386265,0.00388898
4.359,0.018390153,0.00388798
4.36,0.01839404,0.00388698
4.361,0.018397927,0.00388698
4.362,0.018401812,0.00388498
4.363,0.018405696,0.00388398
4.364,0.01840958,0.00388398
4.365,0.018413462,0.00388198
4.366,0.018417343,0.003880981
4.367,0.018421222,0.003878981
4.368,0.0184251,0.003877981
4.369,0.018428977,0.003876981
4.37,0.018432852,0.003874981
4.371,0.018436725,0.003872981
4.372,0.018440596,0.003870981
4.373,0.018444466,0.003869981
4.374,0.018448333,0.003866981
4.375,0.018452199,0.003865981
4.376,0.018456062,0.003862981
4.377,0.018459924,0.003861981
4.378,0.018463783,0.003858981
4.379,0.018467639,0.003855981
4.38,0.018471494,0.003854981
4.381,0.018475346,0.003851981
4.382,0.018479195,0.003848981
4.383,0.018483042,0.003846981
4.384,0.018486886,0.003843981
4.385,0.018490727,0.003840981
4.386,0.018494566,0.003838981
4.387,0.018498401,0.003834981
4.388,0.018502234,0.003832981
4.389,0.018506064,0.003829981
4.39,0.01850989,0.003825981
4.391,0.018513714,0.003823981
4.392,0.018517534,0.003819981
4.393,0.018521351,0.003816981
4.394,0.018525165,0.003813982
4.395,0.018528975,0.003809982
4.396,0.018532782,0.003806982
4.397,0.018536585,0.003802982
4.398,0.018540385,0.003799982
4.399,0.018544181,0.003795982
4.4,0.018547973,0.003791982
4.401,0.018551762,0.003788982
4.402,0.018555546,0.003783982
4.403,0.018559327,0.003780982
4.404,0.018563104,0.003776982
4.405,0.018566877,0.003772982
4.406,0.018570646,0.003768982
4.407,0.018574411,0.003764982
4.408,0.018578172,0.003760982
4.409,0.018581929,0.003756982
4.41,0.018585681,0.003751982
4.411,0.018589429,0.003747982
4.412,0.018593173,0.003743983
4.413,0.018596912,0.003738983
4.414,0.018600647,0.003734983
4.415,0.018604377,0.003729983
4.416,0.018608103,0.003725983
4.417,0.018611824,0.003720983
4.418,0.018615541,0.003716983
4.419,0.018619252,0.003710983
4.42,0.018622959,0.003706983
4.421,0.018626662,0.003702983
4.422,0.018630359,0.003696983
4.423,0.018634052,0.003692983
4.424,0.01863774,0.003687983
4.425,0.018641422,0.003681983
4.426,0.0186451,0.003677983
4.427,0.018648773,0.003672983
4.428,0.018652441,0.003667984
4.429,0.018656103,0.003661984
4.43,0.018659761,0.003657984
4.431,0.018663413,0.003651984
4.432,0.01866706,0.003646984
4.433,0.018670701,0.003640984
4.434,0.018674338,0.003636984
4.435,0.018677969,0.003630984
4.436,0.018681594,0.003624984
4.437,0.018685214,0.003619984
4.438,0.018688829,0.003614984
4.439,0.018692438,0.003608984
4.44,0.018696042,0.003603984
4.441,0.01869964,0.003597984
4.442,0.018703232,0.003591985
4.443,0.018706819,0.003586985
4.444,0.0187104,0.003580985
4.445,0.018713976,0.003575985
4.446,0.018717545,0.003568985
4.447,0.018721109,0.003563985
4.448,0.018724667,0.003557985
4.449,0.01872822,0.003552985
4.45,0.018731766,0.003545985
4.451,0.018735306,0.003539985
4.452,0.018738841,0.003534985
4.453,0.01874237,0.003528985
4.454,0.018745892,0.003521985
4.455,0.018749409,0.003516985
4.456,0.018752919,0.003509986
4.457,0.018756424,0.003504986
4.458,0.018759922,0.003497986
4.459,0.018763415,0.003492986
4.46,0.018766901,0.003485986
4.461,0.018770381,0.003479986
4.462,0.018773855,0.003473986
4.463,0.018777322,0.003466986
4.464,0.018780783,0.003460986
4.465,0.018784239,0.003455986
4.466,0.018787687,0.003447986
4.467,0.01879113,0.003442986
4.468,0.018794566,0.003435986
4.469,0.018797995,0.003428987
4.47,0.018801419,0.003423987
4.471,0.018804836,0.003416987
4.472,0.018808246,0.003409987
4.473,0.01881165,0.003403987
4.474,0.018815048,0.003397987
4.475,0.018818439,0.003390987
4.476,0.018821823,0.003383987
4.477,0.018825201,0.003377987
4.478,0.018828573,0.003371987
4.479,0.018831938,0.003364987
4.48,0.018835296,0.003357987
4.481,0.018838648,0.003351987
4.482,0.018841993,0.003344988
4.483,0.018845331,0.003337988
4.484,0.018848663,0.003331988
4.485,0.018851988,0.003324988
4.486,0.018855306,0.003317988
4.487,0.018858618,0.003311988
4.488,0.018861923,0.003304988
4.489,0.018865221,0.003297988
4.49,0.018868513,0.003291988
4.491,0.018871797,0.003283988
4.492,0.018875075,0.003277988
4.493,0.018878346,0.003270988
4.494,0.018881611,0.003264988
4.495,0.018884868,0.003256988
4.496,0.018888119,0.003250989
4.497,0.018891362,0.003242989
4.498,0.018894599,0.003236989
4.499,0.018897829,0.003229989
4.5,0.018901052,0.003222989
4.501,0.018904228,0.003175989
4.502,0.018907323,0.00309499
4.503,0.018910311,0.002987991
4.504,0.018913172,0.002860992
4.505,0.018915889,0.002716993
4.506,0.01891845,0.002560994
4.507,0.018920844,0.002393995
4.508,0.018923064,0.002219996
4.509,0.018925105,0.002040997
4.51,0.018926963,0.001857998
4.511,0.018928634,0.001670998
4.512,0.018930117,0.001482999
4.513,0.018931411,0.001293999
4.514,0.018932515,0.001104
4.515,0.018933431,0.000916
4.516,0.018934158,0.000727
4.517,0.018934698,0.00054
4.518,0.018935051,0.000353
4.519,0.018935221,0.00017
4.52,0.018935207,-1.40E-05
4.521,0.018935013,-0.000194
4.522,0.018934639,-0.000374
4.523,0.018934089,-0.00055
4.524,0.018933363,-0.000726
4.525,0.018932465,-0.000898
4.526,0.018931395,-0.00107
4.527,0.018930157,-0.001237999
4.528,0.018928753,-0.001403999
4.529,0.018927184,-0.001568999
4.53,0.018925453,-0.001730998
4.531,0.018923561,-0.001891998
4.532,0.018921511,-0.002049997
4.533,0.018919305,-0.002205996
4.534,0.018916945,-0.002359996
4.535,0.018914432,-0.002512995
4.536,0.01891177,-0.002661994
4.537,0.018908958,-0.002811993
4.538,0.018906001,-0.002956991
4.539,0.018902899,-0.00310199
4.54,0.018899654,-0.003244989
4.541,0.018896268,-0.003385987
4.542,0.018892744,-0.003523985
4.543,0.018889081,-0.003662984
4.544,0.018885283,-0.003797982
4.545,0.018881351,-0.00393198
4.546,0.018877287,-0.004063978
4.547,0.018873092,-0.004194975
4.548,0.018868768,-0.004323973
4.549,0.018864316,-0.004451971
4.55,0.018859739,-0.004576968
4.551,0.018855036,-0.004702965
4.552,0.018850211,-0.004824963
4.553,0.018845265,-0.00494596
4.554,0.018840198,-0.005066957
4.555,0.018835013,-0.005184954
4.556,0.018829711,-0.00530195
4.557,0.018824293,-0.005417947
4.558,0.01881876,-0.005532944
4.559,0.018813114,-0.00564594
4.56,0.018807357,-0.005756936
4.561,0.018801489,-0.005867933
4.562,0.018795511,-0.005977929
4.563,0.018789426,-0.006084925
4.564,0.018783234,-0.006191921
4.565,0.018776937,-0.006296917
4.566,0.018770535,-0.006401913
4.567,0.01876403,-0.006504908
4.568,0.018757423,-0.006606904
4.569,0.018750716,-0.006706899
4.57,0.018743909,-0.006806895
4.571,0.018737003,-0.00690589
4.572,0.01873,-0.007002886
4.573,0.018722901,-0.007098881
4.574,0.018715706,-0.007194876
4.575,0.018708417,-0.007288871
4.576,0.018701035,-0.007381866
4.577,0.018693561,-0.007473861
4.578,0.018685996,-0.007564856
4.579,0.018678341,-0.00765485
4.58,0.018670597,-0.007743845
4.581,0.018662764,-0.00783284
4.582,0.018654845,-0.007918834
4.583,0.018646839,-0.008005829
4.584,0.018638749,-0.008089824
4.585,0.018630573,-0.008175818
4.586,0.018622315,-0.008257812
4.587,0.018613974,-0.008340807
4.588,0.018605551,-0.008422801
4.589,0.018597048,-0.008502795
4.59,0.018588465,-0.008582789
4.591,0.018579803,-0.008661783
4.592,0.018571064,-0.008738778
4.593,0.018562246,-0.008817771
4.594,0.018553353,-0.008892766
4.595,0.018544384,-0.00896876
4.596,0.01853534,-0.009043753
4.597,0.018526223,-0.009116747
4.598,0.018517032,-0.009190741
4.599,0.018507769,-0.009262735
4.6,0.018498434,-0.009334729
4.601,0.018489029,-0.009404723
4.602,0.018479554,-0.009474716
4.603,0.018470009,-0.00954471
4.604,0.018460396,-0.009612704
4.605,0.018450716,-0.009679698
4.606,0.018440968,-0.009747691
4.607,0.018431154,-0.009813685
4.608,0.018421275,-0.009878679
4.609,0.018411331,-0.009943672
4.61,0.018401322,-0.010008666
4.611,0.018391251,-0.01007066
4.612,0.018381116,-0.010134653
4.613,0.01837092,-0.010195647
4.614,0.018360662,-0.01025764
4.615,0.018350344,-0.010317634
4.616,0.018339966,-0.010377627
4.617,0.018329528,-0.010437621
4.618,0.018319031,-0.010496614
4.619,0.018308477,-0.010553608
4.62,0.018297865,-0.010611602
4.621,0.018287196,-0.010668595
4.622,0.018276472,-0.010723589
4.623,0.018265692,-0.010779582
4.624,0.018254856,-0.010835576
4.625,0.018243967,-0.01088857
4.626,0.018233024,-0.010942563
4.627,0.018222028,-0.010995557
4.628,0.018210979,-0.01104855
4.629,0.018199879,-0.011099544
4.63,0.018188727,-0.011151538
4.631,0.018177524,-0.011202531
4.632,0.018166272,-0.011251525
4.633,0.01815497,-0.011301519
4.634,0.018143618,-0.011351512
4.635,0.018132219,-0.011398506
4.636,0.018120771,-0.0114475
4.637,0.018109276,-0.011494494
4.638,0.018097734,-0.011541488
4.639,0.018086146,-0.011587481
4.64,0.018074513,-0.011632475
4.641,0.018062834,-0.011678469
4.642,0.01805111,-0.011723463
4.643,0.018039343,-0.011766457
4.644,0.018027531,-0.011811451
4.645,0.018015677,-0.011853445
4.646,0.01800378,-0.011896439
4.647,0.01799184,-0.011939433
4.648,0.017979859,-0.011980427
4.649,0.017967837,-0.012021421
4.65,0.017955775,-0.012061415
4.651,0.017943672,-0.012102409
4.652,0.01793153,-0.012141403
4.653,0.017919348,-0.012181397
4.654,0.017907128,-0.012219392
4.655,0.017894869,-0.012258386
4.656,0.017882573,-0.01229538
4.657,0.017870239,-0.012333375
4.658,0.017857869,-0.012369369
4.659,0.017845462,-0.012406363
4.66,0.017833019,-0.012442358
4.661,0.017820541,-0.012477352
4.662,0.017808028,-0.012512347
4.663,0.01779548,-0.012547341
4.664,0.017782898,-0.012581336
4.665,0.017770282,-0.012615331
4.666,0.017757632,-0.012649325
4.667,0.01774495,-0.01268132
4.668,0.017732236,-0.012713315
4.669,0.017719489,-0.01274631
4.67,0.017706711,-0.012777305
4.671,0.017693902,-0.0128083
4.672,0.017681061,-0.012840294
4.673,0.017668191,-0.012869289
4.674,0.01765529,-0.012900284
4.675,0.01764236,-0.01292928
4.676,0.0176294,-0.012959274
4.677,0.017616412,-0.01298727
4.678,0.017603395,-0.013016265
4.679,0.01759035,-0.01304426
4.68,0.017577278,-0.013071256
4.681,0.017564178,-0.013099251
4.682,0.017551051,-0.013126246
4.683,0.017537898,-0.013152242
4.684,0.017524719,-0.013178237
4.685,0.017511514,-0.013204233
4.686,0.017498283,-0.013230228
4.687,0.017485028,-0.013254224
4.688,0.017471747,-0.013280219
4.689,0.017458443,-0.013303215
4.69,0.017445114,-0.013328211
4.691,0.017431762,-0.013351207
4.692,0.017418386,-0.013375202
4.693,0.017404987,-0.013398198
4.694,0.017391566,-0.013420194
4.695,0.017378123,-0.01344219
4.696,0.017364657,-0.013465186
4.697,0.01735117,-0.013486182
4.698,0.017337662,-0.013507179
4.699,0.017324132,-0.013529174
4.7,0.017310582,-0.013549171
4.701,0.017297012,-0.013569167
4.702,0.017283422,-0.013589163
4.703,0.017269812,-0.01360916
4.704,0.017256183,-0.013628156
4.705,0.017242535,-0.013647153
4.706,0.017228868,-0.013666149
4.707,0.017215182,-0.013685146
4.708,0.017201479,-0.013702142
4.709,0.017187757,-0.013721139
4.71,0.017174019,-0.013737136
4.711,0.017160263,-0.013755132
4.712,0.01714649,-0.013772129
4.713,0.0171327,-0.013789126
4.714,0.017118894,-0.013805123
4.715,0.017105072,-0.01382112
4.716,0.017091234,-0.013837117
4.717,0.017077381,-0.013852114
4.718,0.017063513,-0.013867111
4.719,0.017049629,-0.013883108
4.72,0.017035731,-0.013897105
4.721,0.017021819,-0.013911103
4.722,0.017007893,-0.0139251
4.723,0.016993952,-0.013940097
4.724,0.016979998,-0.013953094
4.725,0.016966031,-0.013966092
4.726,0.016952051,-0.013979089
4.727,0.016938058,-0.013992087
4.728,0.016924053,-0.014004084
4.729,0.016910035,-0.014017082
4.73,0.016896005,-0.01402908
4.731,0.016881964,-0.014040077
4.732,0.016867911,-0.014052075
4.733,0.016853847,-0.014063073
4.734,0.016839772,-0.014074071
4.735,0.016825686,-0.014085068
4.736,0.016811589,-0.014096066
4.737,0.016797483,-0.014105065
4.738,0.016783366,-0.014116062
4.739,0.016769239,-0.01412606
4.74,0.016755103,-0.014135059
4.741,0.016740958,-0.014144057
4.742,0.016726803,-0.014154055
4.743,0.01671264,-0.014162053
4.744,0.016698468,-0.014171051
4.745,0.016684287,-0.01418005
4.746,0.016670099,-0.014187048
4.747,0.016655902,-0.014196046
4.748,0.016641698,-0.014203045
4.749,0.016627486,-0.014211043
4.75,0.016613267,-0.014218042
4.751,0.01659904,-0.01422604
4.752,0.016584807,-0.014232039
4.753,0.016570567,-0.014239038
4.754,0.016556321,-0.014245036
4.755,0.016542068,-0.014252035
4.756,0.01652781,-0.014257034
4.757,0.016513545,-0.014264033
4.758,0.016499275,-0.014269032
4.759,0.016484999,-0.01427503
4.76,0.016470718,-0.014280029
4.761,0.016456432,-0.014285028
4.762,0.016442142,-0.014289027
4.763,0.016427846,-0.014295026
4.764,0.016413546,-0.014299025
4.765,0.016399242,-0.014303025
4.766,0.016384934,-0.014307024
4.767,0.016370621,-0.014312023
4.768,0.016356305,-0.014315022
4.769,0.016341986,-0.014318021
4.77,0.016327663,-0.014322021
4.771,0.016313337,-0.01432502
4.772,0.016299008,-0.014328019
4.773,0.016284676,-0.014331019
4.774,0.016270341,-0.014334018
4.775,0.016256004,-0.014336018
4.776,0.016241665,-0.014338017
4.777,0.016227323,-0.014341017
4.778,0.01621298,-0.014342017
4.779,0.016198635,-0.014344016
4.78,0.016184288,-0.014346016
4.781,0.016169939,-0.014348015
4.782,0.01615559,-0.014348015
4.783,0.016141239,-0.014350015
4.784,0.016126887,-0.014351015
4.785,0.016112535,-0.014351015
4.786,0.016098182,-0.014352015
4.787,0.016083828,-0.014353014
4.788,0.016069474,-0.014353014
4.789,0.01605512,-0.014353014
4.79,0.016040766,-0.014353014
4.791,0.016026411,-0.014354014
4.792,0.016012058,-0.014352015
4.793,0.015997704,-0.014353014
4.794,0.015983351,-0.014352015
4.795,0.015968999,-0.014351015
4.796,0.015954648,-0.014350015
4.797,0.015940298,-0.014349015
4.798,0.015925949,-0.014348015
4.799,0.015911601,-0.014347016
4.8,0.015897254,-0.014346016
4.801,0.01588291,-0.014343016
4.802,0.015868566,-0.014343016
4.803,0.015854225,-0.014340017
4.804,0.015839886,-0.014338017
4.805,0.015825549,-0.014336018
4.806,0.015811214,-0.014334018
4.807,0.015796881,-0.014332019
4.808,0.015782551,-0.014329019
4.809,0.015768223,-0.01432702
4.81,0.015753899,-0.01432302
4.811,0.015739577,-0.014321021
4.812,0.015725258,-0.014318021
4.813,0.015710942,-0.014315022
4.814,0.01569663,-0.014311023
4.815,0.015682321,-0.014308024
4.816,0.015668015,-0.014305024
4.817,0.015653713,-0.014301025
4.818,0.015639415,-0.014297026
4.819,0.015625121,-0.014293027
4.82,0.01561083,-0.014290027
4.821,0.015596544,-0.014285028
4.822,0.015582262,-0.014281029
4.823,0.015567984,-0.01427703
4.824,0.015553711,-0.014272031
4.825,0.015539442,-0.014268032
4.826,0.015525178,-0.014263033
4.827,0.015510919,-0.014258034
4.828,0.015496664,-0.014254035
4.829,0.015482414,-0.014249036
4.83,0.01546817,-0.014243037
4.831,0.015453931,-0.014238038
4.832,0.015439697,-0.014233039
4.833,0.015425468,-0.01422804
4.834,0.015411245,-0.014222041
4.835,0.015397027,-0.014217042
4.836,0.015382815,-0.014211043
4.837,0.015368609,-0.014205044
4.838,0.015354409,-0.014199046
4.839,0.015340215,-0.014193047
4.84,0.015326027,-0.014187048
4.841,0.015311845,-0.014181049
4.842,0.015297669,-0.014175051
4.843,0.0152835,-0.014168052
4.844,0.015269337,-0.014162053
4.845,0.015255181,-0.014155055
4.846,0.015241031,-0.014149056
4.847,0.015226888,-0.014142057
4.848,0.015212752,-0.014135059
4.849,0.015198623,-0.01412806
4.85,0.015184501,-0.014121061
4.851,0.015170386,-0.014114063
4.852,0.015156278,-0.014107064
4.853,0.015142177,-0.014100066
4.854,0.015128083,-0.014093067
4.855,0.015113997,-0.014085068
4.856,0.015099919,-0.01407707
4.857,0.015085848,-0.014070071
4.858,0.015071785,-0.014062073
4.859,0.015057729,-0.014055074
4.86,0.015043682,-0.014046076
4.861,0.015029642,-0.014039078
4.862,0.01501561,-0.014031079
4.863,0.015001586,-0.014023081
4.864,0.01498757,-0.014015082
4.865,0.014973563,-0.014006084
4.866,0.014959564,-0.013998086
4.867,0.014945573,-0.013990087
4.868,0.01493159,-0.013982089
4.869,0.014917616,-0.013973091
4.87,0.014903651,-0.013964092
4.871,0.014889694,-0.013956094
4.872,0.014875746,-0.013947096
4.873,0.014861807,-0.013938097
4.874,0.014847876,-0.013930099
4.875,0.014833954,-0.013921101
4.876,0.014820042,-0.013911103
4.877,0.014806138,-0.013903104
4.878,0.014792244,-0.013893106
4.879,0.014778358,-0.013885108
4.88,0.014764482,-0.01387511
4.881,0.014750615,-0.013866111
4.882,0.014736758,-0.013856113
4.883,0.014722909,-0.013848115
4.884,0.014709071,-0.013837117
4.885,0.014695242,-0.013828119
4.886,0.014681422,-0.01381912
4.887,0.014667612,-0.013809122
4.888,0.014653812,-0.013799124
4.889,0.014640021,-0.013790126
4.89,0.014626241,-0.013779128
4.891,0.01461247,-0.01377013
4.892,0.014598709,-0.013760131
4.893,0.014584958,-0.013750133
4.894,0.014571218,-0.013739135
4.895,0.014557487,-0.013730137
4.896,0.014543766,-0.013720139
4.897,0.014530056,-0.013709141
4.898,0.014516356,-0.013699143
4.899,0.014502666,-0.013689145
4.9,0.014488987,-0.013678147
4.901,0.014475317,-0.013669149
4.902,0.014461659,-0.013657151
4.903,0.014448011,-0.013647153
4.904,0.014434373,-0.013637155
4.905,0.014420746,-0.013626157
4.906,0.01440713,-0.013615159
4.907,0.014393524,-0.01360516
4.908,0.014379929,-0.013594163
4.909,0.014366345,-0.013583165
4.91,0.014352771,-0.013573166
4.911,0.014339209,-0.013561169
4.912,0.014325657,-0.01355117
4.913,0.014312117,-0.013539173
4.914,0.014298587,-0.013529174
4.915,0.014285068,-0.013518176
4.916,0.014271561,-0.013506179
4.917,0.014258064,-0.013496181
4.918,0.014244579,-0.013484183
4.919,0.014231105,-0.013473185
4.92,0.014217642,-0.013462187
4.921,0.014204191,-0.013450189
4.922,0.01419075,-0.013440191
4.923,0.014177321,-0.013428193
4.924,0.014163904,-0.013416195
4.925,0.014150498,-0.013405197
4.926,0.014137103,-0.013394199
4.927,0.01412372,-0.013382201
4.928,0.014110348,-0.013371203
4.929,0.014096988,-0.013359205
4.93,0.01408364,-0.013347207
4.931,0.014070303,-0.013336209
4.932,0.014056978,-0.013324211
4.933,0.014043664,-0.013313213
4.934,0.014030363,-0.013300216
4.935,0.014017073,-0.013289218
4.936,0.014003794,-0.01327822
4.937,0.013990528,-0.013265222
4.938,0.013977274,-0.013253224
4.939,0.013964031,-0.013242226
4.94,0.0139508,-0.013230228
4.941,0.013937582,-0.01321723
4.942,0.013924375,-0.013206232
4.943,0.01391118,-0.013194234
4.944,0.013897997,-0.013182236
4.945,0.013884827,-0.013169239
4.946,0.013871668,-0.013158241
4.947,0.013858522,-0.013145243
4.948,0.013845387,-0.013134245
4.949,0.013832265,-0.013121247
4.95,0.013819155,-0.013109249
4.951,0.013806057,-0.013097251
4.952,0.013792972,-0.013084253
4.953,0.013779898,-0.013073255
4.954,0.013766837,-0.013060257
4.955,0.013753789,-0.01304726
4.956,0.013740752,-0.013036261
4.957,0.013727728,-0.013023264
4.958,0.013714717,-0.013010266
4.959,0.013701718,-0.012998268
4.96,0.013688731,-0.01298627
4.961,0.013675756,-0.012974272
4.962,0.013662795,-0.012960274
4.963,0.013649845,-0.012949276
4.964,0.013636908,-0.012936278
4.965,0.013623984,-0.012923281
4.966,0.013611072,-0.012911283
4.967,0.013598173,-0.012898285
4.968,0.013585286,-0.012886287
4.969,0.013572412,-0.012873289
4.97,0.01355955,-0.012861291
4.971,0.013546702,-0.012847293
4.972,0.013533865,-0.012836295
4.973,0.013521042,-0.012822297
4.974,0.013508231,-0.012810299
4.975,0.013495433,-0.012797301
4.976,0.013482648,-0.012784303
4.977,0.013469875,-0.012772305
4.978,0.013457115,-0.012759308
4.979,0.013444368,-0.01274631
4.98,0.013431633,-0.012734312
4.981,0.013418912,-0.012720314
4.982,0.013406203,-0.012708316
4.983,0.013393507,-0.012695318
4.984,0.013380824,-0.01268232
4.985,0.013368154,-0.012669322
4.986,0.013355496,-0.012657324
4.987,0.013342852,-0.012643326
4.988,0.01333022,-0.012631328
4.989,0.013317601,-0.01261833
4.99,0.013304995,-0.012605332
4.991,0.013292402,-0.012592334
4.992,0.013279822,-0.012579336
4.993,0.013267255,-0.012566338
4.994,0.013254701,-0.012553341
4.995,0.01324216,-0.012540343
4.996,0.013229632,-0.012527345
4.997,0.013217116,-0.012515347
4.998,0.013204614,-0.012501349
4.999,0.013192125,-0.012488351
5,0.013179649,-0.012475353
5.001,0.013167185,-0.012463355
5.002,0.013154735,-0.012449357
5.003,0.013142298,-0.012436359
5.004,0.013129874,-0.012423361
5.005,0.013117463,-0.012410363
5.006,0.013105065,-0.012397365
5.007,0.01309268,-0.012384367
5.008,0.013080308,-0.012371369
5.009,0.013067949,-0.012358371
5.01,0.013055604,-0.012344373
5.011,0.013043271,-0.012332375
5.012,0.013030952,-0.012318377
5.013,0.013018645,-0.012306379
5.014,0.013006352,-0.012292381
5.015,0.012994072,-0.012279383
5.016,0.012981804,-0.012267385
5.017,0.01296955,-0.012253387
5.018,0.01295731,-0.012239389
5.019,0.012945082,-0.012227391
5.02,0.012932867,-0.012214393
5.021,0.012920666,-0.012200395
5.022,0.012908477,-0.012188396
5.023,0.012896302,-0.012174398
5.024,0.01288414,-0.0121614
5.025,0.012871991,-0.012148402
5.026,0.012859856,-0.012134404
5.027,0.012847733,-0.012122406
5.028,0.012835624,-0.012108408
5.029,0.012823527,-0.01209641
5.03,0.012811444,-0.012082412
5.031,0.012799374,-0.012069414
5.032,0.012787318,-0.012055416
5.033,0.012775274,-0.012043418
5.034,0.012763243,-0.01203042
5.035,0.012751226,-0.012016422
5.036,0.012739222,-0.012003423
5.037,0.012727231,-0.011990425
5.038,0.012715253,-0.011977427
5.039,0.012703289,-0.011963429
5.04,0.012691337,-0.011951431
5.041,0.012679399,-0.011937433
5.042,0.012667474,-0.011924435
5.043,0.012655562,-0.011911437
5.044,0.012643663,-0.011898438
5.045,0.012631777,-0.01188544
5.046,0.012619905,-0.011871442
5.047,0.012608046,-0.011858444
5.048,0.0125962,-0.011845446
5.049,0.012584367,-0.011832448
5.05,0.012572547,-0.01181945
5.051,0.01256074,-0.011806451
5.052,0.012548947,-0.011792453
5.053,0.012537166,-0.011780455
5.054,0.012525399,-0.011766457
5.055,0.012513645,-0.011753459
5.056,0.012501904,-0.011740461
5.057,0.012490176,-0.011727462
5.058,0.012478461,-0.011714464
5.059,0.01246676,-0.011700466
5.06,0.012455072,-0.011687468
5.061,0.012443396,-0.011675469
5.062,0.012431734,-0.011661471
5.063,0.012420085,-0.011648473
5.064,0.012408449,-0.011635475
5.065,0.012396826,-0.011622477
5.066,0.012385217,-0.011608479
5.067,0.01237362,-0.01159648
5.068,0.012362036,-0.011583482
5.069,0.012350466,-0.011569484
5.07,0.012338909,-0.011556486
5.071,0.012327364,-0.011544487
5.072,0.012315833,-0.011530489
5.073,0.012304315,-0.011517491
5.074,0.01229281,-0.011504492
5.075,0.012281318,-0.011491494
5.076,0.012269839,-0.011478496
5.077,0.012258373,-0.011465498
5.078,0.01224692,-0.011452499
5.079,0.01223548,-0.011439501
5.08,0.012224053,-0.011426503
5.081,0.01221264,-0.011412504
5.082,0.012201239,-0.011400506
5.083,0.012189851,-0.011387508
5.084,0.012178476,-0.011374509
5.085,0.012167115,-0.011360511
5.086,0.012155766,-0.011348513
5.087,0.01214443,-0.011335514
5.088,0.012133107,-0.011322516
5.089,0.012121797,-0.011309518
5.09,0.0121105,-0.011296519
5.091,0.012099216,-0.011283521
5.092,0.012087945,-0.011270523
5.093,0.012076687,-0.011257524
5.094,0.012065442,-0.011244526
5.095,0.01205421,-0.011231528
5.096,0.012042991,-0.011218529
5.097,0.012031784,-0.011206531
5.098,0.012020591,-0.011192533
5.099,0.01200941,-0.011180534
5.1,0.011998242,-0.011167536
5.101,0.011987087,-0.011154537
5.102,0.011975945,-0.011141539
5.103,0.011964816,-0.011128541
5.104,0.0119537,-0.011115542
5.105,0.011942596,-0.011103544
5.106,0.011931506,-0.011089545
5.107,0.011920428,-0.011077547
5.108,0.011909363,-0.011064548
5.109,0.01189831,-0.01105255
5.11,0.011887271,-0.011038552
5.111,0.011876244,-0.011026553
5.112,0.01186523,-0.011013555
5.113,0.011854229,-0.011000556
5.114,0.011843241,-0.010987558
5.115,0.011832265,-0.010975559
5.116,0.011821302,-0.010962561
5.117,0.011810352,-0.010949562
5.118,0.011799414,-0.010937564
5.119,0.011788489,-0.010924565
5.12,0.011777577,-0.010911567
5.121,0.011766678,-0.010898568
5.122,0.011755791,-0.01088657
5.123,0.011744917,-0.010873571
5.124,0.011734055,-0.010861573
5.125,0.011723206,-0.010848574
5.126,0.01171237,-0.010835576
5.127,0.011701546,-0.010823577
5.128,0.011690735,-0.010810579
5.129,0.011679937,-0.01079758
5.13,0.011669151,-0.010785582
5.131,0.011658377,-0.010773583
5.132,0.011647617,-0.010759585
5.133,0.011636868,-0.010748586
5.134,0.011626133,-0.010734588
5.135,0.01161541,-0.010722589
5.136,0.011604699,-0.01071059
5.137,0.011594001,-0.010697592
5.138,0.011583315,-0.010685593
5.139,0.011572642,-0.010672595
5.14,0.011561981,-0.010660596
5.141,0.011551333,-0.010647598
5.142,0.011540697,-0.010635599
5.143,0.011530074,-0.0106226
5.144,0.011519463,-0.010610602
5.145,0.011508864,-0.010598603
5.146,0.011498278,-0.010585605
5.147,0.011487704,-0.010573606
5.148,0.011477143,-0.010560607
5.149,0.011466593,-0.010549609
5.15,0.011456057,-0.01053561
5.151,0.011445532,-0.010524611
5.152,0.01143502,-0.010511613
5.153,0.01142452,-0.010499614
5.154,0.011414033,-0.010486616
5.155,0.011403558,-0.010474617
5.156,0.011393095,-0.010462618
5.157,0.011382644,-0.01045062
5.158,0.011372205,-0.010438621
5.159,0.011361779,-0.010425622
5.16,0.011351365,-0.010413624
5.161,0.011340963,-0.010401625
5.162,0.011330574,-0.010388626
5.163,0.011320196,-0.010377627
5.164,0.011309831,-0.010364629
5.165,0.011299478,-0.01035263
5.166,0.011289137,-0.010340631
5.167,0.011278808,-0.010328633
5.168,0.011268491,-0.010316634
5.169,0.011258186,-0.010304635
5.17,0.011247894,-0.010291637
5.171,0.011237613,-0.010280638
5.172,0.011227345,-0.010267639
5.173,0.011217088,-0.01025664
5.174,0.011206844,-0.010243642
5.175,0.011196612,-0.010231643
5.176,0.011186391,-0.010220644
5.177,0.011176183,-0.010207645
5.178,0.011165987,-0.010195647
5.179,0.011155802,-0.010184648
5.18,0.01114563,-0.010171649
5.181,0.011135469,-0.01016065
5.182,0.01112532,-0.010148652
5.183,0.011115184,-0.010135653
5.184,0.011105059,-0.010124654
5.185,0.011094946,-0.010112655
5.186,0.011084845,-0.010100656
5.187,0.011074756,-0.010088658
5.188,0.011064678,-0.010077659
5.189,0.011054613,-0.01006466
5.19,0.011044559,-0.010053661
5.191,0.011034517,-0.010041662
5.192,0.011024487,-0.010029664
5.193,0.011014468,-0.010018665
5.194,0.011004461,-0.010006666
5.195,0.010994467,-0.009993667
5.196,0.010984483,-0.009983668
5.197,0.010974512,-0.00997067
5.198,0.010964552,-0.009959671
5.199,0.010954604,-0.009947672
5.2,0.010944667,-0.009936673
5.201,0.010934743,-0.009923674
5.202,0.010924829,-0.009913675
5.203,0.010914928,-0.009900676
5.204,0.010905038,-0.009889678
5.205,0.01089516,-0.009877679
5.206,0.010885293,-0.00986668
5.207,0.010875438,-0.009854681
5.208,0.010865594,-0.009843682
5.209,0.010855762,-0.009831683
5.21,0.010845941,-0.009820684
5.211,0.010836132,-0.009808685
5.212,0.010826335,-0.009796687
5.213,0.010816549,-0.009785688
5.214,0.010806774,-0.009774689
5.215,0.010797011,-0.00976269
5.216,0.010787259,-0.009751691
5.217,0.010777519,-0.009739692
5.218,0.01076779,-0.009728693
5.219,0.010758072,-0.009717694
5.22,0.010748366,-0.009705695
5.221,0.010738671,-0.009694696
5.222,0.010728988,-0.009682697
5.223,0.010719316,-0.009671698
5.224,0.010709655,-0.009660699
5.225,0.010700006,-0.009648701
5.226,0.010690367,-0.009638701
5.227,0.01068074,-0.009626703
5.228,0.010671125,-0.009614704
5.229,0.01066152,-0.009604705
5.23,0.010651927,-0.009592706
5.231,0.010642345,-0.009581707
5.232,0.010632774,-0.009570708
5.233,0.010623215,-0.009558709
5.234,0.010613666,-0.00954871
5.235,0.010604129,-0.009536711
5.236,0.010594603,-0.009525712
5.237,0.010585088,-0.009514713
5.238,0.010575584,-0.009503714
5.239,0.010566091,-0.009492715
5.24,0.01055661,-0.009480716
5.241,0.010547139,-0.009470717
5.242,0.010537679,-0.009459718
5.243,0.010528231,-0.009447719
5.244,0.010518793,-0.00943772
5.245,0.010509367,-0.009425721
5.246,0.010499951,-0.009415722
5.247,0.010490546,-0.009404723
5.248,0.010481153,-0.009392724
5.249,0.01047177,-0.009382725
5.25,0.010462398,-0.009371726
5.251,0.010453038,-0.009359727
5.252,0.010443688,-0.009349728
5.253,0.010434349,-0.009338729
5.254,0.01042502,-0.009328729
5.255,0.010415703,-0.00931673
5.256,0.010406397,-0.009305731
5.257,0.010397101,-0.009295732
5.258,0.010387816,-0.009284733
5.259,0.010378542,-0.009273734
5.26,0.010369279,-0.009262735
5.261,0.010360026,-0.009252736
5.262,0.010350784,-0.009241737
5.263,0.010341553,-0.009230738
5.264,0.010332333,-0.009219739
5.265,0.010323124,-0.00920874
5.266,0.010313925,-0.009198741
5.267,0.010304736,-0.009188741
5.268,0.010295559,-0.009176742
5.269,0.010286392,-0.009166743
5.27,0.010277236,-0.009155744
5.271,0.01026809,-0.009145745
5.272,0.010258955,-0.009134746
5.273,0.01024983,-0.009124747
5.274,0.010240716,-0.009113748
5.275,0.010231613,-0.009102749
5.276,0.01022252,-0.009092749
5.277,0.010213438,-0.00908175
5.278,0.010204366,-0.009071751
5.279,0.010195305,-0.009060752
5.28,0.010186254,-0.009050753
5.281,0.010177214,-0.009039754
5.282,0.010168184,-0.009029755
5.283,0.010159164,-0.009019755
5.284,0.010150155,-0.009008756
5.285,0.010141156,-0.008998757
5.286,0.010132168,-0.008987758
5.287,0.01012319,-0.008977759
5.288,0.010114223,-0.00896676
5.289,0.010105266,-0.00895676
5.29,0.010096319,-0.008946761
5.291,0.010087382,-0.008936762
5.292,0.010078456,-0.008925763
5.293,0.01006954,-0.008915764
5.294,0.010060634,-0.008905765
5.295,0.010051739,-0.008894765
5.296,0.010042854,-0.008884766
5.297,0.010033979,-0.008874767
5.298,0.010025114,-0.008864768
5.299,0.010016259,-0.008854769
5.3,0.010007415,-0.008843769
5.301,0.009998581,-0.00883377
5.302,0.009989757,-0.008823771
5.303,0.009980943,-0.008813772
5.304,0.009972139,-0.008803773
5.305,0.009963345,-0.008793773
5.306,0.009954562,-0.008782774
5.307,0.009945788,-0.008773775
5.308,0.009937025,-0.008762776
5.309,0.009928271,-0.008753776
5.31,0.009919528,-0.008742777
5.311,0.009910795,-0.008732778
5.312,0.009902071,-0.008723779
5.313,0.009893358,-0.00871278
5.314,0.009884654,-0.00870378
5.315,0.009875961,-0.008692781
5.316,0.009867278,-0.008682782
5.317,0.009858604,-0.008673782
5.318,0.00984994,-0.008663783
5.319,0.009841287,-0.008652784
5.32,0.009832643,-0.008643785
5.321,0.009824009,-0.008633785
5.322,0.009815385,-0.008623786
5.323,0.00980677,-0.008614787
5.324,0.009798166,-0.008603788
5.325,0.009789571,-0.008594788
5.326,0.009780986,-0.008584789
5.327,0.009772411,-0.00857479
5.328,0.009763846,-0.008564791
5.329,0.00975529,-0.008555791
5.33,0.009746745,-0.008544792
5.331,0.009738209,-0.008535793
5.332,0.009729682,-0.008526793
5.333,0.009721166,-0.008515794
5.334,0.009712659,-0.008506795
5.335,0.009704161,-0.008497795
5.336,0.009695674,-0.008486796
5.337,0.009687196,-0.008477797
5.338,0.009678727,-0.008468798
5.339,0.009670268,-0.008458798
5.34,0.009661819,-0.008448799
5.341,0.00965338,-0.0084388
5.342,0.009644949,-0.0084308
5.343,0.009636529,-0.008419801
5.344,0.009628118,-0.008410802
5.345,0.009619717,-0.008400802
5.346,0.009611325,-0.008391803
5.347,0.009602942,-0.008382804
5.348,0.009594569,-0.008372804
5.349,0.009586206,-0.008362805
5.35,0.009577852,-0.008353806
5.351,0.009569507,-0.008344806
5.352,0.009561172,-0.008334807
5.353,0.009552846,-0.008325808
5.354,0.00954453,-0.008315808
5.355,0.009536223,-0.008306809
5.356,0.009527925,-0.00829781
5.357,0.009519637,-0.00828781
5.358,0.009511358,-0.008278811
5.359,0.009503088,-0.008269811
5.36,0.009494828,-0.008259812
5.361,0.009486577,-0.008250813
5.362,0.009478335,-0.008241813
5.363,0.009470103,-0.008231814
5.364,0.00946188,-0.008222815
5.365,0.009453666,-0.008213815
5.366,0.009445461,-0.008204816
5.367,0.009437265,-0.008195816
5.368,0.009429079,-0.008185817
5.369,0.009420902,-0.008176818
5.37,0.009412734,-0.008167818
5.371,0.009404575,-0.008158819
5.372,0.009396426,-0.00814882
5.373,0.009388285,-0.00814082
5.374,0.009380154,-0.008130821
5.375,0.009372031,-0.008122821
5.376,0.009363918,-0.008112822
5.377,0.009355814,-0.008103823
5.378,0.009347719,-0.008094823
5.379,0.009339633,-0.008085824
5.38,0.009331556,-0.008076824
5.381,0.009323488,-0.008067825
5.382,0.009315429,-0.008058826
5.383,0.009307379,-0.008049826
5.384,0.009299338,-0.008040827
5.385,0.009291306,-0.008031827
5.386,0.009283282,-0.008023828
5.387,0.009275268,-0.008013828
5.388,0.009267263,-0.008004829
5.389,0.009259267,-0.00799583
5.39,0.009251279,-0.00798783
5.391,0.009243301,-0.007977831
5.392,0.009235331,-0.007969831
5.393,0.00922737,-0.007960832
5.394,0.009219418,-0.007951832
5.395,0.009211475,-0.007942833
5.396,0.00920354,-0.007934833
5.397,0.009195615,-0.007924834
5.398,0.009187698,-0.007916835
5.399,0.00917979,-0.007907835
5.4,0.009171891,-0.007898836
5.401,0.009164,-0.007890836
5.402,0.009156119,-0.007880837
5.403,0.009148246,-0.007872837
5.404,0.009140381,-0.007864838
5.405,0.009132526,-0.007854838
5.406,0.009124679,-0.007846839
5.407,0.00911684,-0.007838839
5.408,0.009109011,-0.00782884
5.409,0.00910119,-0.007820841
5.41,0.009093378,-0.007811841
5.411,0.009085574,-0.007803842
5.412,0.009077779,-0.007794842
5.413,0.009069992,-0.007786843
5.414,0.009062214,-0.007777843
5.415,0.009054445,-0.007768844
5.416,0.009046684,-0.007760844
5.417,0.009038932,-0.007751845
5.418,0.009031188,-0.007743845
5.419,0.009023452,-0.007735846
5.42,0.009015726,-0.007725846
5.421,0.009008007,-0.007718847
5.422,0.009000298,-0.007708847
5.423,0.008992596,-0.007701848
5.424,0.008984903,-0.007692848
5.425,0.008977219,-0.007683849
5.426,0.008969543,-0.007675849
5.427,0.008961875,-0.00766785
5.428,0.008954216,-0.00765885
5.429,0.008946565,-0.007650851
5.43,0.008938922,-0.007642851
5.431,0.008931288,-0.007633852
5.432,0.008923662,-0.007625852
5.433,0.008916045,-0.007616853
5.434,0.008908436,-0.007608853
5.435,0.008900835,-0.007600854
5.436,0.008893242,-0.007592854
5.437,0.008885658,-0.007583855
5.438,0.008878082,-0.007575855
5.439,0.008870514,-0.007567856
5.44,0.008862955,-0.007558856
5.441,0.008855404,-0.007550856
5.442,0.008847861,-0.007542857
5.443,0.008840326,-0.007534857
5.444,0.008832799,-0.007526858
5.445,0.008825281,-0.007517858
5.446,0.00881777,-0.007510859
5.447,0.008810268,-0.007501859
5.448,0.008802774,-0.00749386
5.449,0.008795288,-0.00748586
5.45,0.00878781,-0.007477861
5.451,0.008780341,-0.007468861
5.452,0.008772879,-0.007461862
5.453,0.008765426,-0.007452862
5.454,0.00875798,-0.007445862
5.455,0.008750543,-0.007436863
5.456,0.008743114,-0.007428863
5.457,0.008735692,-0.007421864
5.458,0.008728279,-0.007412864
5.459,0.008720874,-0.007404865
5.46,0.008713477,-0.007396865
5.461,0.008706087,-0.007389865
5.462,0.008698706,-0.007380866
5.463,0.008691333,-0.007372866
5.464,0.008683967,-0.007365867
5.465,0.00867661,-0.007356867
5.466,0.00866926,-0.007349868
5.467,0.008661919,-0.007340868
5.468,0.008654585,-0.007333869
5.469,0.008647259,-0.007325869
5.47,0.008639941,-0.007317869
5.471,0.008632631,-0.00730987
5.472,0.008625329,-0.00730187
5.473,0.008618035,-0.007293871
5.474,0.008610748,-0.007286871
5.475,0.008603469,-0.007278871
5.476,0.008596199,-0.007269872
5.477,0.008588935,-0.007263872
5.478,0.00858168,-0.007254873
5.479,0.008574432,-0.007247873
5.48,0.008567193,-0.007238874
5.481,0.008559961,-0.007231874
5.482,0.008552736,-0.007224874
5.483,0.00854552,-0.007215875
5.484,0.008538311,-0.007208875
5.485,0.008531109,-0.007201875
5.486,0.008523916,-0.007192876
5.487,0.00851673,-0.007185876
5.488,0.008509552,-0.007177877
5.489,0.008502381,-0.007170877
5.49,0.008495219,-0.007161878
5.491,0.008488063,-0.007155878
5.492,0.008480916,-0.007146878
5.493,0.008473776,-0.007139879
5.494,0.008466643,-0.007132879
5.495,0.008459518,-0.007124879
5.496,0.008452401,-0.00711688
5.497,0.008445291,-0.00710988
5.498,0.008438189,-0.007101881
5.499,0.008431095,-0.007093881
5.5,0.008424008,-0.007086881
5.501,0.008416928,-0.007079882
5.502,0.008409856,-0.007071882
5.503,0.008402791,-0.007064882
5.504,0.008395734,-0.007056883
5.505,0.008388685,-0.007048883
5.506,0.008381643,-0.007041884
5.507,0.008374608,-0.007034884
5.508,0.008367581,-0.007026884
5.509,0.008360561,-0.007019885
5.51,0.008353549,-0.007011885
5.511,0.008346544,-0.007004885
5.512,0.008339546,-0.006997886
5.513,0.008332556,-0.006989886
5.514,0.008325573,-0.006982887
5.515,0.008318597,-0.006975887
5.516,0.008311629,-0.006967887
5.517,0.008304668,-0.006960888
5.518,0.008297715,-0.006952888
5.519,0.008290769,-0.006945888
5.52,0.00828383,-0.006938889
5.521,0.008276898,-0.006931889
5.522,0.008269974,-0.006923889
5.523,0.008263057,-0.00691689
5.524,0.008256147,-0.00690989
5.525,0.008249245,-0.00690189
5.526,0.00824235,-0.006894891
5.527,0.008235462,-0.006887891
5.528,0.008228581,-0.006880891
5.529,0.008221708,-0.006872892
5.53,0.008214841,-0.006866892
5.531,0.008207982,-0.006858892
5.532,0.00820113,-0.006851893
5.533,0.008194285,-0.006844893
5.534,0.008187448,-0.006836893
5.535,0.008180617,-0.006830894
5.536,0.008173794,-0.006822894
5.537,0.008166977,-0.006816894
5.538,0.008160168,-0.006808895
5.539,0.008153366,-0.006801895
5.54,0.008146571,-0.006794895
5.541,0.008139783,-0.006787896
5.542,0.008133003,-0.006779896
5.543,0.008126229,-0.006773896
5.544,0.008119462,-0.006766897
5.545,0.008112703,-0.006758897
5.546,0.00810595,-0.006752897
5.547,0.008099204,-0.006745898
5.548,0.008092466,-0.006737898
5.549,0.008085734,-0.006731898
5.55,0.00807901,-0.006723899
5.551,0.008072292,-0.006717899
5.552,0.008065582,-0.006709899
5.553,0.008058878,-0.0067039
5.554,0.008052181,-0.0066969
5.555,0.008045492,-0.0066889
5.556,0.008038809,-0.006682901
5.557,0.008032133,-0.006675901
5.558,0.008025464,-0.006668901
5.559,0.008018802,-0.006661901
5.56,0.008012146,-0.006655902
5.561,0.008005498,-0.006647902
5.562,0.007998857,-0.006640902
5.563,0.007992222,-0.006634903
5.564,0.007985594,-0.006627903
5.565,0.007978973,-0.006620903
5.566,0.007972359,-0.006613904
5.567,0.007965752,-0.006606904
5.568,0.007959152,-0.006599904
5.569,0.007952558,-0.006593904
5.57,0.007945971,-0.006586905
5.571,0.007939391,-0.006579905
5.572,0.007932818,-0.006572905
5.573,0.007926251,-0.006566906
5.574,0.007919691,-0.006559906
5.575,0.007913138,-0.006552906
5.576,0.007906592,-0.006545907
5.577,0.007900052,-0.006539907
5.578,0.007893519,-0.006532907
5.579,0.007886993,-0.006525907
5.58,0.007880474,-0.006518908
5.581,0.007873961,-0.006512908
5.582,0.007867455,-0.006505908
5.583,0.007860955,-0.006499908
5.584,0.007854463,-0.006491909
5.585,0.007847976,-0.006486909
5.586,0.007841497,-0.006478909
5.587,0.007835024,-0.00647291
5.588,0.007828558,-0.00646591
5.589,0.007822098,-0.00645991
5.59,0.007815645,-0.00645291
5.591,0.007809198,-0.006446911
5.592,0.007802758,-0.006439911
5.593,0.007796325,-0.006432911
5.594,0.007789898,-0.006426912
5.595,0.007783478,-0.006419912
5.596,0.007777064,-0.006413912
5.597,0.007770657,-0.006406912
5.598,0.007764256,-0.006400913
5.599,0.007757862,-0.006393913
5.6,0.007751475,-0.006386913
5.601,0.007745093,-0.006381913
5.602,0.007738719,-0.006373914
5.603,0.007732351,-0.006367914
5.604,0.007725989,-0.006361914
5.605,0.007719634,-0.006354914
5.606,0.007713285,-0.006348915
5.607,0.007706942,-0.006342915
5.608,0.007700606,-0.006335915
5.609,0.007694277,-0.006328915
5.61,0.007687954,-0.006322916
5.611,0.007681637,-0.006316916
5.612,0.007675327,-0.006309916
5.613,0.007669023,-0.006303916
5.614,0.007662725,-0.006297917
5.615,0.007656434,-0.006290917
5.616,0.007650149,-0.006284917
5.617,0.007643871,-0.006277918
5.618,0.007637599,-0.006271918
5.619,0.007631333,-0.006265918
5.62,0.007625073,-0.006259918
5.621,0.00761882,-0.006252919
5.622,0.007612573,-0.006246919
5.623,0.007606333,-0.006239919
5.624,0.007600098,-0.006234919
5.625,0.00759387,-0.006227919
5.626,0.007587649,-0.00622092
5.627,0.007581433,-0.00621592
5.628,0.007575224,-0.00620892
5.629,0.007569021,-0.00620292
5.63,0.007562824,-0.006196921
5.631,0.007556634,-0.006189921
5.632,0.007550449,-0.006184921
5.633,0.007544271,-0.006177921
5.634,0.007538099,-0.006171922
5.635,0.007531933,-0.006165922
5.636,0.007525774,-0.006158922
5.637,0.007519621,-0.006152922
5.638,0.007513473,-0.006147923
5.639,0.007507332,-0.006140923
5.64,0.007501197,-0.006134923
5.641,0.007495069,-0.006127923
5.642,0.007488946,-0.006122923
5.643,0.00748283,-0.006115924
5.644,0.007476719,-0.006110924
5.645,0.007470615,-0.006103924
5.646,0.007464517,-0.006097924
5.647,0.007458425,-0.006091925
5.648,0.007452338,-0.006086925
5.649,0.007446259,-0.006078925
5.65,0.007440185,-0.006073925
5.651,0.007434117,-0.006067926
5.652,0.007428055,-0.006061926
5.653,0.007421999,-0.006055926
5.654,0.00741595,-0.006048926
5.655,0.007409906,-0.006043926
5.656,0.007403868,-0.006037927
5.657,0.007397836,-0.006031927
5.658,0.007391811,-0.006024927
5.659,0.007385791,-0.006019927
5.66,0.007379777,-0.006013927
5.661,0.00737377,-0.006006928
5.662,0.007367768,-0.006001928
5.663,0.007361772,-0.005995928
5.664,0.007355782,-0.005989928
5.665,0.007349798,-0.005983929
5.666,0.00734382,-0.005977929
5.667,0.007337848,-0.005971929
5.668,0.007331882,-0.005965929
5.669,0.007325922,-0.005959929
5.67,0.007319967,-0.00595493
5.671,0.007314019,-0.00594793
5.672,0.007308076,-0.00594293
5.673,0.007302139,-0.00593693
5.674,0.007296208,-0.00593093
5.675,0.007290283,-0.005924931
5.676,0.007284364,-0.005918931
5.677,0.007278451,-0.005912931
5.678,0.007272544,-0.005906931
5.679,0.007266642,-0.005901931
5.68,0.007260746,-0.005895932
5.681,0.007254856,-0.005889932
5.682,0.007248972,-0.005883932
5.683,0.007243093,-0.005878932
5.684,0.007237221,-0.005871933
5.685,0.007231354,-0.005866933
5.686,0.007225493,-0.005860933
5.687,0.007219638,-0.005854933
5.688,0.007213788,-0.005849933
5.689,0.007207944,-0.005843933
5.69,0.007202106,-0.005837934
5.691,0.007196274,-0.005831934
5.692,0.007190447,-0.005826934
5.693,0.007184626,-0.005820934
5.694,0.007178811,-0.005814934
5.695,0.007173002,-0.005808935
5.696,0.007167198,-0.005803935
5.697,0.0071614,-0.005797935
5.698,0.007155607,-0.005792935
5.699,0.007149821,-0.005785935
5.7,0.00714404,-0.005780936
5.701,0.007138264,-0.005775936
5.702,0.007132494,-0.005769936
5.703,0.00712673,-0.005763936
5.704,0.007120972,-0.005757936
5.705,0.007115219,-0.005752937
5.706,0.007109472,-0.005746937
5.707,0.00710373,-0.005741937
5.708,0.007097994,-0.005735937
5.709,0.007092264,-0.005729937
5.71,0.007086539,-0.005724937
5.711,0.007080819,-0.005719938
5.712,0.007075106,-0.005712938
5.713,0.007069398,-0.005707938
5.714,0.007063695,-0.005702938
5.715,0.007057998,-0.005696938
5.716,0.007052307,-0.005690939
5.717,0.007046621,-0.005685939
5.718,0.00704094,-0.005680939
5.719,0.007035265,-0.005674939
5.72,0.007029596,-0.005668939
5.721,0.007023932,-0.005663939
5.722,0.007018274,-0.00565794
5.723,0.007012621,-0.00565294
5.724,0.007006974,-0.00564694
5.725,0.007001332,-0.00564194
5.726,0.006995696,-0.00563594
5.727,0.006990065,-0.00563094
5.728,0.006984439,-0.005625941
5.729,0.006978819,-0.005619941
5.73,0.006973205,-0.005613941
5.731,0.006967595,-0.005609941
5.732,0.006961992,-0.005602941
5.733,0.006956393,-0.005598941
5.734,0.0069508,-0.005592942
5.735,0.006945213,-0.005586942
5.736,0.006939631,-0.005581942
5.737,0.006934054,-0.005576942
5.738,0.006928483,-0.005570942
5.739,0.006922917,-0.005565943
5.74,0.006917357,-0.005559943
5.741,0.006911801,-0.005555943
5.742,0.006906252,-0.005548943
5.743,0.006900707,-0.005544943
5.744,0.006895168,-0.005538943
5.745,0.006889634,-0.005533944
5.746,0.006884106,-0.005527944
5.747,0.006878583,-0.005522944
5.748,0.006873065,-0.005517944
5.749,0.006867553,-0.005511944
5.75,0.006862046,-0.005506944
5.751,0.006856544,-0.005501944
5.752,0.006851047,-0.005496945
5.753,0.006845556,-0.005490945
5.754,0.00684007,-0.005485945
5.755,0.006834589,-0.005480945
5.756,0.006829114,-0.005474945
5.757,0.006823643,-0.005470945
5.758,0.006818178,-0.005464946
5.759,0.006812719,-0.005458946
5.76,0.006807264,-0.005454946
5.761,0.006801815,-0.005448946
5.762,0.006796371,-0.005443946
5.763,0.006790932,-0.005438946
5.764,0.006785499,-0.005432947
5.765,0.00678007,-0.005428947
5.766,0.006774647,-0.005422947
5.767,0.006769229,-0.005417947
5.768,0.006763816,-0.005412947
5.769,0.006758409,-0.005406947
5.77,0.006753006,-0.005402947
5.771,0.006747609,-0.005396948
5.772,0.006742217,-0.005391948
5.773,0.00673683,-0.005386948
5.774,0.006731448,-0.005381948
5.775,0.006726071,-0.005376948
5.776,0.006720699,-0.005371948
5.777,0.006715333,-0.005365948
5.778,0.006709972,-0.005360949
5.779,0.006704615,-0.005356949
5.78,0.006699264,-0.005350949
5.781,0.006693918,-0.005345949
5.782,0.006688577,-0.005340949
5.783,0.006683242,-0.005334949
5.784,0.006677911,-0.005330949
5.785,0.006672585,-0.00532595
5.786,0.006667265,-0.00531995
5.787,0.006661949,-0.00531595
5.788,0.006656639,-0.00530995
5.789,0.006651333,-0.00530595
5.79,0.006646033,-0.00529995
5.791,0.006640737,-0.00529595
5.792,0.006635447,-0.005289951
5.793,0.006630162,-0.005284951
5.794,0.006624881,-0.005280951
5.795,0.006619606,-0.005274951
5.796,0.006614336,-0.005269951
5.797,0.00660907,-0.005265951
5.798,0.00660381,-0.005259951
5.799,0.006598555,-0.005254952
5.8,0.006593305,-0.005249952
5.801,0.006588059,-0.005245952
5.802,0.006582819,-0.005239952
5.803,0.006577583,-0.005235952
5.804,0.006572353,-0.005229952
5.805,0.006567127,-0.005225952
5.806,0.006561907,-0.005219953
5.807,0.006556691,-0.005215953
5.808,0.006551481,-0.005209953
5.809,0.006546275,-0.005205953
5.81,0.006541074,-0.005200953
5.811,0.006535878,-0.005195953
5.812,0.006530687,-0.005190953
5.813,0.006525501,-0.005185954
5.814,0.00652032,-0.005180954
5.815,0.006515143,-0.005176954
5.816,0.006509972,-0.005170954
5.817,0.006504805,-0.005166954
5.818,0.006499643,-0.005161954
5.819,0.006494487,-0.005155954
5.82,0.006489335,-0.005151954
5.821,0.006484187,-0.005147955
5.822,0.006479045,-0.005141955
5.823,0.006473908,-0.005136955
5.824,0.006468775,-0.005132955
5.825,0.006463647,-0.005127955
5.826,0.006458524,-0.005122955
5.827,0.006453406,-0.005117955
5.828,0.006448293,-0.005112955
5.829,0.006443184,-0.005108956
5.83,0.00643808,-0.005103956
5.831,0.006432981,-0.005098956
5.832,0.006427887,-0.005093956
5.833,0.006422798,-0.005088956
5.834,0.006417713,-0.005084956
5.835,0.006412634,-0.005078956
5.836,0.006407558,-0.005075956
5.837,0.006402488,-0.005069957
5.838,0.006397423,-0.005064957
5.839,0.006392362,-0.005060957
5.84,0.006387306,-0.005055957
5.841,0.006382254,-0.005051957
5.842,0.006377208,-0.005045957
5.843,0.006372166,-0.005041957
5.844,0.006367129,-0.005036957
5.845,0.006362096,-0.005032958
5.846,0.006357069,-0.005026958
5.847,0.006352046,-0.005022958
5.848,0.006347027,-0.005018958
5.849,0.006342014,-0.005012958
5.85,0.006337005,-0.005008958
5.851,0.006332,-0.005004958
5.852,0.006327001,-0.004998958
5.853,0.006322006,-0.004994958
5.854,0.006317016,-0.004989959
5.855,0.00631203,-0.004985959
5.856,0.006307049,-0.004980959
5.857,0.006302073,-0.004975959
5.858,0.006297101,-0.004971959
5.859,0.006292134,-0.004966959
5.86,0.006287172,-0.004961959
5.861,0.006282214,-0.004957959
5.862,0.006277261,-0.004952959
5.863,0.006272312,-0.00494896
5.864,0.006267368,-0.00494396
5.865,0.006262429,-0.00493896
5.866,0.006257494,-0.00493496
5.867,0.006252564,-0.00492996
5.868,0.006247638,-0.00492596
5.869,0.006242717,-0.00492096
5.87,0.006237801,-0.00491596
5.871,0.006232889,-0.00491196
5.872,0.006227982,-0.004906961
5.873,0.006223079,-0.004902961
5.874,0.006218181,-0.004897961
5.875,0.006213287,-0.004893961
5.876,0.006208398,-0.004888961
5.877,0.006203514,-0.004883961
5.878,0.006198634,-0.004879961
5.879,0.006193758,-0.004875961
5.88,0.006188887,-0.004870961
5.881,0.006184021,-0.004865962
5.882,0.006179159,-0.004861962
5.883,0.006174301,-0.004857962
5.884,0.006169448,-0.004852962
5.885,0.0061646,-0.004847962
5.886,0.006159756,-0.004843962
5.887,0.006154917,-0.004838962
5.888,0.006150082,-0.004834962
5.889,0.006145251,-0.004830962
5.89,0.006140425,-0.004825963
5.891,0.006135603,-0.004821963
5.892,0.006130786,-0.004816963
5.893,0.006125974,-0.004811963
5.894,0.006121165,-0.004808963
5.895,0.006116362,-0.004802963
5.896,0.006111562,-0.004799963
5.897,0.006106767,-0.004794963
5.898,0.006101977,-0.004789963
5.899,0.006097191,-0.004785963
5.9,0.006092409,-0.004781964
5.901,0.006087632,-0.004776964
5.902,0.006082859,-0.004772964
5.903,0.006078091,-0.004767964
5.904,0.006073327,-0.004763964
5.905,0.006068567,-0.004759964
5.906,0.006063812,-0.004754964
5.907,0.006059061,-0.004750964
5.908,0.006054315,-0.004745964
5.909,0.006049573,-0.004741964
5.91,0.006044835,-0.004737965
5.911,0.006040101,-0.004733965
5.912,0.006035372,-0.004728965
5.913,0.006030648,-0.004723965
5.914,0.006025927,-0.004720965
5.915,0.006021211,-0.004715965
5.916,0.0060165,-0.004710965
5.917,0.006011792,-0.004707965
5.918,0.006007089,-0.004702965
5.919,0.006002391,-0.004697965
5.92,0.005997696,-0.004694966
5.921,0.005993006,-0.004689966
5.922,0.005988321,-0.004684966
5.923,0.005983639,-0.004681966
5.924,0.005978962,-0.004676966
5.925,0.005974289,-0.004672966
5.926,0.005969621,-0.004667966
5.927,0.005964956,-0.004664966
5.928,0.005960296,-0.004659966
5.929,0.005955641,-0.004654966
5.93,0.005950989,-0.004651966
5.931,0.005946342,-0.004646967
5.932,0.005941699,-0.004642967
5.933,0.00593706,-0.004638967
5.934,0.005932426,-0.004633967
5.935,0.005927796,-0.004629967
5.936,0.00592317,-0.004625967
5.937,0.005918548,-0.004621967
5.938,0.005913931,-0.004616967
5.939,0.005909317,-0.004613967
5.94,0.005904708,-0.004608967
5.941,0.005900104,-0.004603967
5.942,0.005895503,-0.004600968
5.943,0.005890906,-0.004596968
5.944,0.005886314,-0.004591968
5.945,0.005881726,-0.004587968
5.946,0.005877142,-0.004583968
5.947,0.005872563,-0.004578968
5.948,0.005867987,-0.004575968
5.949,0.005863416,-0.004570968
5.95,0.005858849,-0.004566968
5.951,0.005854286,-0.004562968
5.952,0.005849727,-0.004558968
5.953,0.005845173,-0.004553969
5.954,0.005840622,-0.004550969
5.955,0.005836076,-0.004545969
5.956,0.005831534,-0.004541969
5.957,0.005826996,-0.004537969
5.958,0.005822462,-0.004533969
5.959,0.005817932,-0.004529969
5.96,0.005813406,-0.004525969
5.961,0.005808885,-0.004520969
5.962,0.005804368,-0.004516969
5.963,0.005799854,-0.004513969
5.964,0.005795345,-0.004508969
5.965,0.00579084,-0.00450497
5.966,0.005786339,-0.00450097
5.967,0.005781842,-0.00449697
5.968,0.005777349,-0.00449297
5.969,0.005772861,-0.00448797
5.97,0.005768376,-0.00448497
5.971,0.005763895,-0.00448097
5.972,0.005759419,-0.00447597
5.973,0.005754947,-0.00447197
5.974,0.005750478,-0.00446897
5.975,0.005746014,-0.00446397
5.976,0.005741554,-0.00445997
5.977,0.005737098,-0.004455971
5.978,0.005732645,-0.004452971
5.979,0.005728197,-0.004447971
5.98,0.005723753,-0.004443971
5.981,0.005719313,-0.004439971
5.982,0.005714877,-0.004435971
5.983,0.005710445,-0.004431971
5.984,0.005706017,-0.004427971
5.985,0.005701593,-0.004423971
5.986,0.005697173,-0.004419971
5.987,0.005692757,-0.004415971
5.988,0.005688346,-0.004410971
5.989,0.005683938,-0.004407971
5.99,0.005679534,-0.004403972
5.991,0.005675134,-0.004399972
5.992,0.005670738,-0.004395972
5.993,0.005666346,-0.004391972
5.994,0.005661958,-0.004387972
5.995,0.005657574,-0.004383972
5.996,0.005653194,-0.004379972
5.997,0.005648817,-0.004376972
5.998,0.005644445,-0.004371972
5.999,0.005640077,-0.004367972
6,0.005635713,-0.004363972
